2026-04-03 12:38:00,625 [INFO] [MainThread] [root/log.py:99]: YASB v1.9.1
2026-04-03 12:38:00,626 [INFO] [CLIPipeServer] [cli_server/cli_server.py:215]: CLI server started v1.1.6
2026-04-03 12:38:00,626 [INFO] [MainThread] [cli_server/cli_server.py:106]: Log pipe server started
2026-04-03 12:38:00,789 [INFO] [MainThread] [root/config.py:59]: Created default config file at C:\Users\mathe\.config\yasb\config.yaml
2026-04-03 12:38:00,814 [INFO] [MainThread] [root/config.py:73]: Created default stylesheet at C:\Users\mathe\.config\yasb\styles.css
2026-04-03 12:38:01,850 [INFO] [MainThread] [root/service.py:41]: AudioInputService starting...
2026-04-03 12:38:01,914 [INFO] [MainThread] [root/service.py:52]: AudioOutputService starting...
2026-04-03 12:38:02,013 [INFO] [MainThread] [root/bar_manager.py:95]: Starting WindowsNotificationEventListener...
2026-04-03 12:38:02,013 [INFO] [MainThread] [root/bar_manager.py:95]: Starting SystemEventListener...
2026-04-03 12:38:02,014 [INFO] [MainThread] [root/bar_manager.py:95]: Starting KomorebiEventListener...
2026-04-03 12:38:02,014 [INFO] [MainThread] [root/watcher.py:65]: Watching directory: c:\users\mathe\.config\yasb
2026-04-03 12:38:02,015 [INFO] [MainThread] [root/watcher.py:104]: Created file watcher
2026-04-03 12:38:02,016 [INFO] [Dummy-7] [root/event_listener.py:55]: Created named pipe yasb-197696da-2f73-11f1-8fea-b42e99f04de0
2026-04-03 12:38:02,339 [INFO] [MainThread] [root/update_service.py:429]: Background update checker started
2026-04-03 12:38:02,372 [INFO] [Dummy-7] [root/event_listener.py:149]: Komorebi connected to named pipe: yasb-197696da-2f73-11f1-8fea-b42e99f04de0
2026-04-03 12:38:02,415 [INFO] [MainThread] [root/open_meteo.py:138]: No saved location for open_meteo. Awaiting user setup.
2026-04-03 12:41:05,299 [INFO] [MainThread] [root/bar_manager.py:111]: Stopping WindowsNotificationEventListener...
2026-04-03 12:41:05,308 [INFO] [MainThread] [root/bar_manager.py:111]: Stopping SystemEventListener...
2026-04-03 12:41:05,332 [INFO] [MainThread] [root/bar_manager.py:111]: Stopping KomorebiEventListener...
2026-04-03 12:42:26,603 [INFO] [MainThread] [root/log.py:99]: YASB v1.9.1
2026-04-03 12:42:26,605 [INFO] [CLIPipeServer] [cli_server/cli_server.py:215]: CLI server started v1.1.6
2026-04-03 12:42:26,605 [INFO] [MainThread] [cli_server/cli_server.py:106]: Log pipe server started
2026-04-03 12:42:27,933 [INFO] [MainThread] [root/service.py:41]: AudioInputService starting...
2026-04-03 12:42:28,001 [INFO] [MainThread] [root/service.py:52]: AudioOutputService starting...
2026-04-03 12:42:28,118 [INFO] [MainThread] [root/bar_manager.py:95]: Starting WindowsNotificationEventListener...
2026-04-03 12:42:28,118 [INFO] [MainThread] [root/bar_manager.py:95]: Starting SystemEventListener...
2026-04-03 12:42:28,118 [INFO] [MainThread] [root/bar_manager.py:95]: Starting KomorebiEventListener...
2026-04-03 12:42:28,120 [INFO] [MainThread] [root/watcher.py:65]: Watching directory: c:\users\mathe\.config\yasb
2026-04-03 12:42:28,120 [INFO] [MainThread] [root/watcher.py:104]: Created file watcher
2026-04-03 12:42:28,120 [INFO] [Dummy-7] [root/event_listener.py:55]: Created named pipe yasb-b812f36e-2f73-11f1-aff0-b42e99f04de0
2026-04-03 12:42:28,469 [INFO] [MainThread] [root/update_service.py:429]: Background update checker started
2026-04-03 12:42:28,510 [INFO] [Dummy-7] [root/event_listener.py:149]: Komorebi connected to named pipe: yasb-b812f36e-2f73-11f1-aff0-b42e99f04de0
2026-04-03 12:42:28,524 [INFO] [MainThread] [root/open_meteo.py:138]: No saved location for open_meteo. Awaiting user setup.
2026-04-03 12:43:41,032 [INFO] [MainThread] [root/log.py:99]: YASB v1.9.1
2026-04-03 12:43:41,033 [INFO] [CLIPipeServer] [cli_server/cli_server.py:215]: CLI server started v1.1.6
2026-04-03 12:43:41,033 [INFO] [MainThread] [cli_server/cli_server.py:106]: Log pipe server started
2026-04-03 12:43:41,033 [ERROR] [MainThread] [root/main.py:75]: Another instance of the YASB is already running.
2026-04-03 12:43:46,573 [INFO] [MainThread] [root/log.py:99]: YASB v1.9.1
2026-04-03 12:43:46,574 [INFO] [CLIPipeServer] [cli_server/cli_server.py:215]: CLI server started v1.1.6
2026-04-03 12:43:46,574 [INFO] [MainThread] [cli_server/cli_server.py:106]: Log pipe server started
2026-04-03 12:43:46,574 [ERROR] [MainThread] [root/main.py:75]: Another instance of the YASB is already running.
2026-04-03 12:49:35,535 [INFO] [MainThread] [root/log.py:99]: YASB v1.9.1
2026-04-03 12:49:35,535 [INFO] [CLIPipeServer] [cli_server/cli_server.py:215]: CLI server started v1.1.6
2026-04-03 12:49:35,535 [INFO] [MainThread] [cli_server/cli_server.py:106]: Log pipe server started
2026-04-03 12:49:35,536 [ERROR] [MainThread] [root/main.py:75]: Another instance of the YASB is already running.
2026-04-03 12:50:03,444 [WARNING] [Dummy-7] [root/event_listener.py:96]: Pipe has been ended: (109, 'PeekNamedPipe', 'O pipe foi finalizado.')
2026-04-03 12:50:03,444 [INFO] [Dummy-7] [root/event_listener.py:108]: Attempting to reconnect to Komorebi...
2026-04-03 12:50:06,460 [INFO] [Dummy-7] [root/event_listener.py:55]: Created named pipe yasb-b812f36e-2f73-11f1-aff0-b42e99f04de0
2026-04-03 12:50:46,521 [INFO] [MainThread] [root/log.py:99]: YASB v1.9.1
2026-04-03 12:50:46,521 [INFO] [CLIPipeServer] [cli_server/cli_server.py:215]: CLI server started v1.1.6
2026-04-03 12:50:46,522 [INFO] [MainThread] [cli_server/cli_server.py:106]: Log pipe server started
2026-04-03 12:50:47,280 [INFO] [MainThread] [root/service.py:41]: AudioInputService starting...
2026-04-03 12:50:47,338 [INFO] [MainThread] [root/service.py:52]: AudioOutputService starting...
2026-04-03 12:50:47,429 [INFO] [MainThread] [root/bar_manager.py:95]: Starting WindowsNotificationEventListener...
2026-04-03 12:50:47,429 [INFO] [MainThread] [root/bar_manager.py:95]: Starting SystemEventListener...
2026-04-03 12:50:47,429 [INFO] [MainThread] [root/bar_manager.py:95]: Starting KomorebiEventListener...
2026-04-03 12:50:47,430 [INFO] [MainThread] [root/watcher.py:65]: Watching directory: c:\users\mathe\.config\yasb
2026-04-03 12:50:47,430 [INFO] [MainThread] [root/watcher.py:104]: Created file watcher
2026-04-03 12:50:47,721 [INFO] [Dummy-7] [root/event_listener.py:55]: Created named pipe yasb-e1afb094-2f74-11f1-8daa-b42e99f04de0
2026-04-03 12:50:47,745 [INFO] [MainThread] [root/update_service.py:429]: Background update checker started
2026-04-03 12:50:47,770 [INFO] [MainThread] [root/open_meteo.py:138]: No saved location for open_meteo. Awaiting user setup.
2026-04-03 12:50:47,806 [INFO] [Dummy-7] [root/event_listener.py:149]: Komorebi connected to named pipe: yasb-e1afb094-2f74-11f1-8daa-b42e99f04de0
2026-04-03 13:06:18,100 [INFO] [MainThread] [root/bar_manager.py:111]: Stopping WindowsNotificationEventListener...
2026-04-03 13:06:18,106 [INFO] [MainThread] [root/bar_manager.py:111]: Stopping SystemEventListener...
2026-04-03 13:06:18,135 [INFO] [MainThread] [root/bar_manager.py:111]: Stopping KomorebiEventListener...
2026-04-03 13:09:57,497 [INFO] [MainThread] [root/log.py:99]: YASB v1.9.1
2026-04-03 13:09:57,498 [INFO] [CLIPipeServer] [cli_server/cli_server.py:215]: CLI server started v1.1.6
2026-04-03 13:09:57,498 [INFO] [MainThread] [cli_server/cli_server.py:106]: Log pipe server started
2026-04-03 13:09:58,783 [INFO] [MainThread] [root/service.py:41]: AudioInputService starting...
2026-04-03 13:09:58,850 [INFO] [MainThread] [root/service.py:52]: AudioOutputService starting...
2026-04-03 13:09:58,970 [INFO] [MainThread] [root/bar_manager.py:95]: Starting SystemEventListener...
2026-04-03 13:09:58,971 [INFO] [MainThread] [root/bar_manager.py:95]: Starting WindowsNotificationEventListener...
2026-04-03 13:09:58,971 [INFO] [MainThread] [root/bar_manager.py:95]: Starting KomorebiEventListener...
2026-04-03 13:09:58,972 [INFO] [MainThread] [root/watcher.py:65]: Watching directory: c:\users\mathe\.config\yasb
2026-04-03 13:09:58,972 [INFO] [MainThread] [root/watcher.py:104]: Created file watcher
2026-04-03 13:09:58,974 [INFO] [Dummy-7] [root/event_listener.py:55]: Created named pipe yasb-900f12c5-2f77-11f1-b518-b42e99f04de0
2026-04-03 13:09:59,318 [INFO] [MainThread] [root/update_service.py:429]: Background update checker started
2026-04-03 13:09:59,355 [INFO] [Dummy-7] [root/event_listener.py:149]: Komorebi connected to named pipe: yasb-900f12c5-2f77-11f1-b518-b42e99f04de0
2026-04-03 13:09:59,367 [INFO] [MainThread] [root/open_meteo.py:138]: No saved location for open_meteo. Awaiting user setup.
2026-04-03 13:23:02,035 [INFO] [MainThread] [root/bar_manager.py:111]: Stopping SystemEventListener...
2026-04-03 13:23:02,104 [INFO] [MainThread] [root/bar_manager.py:111]: Stopping WindowsNotificationEventListener...
2026-04-03 13:23:02,107 [INFO] [MainThread] [root/bar_manager.py:111]: Stopping KomorebiEventListener...
2026-04-03 13:24:26,582 [INFO] [MainThread] [root/log.py:99]: YASB v1.9.1
2026-04-03 13:24:26,583 [INFO] [CLIPipeServer] [cli_server/cli_server.py:215]: CLI server started v1.1.6
2026-04-03 13:24:26,584 [INFO] [MainThread] [cli_server/cli_server.py:106]: Log pipe server started
2026-04-03 13:24:27,891 [INFO] [MainThread] [root/service.py:41]: AudioInputService starting...
2026-04-03 13:24:27,954 [INFO] [MainThread] [root/service.py:52]: AudioOutputService starting...
2026-04-03 13:24:28,054 [INFO] [MainThread] [root/bar_manager.py:95]: Starting SystemEventListener...
2026-04-03 13:24:28,054 [INFO] [MainThread] [root/bar_manager.py:95]: Starting WindowsNotificationEventListener...
2026-04-03 13:24:28,054 [INFO] [MainThread] [root/bar_manager.py:95]: Starting KomorebiEventListener...
2026-04-03 13:24:28,055 [INFO] [MainThread] [root/watcher.py:65]: Watching directory: c:\users\mathe\.config\yasb
2026-04-03 13:24:28,055 [INFO] [MainThread] [root/watcher.py:104]: Created file watcher
2026-04-03 13:24:28,321 [INFO] [Dummy-7] [root/event_listener.py:55]: Created named pipe yasb-9612a7da-2f79-11f1-8020-b42e99f04de0
2026-04-03 13:24:28,339 [INFO] [MainThread] [root/update_service.py:429]: Background update checker started
2026-04-03 13:24:28,386 [INFO] [MainThread] [root/open_meteo.py:138]: No saved location for open_meteo. Awaiting user setup.
2026-04-03 13:24:28,673 [INFO] [Dummy-7] [root/event_listener.py:149]: Komorebi connected to named pipe: yasb-9612a7da-2f79-11f1-8020-b42e99f04de0
2026-04-03 13:40:42,024 [INFO] [MainThread] [root/log.py:99]: YASB v1.9.1
2026-04-03 13:40:42,024 [INFO] [CLIPipeServer] [cli_server/cli_server.py:215]: CLI server started v1.1.6
2026-04-03 13:40:42,025 [INFO] [MainThread] [cli_server/cli_server.py:106]: Log pipe server started
2026-04-03 13:40:42,025 [ERROR] [MainThread] [root/main.py:75]: Another instance of the YASB is already running.
2026-04-03 13:41:19,507 [INFO] [MainThread] [root/log.py:99]: YASB v1.9.1
2026-04-03 13:41:19,507 [INFO] [CLIPipeServer] [cli_server/cli_server.py:215]: CLI server started v1.1.6
2026-04-03 13:41:19,508 [INFO] [MainThread] [cli_server/cli_server.py:106]: Log pipe server started
2026-04-03 13:41:19,508 [ERROR] [MainThread] [root/main.py:75]: Another instance of the YASB is already running.
2026-04-03 13:41:44,552 [INFO] [MainThread] [root/log.py:99]: YASB v1.9.1
2026-04-03 13:41:44,553 [INFO] [CLIPipeServer] [cli_server/cli_server.py:215]: CLI server started v1.1.6
2026-04-03 13:41:44,553 [INFO] [MainThread] [cli_server/cli_server.py:106]: Log pipe server started
2026-04-03 13:41:44,554 [ERROR] [MainThread] [root/main.py:75]: Another instance of the YASB is already running.
2026-04-03 14:03:21,347 [WARNING] [Dummy-7] [root/event_listener.py:96]: Pipe has been ended: (109, 'PeekNamedPipe', 'O pipe foi finalizado.')
2026-04-03 14:03:21,347 [INFO] [Dummy-7] [root/event_listener.py:108]: Attempting to reconnect to Komorebi...
2026-04-03 14:03:24,356 [INFO] [Dummy-7] [root/event_listener.py:55]: Created named pipe yasb-9612a7da-2f79-11f1-8020-b42e99f04de0
2026-04-03 14:10:47,695 [INFO] [MainThread] [root/log.py:99]: YASB v1.9.1
2026-04-03 14:10:47,696 [INFO] [CLIPipeServer] [cli_server/cli_server.py:215]: CLI server started v1.1.6
2026-04-03 14:10:47,696 [INFO] [MainThread] [cli_server/cli_server.py:106]: Log pipe server started
2026-04-03 14:10:48,484 [INFO] [MainThread] [root/service.py:41]: AudioInputService starting...
2026-04-03 14:10:48,541 [INFO] [MainThread] [root/service.py:52]: AudioOutputService starting...
2026-04-03 14:10:48,633 [INFO] [MainThread] [root/bar_manager.py:95]: Starting SystemEventListener...
2026-04-03 14:10:48,633 [INFO] [MainThread] [root/bar_manager.py:95]: Starting WindowsNotificationEventListener...
2026-04-03 14:10:48,634 [INFO] [MainThread] [root/bar_manager.py:95]: Starting KomorebiEventListener...
2026-04-03 14:10:48,635 [INFO] [MainThread] [root/watcher.py:65]: Watching directory: c:\users\mathe\.config\yasb
2026-04-03 14:10:48,635 [INFO] [MainThread] [root/watcher.py:104]: Created file watcher
2026-04-03 14:10:48,635 [INFO] [Dummy-7] [root/event_listener.py:55]: Created named pipe yasb-0f6d6549-2f80-11f1-b094-b42e99f04de0
2026-04-03 14:10:48,894 [INFO] [MainThread] [root/update_service.py:429]: Background update checker started
2026-04-03 14:10:48,929 [INFO] [MainThread] [root/open_meteo.py:138]: No saved location for open_meteo. Awaiting user setup.
2026-04-03 14:10:51,500 [INFO] [MainThread] [root/utilities.py:462]: YASB added to startup
2026-04-03 14:14:09,165 [DEBUG] [Thread-5] [root/watcher.py:90]: Config file modified: c:\users\mathe\.config\yasb\config.yaml
2026-04-03 14:14:09,169 [ERROR] [MainThread] [root/config.py:121]: The config file 'C:\Users\mathe\.config\yasb\config.yaml' contains validation errors. Please fix:
bars:
  main_bar:
    alignment:
    - Input should be a valid dictionary or instance of BarAlignment
    padding:
    - Input should be a valid dictionary or instance of BarPadding
    thickness:
    - Extra inputs are not permitted
    transparent:
    - Extra inputs are not permitted
    background:
    - Extra inputs are not permitted

2026-04-03 14:14:19,172 [INFO] [MainThread] [root/controller.py:21]: Reloading Application from tray...
2026-04-03 14:14:19,277 [INFO] [MainThread] [cli_server/cli_server.py:114]: Log pipe server stopped
2026-04-03 14:14:19,277 [DEBUG] [MainThread] [cli_server/cli_server.py:209]: CLI server stopped
2026-04-03 14:14:19,323 [INFO] [MainThread] [root/bar_manager.py:111]: Stopping SystemEventListener...
2026-04-03 14:14:19,326 [INFO] [MainThread] [root/bar_manager.py:111]: Stopping WindowsNotificationEventListener...
2026-04-03 14:14:19,327 [INFO] [MainThread] [root/bar_manager.py:111]: Stopping KomorebiEventListener...
2026-04-03 14:14:19,656 [INFO] [MainThread] [root/log.py:99]: YASB v1.9.1
2026-04-03 14:14:19,657 [INFO] [CLIPipeServer] [cli_server/cli_server.py:215]: CLI server started v1.1.6
2026-04-03 14:14:19,657 [INFO] [MainThread] [cli_server/cli_server.py:106]: Log pipe server started
2026-04-03 14:14:19,679 [ERROR] [MainThread] [root/config.py:121]: The config file 'C:\Users\mathe\.config\yasb\config.yaml' contains validation errors. Please fix:
bars:
  main_bar:
    alignment:
    - Input should be a valid dictionary or instance of BarAlignment
    padding:
    - Input should be a valid dictionary or instance of BarPadding
    thickness:
    - Extra inputs are not permitted
    transparent:
    - Extra inputs are not permitted
    background:
    - Extra inputs are not permitted

2026-04-03 14:14:19,679 [ERROR] [MainThread] [root/config.py:178]: User config file could not be loaded. Exiting Application.
2026-04-03 14:14:29,284 [INFO] [MainThread] [root/log.py:99]: YASB v1.9.1
2026-04-03 14:14:29,285 [INFO] [CLIPipeServer] [cli_server/cli_server.py:215]: CLI server started v1.1.6
2026-04-03 14:14:29,285 [INFO] [MainThread] [cli_server/cli_server.py:106]: Log pipe server started
2026-04-03 14:14:29,304 [ERROR] [MainThread] [root/config.py:121]: The config file 'C:\Users\mathe\.config\yasb\config.yaml' contains validation errors. Please fix:
bars:
  main_bar:
    alignment:
    - Input should be a valid dictionary or instance of BarAlignment
    padding:
    - Input should be a valid dictionary or instance of BarPadding
    thickness:
    - Extra inputs are not permitted
    transparent:
    - Extra inputs are not permitted
    background:
    - Extra inputs are not permitted

2026-04-03 14:14:29,305 [ERROR] [MainThread] [root/config.py:178]: User config file could not be loaded. Exiting Application.
2026-04-03 14:14:34,854 [INFO] [MainThread] [root/log.py:99]: YASB v1.9.1
2026-04-03 14:14:34,855 [INFO] [CLIPipeServer] [cli_server/cli_server.py:215]: CLI server started v1.1.6
2026-04-03 14:14:34,855 [INFO] [MainThread] [cli_server/cli_server.py:106]: Log pipe server started
2026-04-03 14:14:34,874 [ERROR] [MainThread] [root/config.py:121]: The config file 'C:\Users\mathe\.config\yasb\config.yaml' contains validation errors. Please fix:
bars:
  main_bar:
    alignment:
    - Input should be a valid dictionary or instance of BarAlignment
    padding:
    - Input should be a valid dictionary or instance of BarPadding
    thickness:
    - Extra inputs are not permitted
    transparent:
    - Extra inputs are not permitted
    background:
    - Extra inputs are not permitted

2026-04-03 14:14:34,875 [ERROR] [MainThread] [root/config.py:178]: User config file could not be loaded. Exiting Application.
2026-04-03 14:17:08,475 [INFO] [MainThread] [root/log.py:99]: YASB v1.9.1
2026-04-03 14:17:08,477 [INFO] [CLIPipeServer] [cli_server/cli_server.py:215]: CLI server started v1.1.6
2026-04-03 14:17:08,477 [INFO] [MainThread] [cli_server/cli_server.py:106]: Log pipe server started
2026-04-03 14:17:08,614 [ERROR] [MainThread] [root/config.py:121]: The config file 'C:\Users\mathe\.config\yasb\config.yaml' contains validation errors. Please fix:
bars:
  main_bar:
    alignment:
    - Input should be a valid dictionary or instance of BarAlignment
    padding:
    - Input should be a valid dictionary or instance of BarPadding
    thickness:
    - Extra inputs are not permitted
    transparent:
    - Extra inputs are not permitted
    background:
    - Extra inputs are not permitted

2026-04-03 14:17:08,622 [ERROR] [MainThread] [root/config.py:178]: User config file could not be loaded. Exiting Application.
2026-04-03 14:19:40,539 [INFO] [MainThread] [root/log.py:99]: YASB v1.9.1
2026-04-03 14:19:40,539 [INFO] [CLIPipeServer] [cli_server/cli_server.py:215]: CLI server started v1.1.6
2026-04-03 14:19:40,539 [INFO] [MainThread] [cli_server/cli_server.py:106]: Log pipe server started
2026-04-03 14:19:40,688 [WARNING] [MainThread] [root/widget_builder.py:40]: No widget config could be found for widget 'komorebi_workspaces
2026-04-03 14:19:40,688 [WARNING] [MainThread] [root/widget_builder.py:40]: No widget config could be found for widget 'komorebi_active_layout
2026-04-03 14:19:40,689 [WARNING] [MainThread] [root/widget_builder.py:40]: No widget config could be found for widget 'taskbar
2026-04-03 14:19:40,689 [WARNING] [MainThread] [root/widget_builder.py:40]: No widget config could be found for widget 'clock
2026-04-03 14:19:40,899 [WARNING] [MainThread] [root/widget_builder.py:40]: No widget config could be found for widget 'open_meteo
2026-04-03 14:19:40,899 [WARNING] [MainThread] [root/widget_builder.py:40]: No widget config could be found for widget 'wifi
2026-04-03 14:19:40,899 [WARNING] [MainThread] [root/widget_builder.py:40]: No widget config could be found for widget 'microphone
2026-04-03 14:19:40,899 [WARNING] [MainThread] [root/widget_builder.py:40]: No widget config could be found for widget 'volume
2026-04-03 14:19:40,899 [WARNING] [MainThread] [root/widget_builder.py:40]: No widget config could be found for widget 'systray
2026-04-03 14:19:40,899 [WARNING] [MainThread] [root/widget_builder.py:40]: No widget config could be found for widget 'notifications
2026-04-03 14:19:40,899 [WARNING] [MainThread] [root/widget_builder.py:40]: No widget config could be found for widget 'power_menu
2026-04-03 14:19:41,184 [ERROR] [MainThread] [root/widget_builder.py:97]: Failed to add undefined widget(s)  - The widget "power_menu" is undefined.
 - The widget "notifications" is undefined.
 - The widget "open_meteo" is undefined.
 - The widget "volume" is undefined.
 - The widget "systray" is undefined.
 - The widget "komorebi_workspaces" is undefined.
 - The widget "microphone" is undefined.
 - The widget "komorebi_active_layout" is undefined.
 - The widget "wifi" is undefined.
 - The widget "taskbar" is undefined.
 - The widget "clock" is undefined.
2026-04-03 14:19:41,447 [ERROR] [MainThread] [root/widget_builder.py:111]: Failed to validate widget(s) due to invalid options  - media
      scrolling_label:
        update_interval_ms:
        - Input should be a valid integer
      
2026-04-03 14:19:41,452 [INFO] [MainThread] [root/watcher.py:65]: Watching directory: c:\users\mathe\.config\yasb
2026-04-03 14:19:41,452 [INFO] [MainThread] [root/watcher.py:104]: Created file watcher
2026-04-03 14:19:41,466 [INFO] [MainThread] [root/update_service.py:429]: Background update checker started
2026-04-03 14:20:16,346 [DEBUG] [Thread-3] [root/watcher.py:90]: Config file modified: c:\users\mathe\.config\yasb\config.yaml
2026-04-03 14:20:16,362 [INFO] [MainThread] [root/controller.py:21]: Reloading Application because of config change.
2026-04-03 14:20:16,472 [INFO] [MainThread] [cli_server/cli_server.py:114]: Log pipe server stopped
2026-04-03 14:20:16,472 [DEBUG] [MainThread] [cli_server/cli_server.py:209]: CLI server stopped
2026-04-03 14:20:16,478 [INFO] [MainThread] [root/bar_manager.py:85]: Successfully loaded updated config and re-initialised all bars.
2026-04-03 14:20:16,843 [INFO] [MainThread] [root/log.py:99]: YASB v1.9.1
2026-04-03 14:20:16,844 [INFO] [CLIPipeServer] [cli_server/cli_server.py:215]: CLI server started v1.1.6
2026-04-03 14:20:16,844 [INFO] [MainThread] [cli_server/cli_server.py:106]: Log pipe server started
2026-04-03 14:20:17,474 [INFO] [MainThread] [root/service.py:41]: AudioInputService starting...
2026-04-03 14:20:17,534 [INFO] [MainThread] [root/service.py:52]: AudioOutputService starting...
2026-04-03 14:20:17,624 [INFO] [MainThread] [root/bar_manager.py:95]: Starting KomorebiEventListener...
2026-04-03 14:20:17,624 [INFO] [MainThread] [root/bar_manager.py:95]: Starting SystemEventListener...
2026-04-03 14:20:17,624 [INFO] [MainThread] [root/bar_manager.py:95]: Starting WindowsNotificationEventListener...
2026-04-03 14:20:17,625 [INFO] [MainThread] [root/watcher.py:65]: Watching directory: c:\users\mathe\.config\yasb
2026-04-03 14:20:17,625 [INFO] [MainThread] [root/watcher.py:104]: Created file watcher
2026-04-03 14:20:17,647 [INFO] [Dummy-7] [root/event_listener.py:55]: Created named pipe yasb-629265a9-2f81-11f1-b6a1-b42e99f04de0
2026-04-03 14:20:17,668 [INFO] [MainThread] [root/update_service.py:429]: Background update checker started
2026-04-03 14:20:17,704 [INFO] [MainThread] [root/open_meteo.py:138]: No saved location for open_meteo. Awaiting user setup.
2026-04-03 14:20:17,745 [INFO] [Dummy-7] [root/event_listener.py:149]: Komorebi connected to named pipe: yasb-629265a9-2f81-11f1-b6a1-b42e99f04de0
2026-04-03 14:22:58,878 [DEBUG] [Thread-5] [root/watcher.py:90]: Config file modified: c:\users\mathe\.config\yasb\config.yaml
2026-04-03 14:22:58,894 [INFO] [MainThread] [root/controller.py:21]: Reloading Application because of config change.
2026-04-03 14:22:58,999 [INFO] [MainThread] [cli_server/cli_server.py:114]: Log pipe server stopped
2026-04-03 14:22:58,999 [DEBUG] [MainThread] [cli_server/cli_server.py:209]: CLI server stopped
2026-04-03 14:22:59,003 [INFO] [MainThread] [root/bar_manager.py:85]: Successfully loaded updated config and re-initialised all bars.
2026-04-03 14:22:59,035 [INFO] [MainThread] [root/bar_manager.py:111]: Stopping KomorebiEventListener...
2026-04-03 14:22:59,036 [INFO] [MainThread] [root/bar_manager.py:111]: Stopping SystemEventListener...
2026-04-03 14:22:59,042 [INFO] [MainThread] [root/bar_manager.py:111]: Stopping WindowsNotificationEventListener...
2026-04-03 14:22:59,375 [INFO] [MainThread] [root/log.py:99]: YASB v1.9.1
2026-04-03 14:22:59,376 [INFO] [CLIPipeServer] [cli_server/cli_server.py:215]: CLI server started v1.1.6
2026-04-03 14:22:59,376 [INFO] [MainThread] [cli_server/cli_server.py:106]: Log pipe server started
2026-04-03 14:22:59,758 [WARNING] [MainThread] [root/widget_builder.py:40]: No widget config could be found for widget 'wifi
2026-04-03 14:22:59,772 [INFO] [MainThread] [root/service.py:41]: AudioInputService starting...
2026-04-03 14:22:59,829 [INFO] [MainThread] [root/service.py:52]: AudioOutputService starting...
2026-04-03 14:22:59,848 [WARNING] [MainThread] [root/widget_builder.py:40]: No widget config could be found for widget 'systray
2026-04-03 14:22:59,907 [INFO] [MainThread] [root/bar_manager.py:95]: Starting WindowsNotificationEventListener...
2026-04-03 14:22:59,908 [INFO] [MainThread] [root/bar_manager.py:95]: Starting KomorebiEventListener...
2026-04-03 14:22:59,908 [INFO] [MainThread] [root/bar_manager.py:95]: Starting SystemEventListener...
2026-04-03 14:22:59,908 [ERROR] [MainThread] [root/widget_builder.py:97]: Failed to add undefined widget(s)  - The widget "wifi" is undefined.
 - The widget "systray" is undefined.
2026-04-03 14:22:59,909 [INFO] [Dummy-5] [root/event_listener.py:55]: Created named pipe yasb-c34cedbc-2f81-11f1-b3ad-b42e99f04de0
2026-04-03 14:22:59,940 [INFO] [MainThread] [root/watcher.py:65]: Watching directory: c:\users\mathe\.config\yasb
2026-04-03 14:22:59,941 [INFO] [MainThread] [root/watcher.py:104]: Created file watcher
2026-04-03 14:22:59,976 [INFO] [MainThread] [root/update_service.py:429]: Background update checker started
2026-04-03 14:22:59,985 [INFO] [Dummy-5] [root/event_listener.py:149]: Komorebi connected to named pipe: yasb-c34cedbc-2f81-11f1-b3ad-b42e99f04de0
2026-04-03 14:22:59,999 [INFO] [MainThread] [root/open_meteo.py:138]: No saved location for open_meteo. Awaiting user setup.
2026-04-03 14:24:10,673 [DEBUG] [Thread-9] [root/watcher.py:90]: Config file modified: c:\users\mathe\.config\yasb\config.yaml
2026-04-03 14:24:10,688 [INFO] [MainThread] [root/controller.py:21]: Reloading Application because of config change.
2026-04-03 14:24:10,796 [INFO] [MainThread] [cli_server/cli_server.py:114]: Log pipe server stopped
2026-04-03 14:24:10,796 [DEBUG] [MainThread] [cli_server/cli_server.py:209]: CLI server stopped
2026-04-03 14:24:10,800 [INFO] [MainThread] [root/bar_manager.py:85]: Successfully loaded updated config and re-initialised all bars.
2026-04-03 14:24:10,859 [INFO] [MainThread] [root/bar_manager.py:111]: Stopping WindowsNotificationEventListener...
2026-04-03 14:24:10,860 [INFO] [MainThread] [root/bar_manager.py:111]: Stopping KomorebiEventListener...
2026-04-03 14:24:10,862 [INFO] [MainThread] [root/bar_manager.py:111]: Stopping SystemEventListener...
2026-04-03 14:24:11,167 [INFO] [MainThread] [root/log.py:99]: YASB v1.9.1
2026-04-03 14:24:11,167 [INFO] [CLIPipeServer] [cli_server/cli_server.py:215]: CLI server started v1.1.6
2026-04-03 14:24:11,167 [INFO] [MainThread] [cli_server/cli_server.py:106]: Log pipe server started
2026-04-03 14:24:11,657 [INFO] [MainThread] [root/service.py:41]: AudioInputService starting...
2026-04-03 14:24:11,717 [INFO] [MainThread] [root/service.py:52]: AudioOutputService starting...
2026-04-03 14:24:11,817 [INFO] [MainThread] [root/bar_manager.py:95]: Starting KomorebiEventListener...
2026-04-03 14:24:11,818 [INFO] [MainThread] [root/bar_manager.py:95]: Starting SystemEventListener...
2026-04-03 14:24:11,818 [INFO] [MainThread] [root/bar_manager.py:95]: Starting WindowsNotificationEventListener...
2026-04-03 14:24:11,818 [ERROR] [MainThread] [root/widget_builder.py:111]: Failed to validate widget(s) due to invalid options  - systray
      spacing:
      - Extra inputs are not permitted
      
2026-04-03 14:24:11,833 [INFO] [Dummy-6] [root/event_listener.py:55]: Created named pipe yasb-ee298106-2f81-11f1-bb6f-b42e99f04de0
2026-04-03 14:24:11,852 [INFO] [MainThread] [root/watcher.py:65]: Watching directory: c:\users\mathe\.config\yasb
2026-04-03 14:24:11,852 [INFO] [MainThread] [root/watcher.py:104]: Created file watcher
2026-04-03 14:24:11,880 [INFO] [MainThread] [root/update_service.py:429]: Background update checker started
2026-04-03 14:24:11,900 [INFO] [Dummy-6] [root/event_listener.py:149]: Komorebi connected to named pipe: yasb-ee298106-2f81-11f1-bb6f-b42e99f04de0
2026-04-03 14:24:11,900 [INFO] [MainThread] [root/open_meteo.py:138]: No saved location for open_meteo. Awaiting user setup.
2026-04-03 14:25:04,493 [DEBUG] [Thread-10] [root/watcher.py:90]: Config file modified: c:\users\mathe\.config\yasb\config.yaml
2026-04-03 14:25:04,509 [INFO] [MainThread] [root/controller.py:21]: Reloading Application because of config change.
2026-04-03 14:25:04,610 [INFO] [MainThread] [cli_server/cli_server.py:114]: Log pipe server stopped
2026-04-03 14:25:04,610 [DEBUG] [MainThread] [cli_server/cli_server.py:209]: CLI server stopped
2026-04-03 14:25:04,614 [INFO] [MainThread] [root/bar_manager.py:85]: Successfully loaded updated config and re-initialised all bars.
2026-04-03 14:25:04,665 [INFO] [MainThread] [root/bar_manager.py:111]: Stopping KomorebiEventListener...
2026-04-03 14:25:04,667 [INFO] [MainThread] [root/bar_manager.py:111]: Stopping SystemEventListener...
2026-04-03 14:25:04,670 [INFO] [MainThread] [root/bar_manager.py:111]: Stopping WindowsNotificationEventListener...
2026-04-03 14:25:04,968 [INFO] [MainThread] [root/log.py:99]: YASB v1.9.1
2026-04-03 14:25:04,969 [INFO] [CLIPipeServer] [cli_server/cli_server.py:215]: CLI server started v1.1.6
2026-04-03 14:25:04,969 [INFO] [MainThread] [cli_server/cli_server.py:106]: Log pipe server started
2026-04-03 14:25:05,379 [INFO] [MainThread] [root/service.py:41]: AudioInputService starting...
2026-04-03 14:25:05,440 [INFO] [MainThread] [root/service.py:52]: AudioOutputService starting...
2026-04-03 14:25:05,518 [INFO] [MainThread] [root/bar_manager.py:95]: Starting SystemEventListener...
2026-04-03 14:25:05,519 [INFO] [MainThread] [root/bar_manager.py:95]: Starting KomorebiEventListener...
2026-04-03 14:25:05,519 [INFO] [MainThread] [root/bar_manager.py:95]: Starting WindowsNotificationEventListener...
2026-04-03 14:25:05,519 [ERROR] [MainThread] [root/widget_builder.py:111]: Failed to validate widget(s) due to invalid options  - systray
      icon_padding:
      - Extra inputs are not permitted
      
2026-04-03 14:25:05,535 [INFO] [Dummy-6] [root/event_listener.py:55]: Created named pipe yasb-0e2bac81-2f82-11f1-a265-b42e99f04de0
2026-04-03 14:25:05,550 [INFO] [MainThread] [root/watcher.py:65]: Watching directory: c:\users\mathe\.config\yasb
2026-04-03 14:25:05,550 [INFO] [MainThread] [root/watcher.py:104]: Created file watcher
2026-04-03 14:25:05,579 [INFO] [MainThread] [root/update_service.py:429]: Background update checker started
2026-04-03 14:25:05,596 [INFO] [MainThread] [root/open_meteo.py:138]: No saved location for open_meteo. Awaiting user setup.
2026-04-03 14:25:05,599 [INFO] [Dummy-6] [root/event_listener.py:149]: Komorebi connected to named pipe: yasb-0e2bac81-2f82-11f1-a265-b42e99f04de0
2026-04-03 14:25:26,128 [DEBUG] [Thread-10] [root/watcher.py:90]: Config file modified: c:\users\mathe\.config\yasb\config.yaml
2026-04-03 14:25:26,145 [INFO] [MainThread] [root/controller.py:21]: Reloading Application because of config change.
2026-04-03 14:25:26,249 [INFO] [MainThread] [cli_server/cli_server.py:114]: Log pipe server stopped
2026-04-03 14:25:26,249 [DEBUG] [MainThread] [cli_server/cli_server.py:209]: CLI server stopped
2026-04-03 14:25:26,253 [INFO] [MainThread] [root/bar_manager.py:85]: Successfully loaded updated config and re-initialised all bars.
2026-04-03 14:25:26,315 [INFO] [MainThread] [root/bar_manager.py:111]: Stopping SystemEventListener...
2026-04-03 14:25:26,333 [INFO] [MainThread] [root/bar_manager.py:111]: Stopping KomorebiEventListener...
2026-04-03 14:25:26,334 [INFO] [MainThread] [root/bar_manager.py:111]: Stopping WindowsNotificationEventListener...
2026-04-03 14:25:26,626 [INFO] [MainThread] [root/log.py:99]: YASB v1.9.1
2026-04-03 14:25:26,627 [INFO] [CLIPipeServer] [cli_server/cli_server.py:215]: CLI server started v1.1.6
2026-04-03 14:25:26,627 [INFO] [MainThread] [cli_server/cli_server.py:106]: Log pipe server started
2026-04-03 14:25:27,039 [INFO] [MainThread] [root/service.py:41]: AudioInputService starting...
2026-04-03 14:25:27,100 [INFO] [MainThread] [root/service.py:52]: AudioOutputService starting...
2026-04-03 14:25:27,178 [INFO] [MainThread] [root/bar_manager.py:95]: Starting WindowsNotificationEventListener...
2026-04-03 14:25:27,178 [INFO] [MainThread] [root/bar_manager.py:95]: Starting KomorebiEventListener...
2026-04-03 14:25:27,178 [INFO] [MainThread] [root/bar_manager.py:95]: Starting SystemEventListener...
2026-04-03 14:25:27,178 [ERROR] [MainThread] [root/widget_builder.py:111]: Failed to validate widget(s) due to invalid options  - systray
      padding:
      - Extra inputs are not permitted
      
2026-04-03 14:25:27,193 [INFO] [Dummy-6] [root/event_listener.py:55]: Created named pipe yasb-1b149e2f-2f82-11f1-8514-b42e99f04de0
2026-04-03 14:25:27,208 [INFO] [MainThread] [root/watcher.py:65]: Watching directory: c:\users\mathe\.config\yasb
2026-04-03 14:25:27,208 [INFO] [MainThread] [root/watcher.py:104]: Created file watcher
2026-04-03 14:25:27,236 [INFO] [MainThread] [root/update_service.py:429]: Background update checker started
2026-04-03 14:25:27,255 [INFO] [MainThread] [root/open_meteo.py:138]: No saved location for open_meteo. Awaiting user setup.
2026-04-03 14:25:27,260 [INFO] [Dummy-6] [root/event_listener.py:149]: Komorebi connected to named pipe: yasb-1b149e2f-2f82-11f1-8514-b42e99f04de0
2026-04-03 14:25:32,787 [DEBUG] [Thread-10] [root/watcher.py:90]: Config file modified: c:\users\mathe\.config\yasb\config.yaml
2026-04-03 14:25:32,804 [INFO] [MainThread] [root/controller.py:21]: Reloading Application because of config change.
2026-04-03 14:25:32,913 [INFO] [MainThread] [cli_server/cli_server.py:114]: Log pipe server stopped
2026-04-03 14:25:32,913 [DEBUG] [MainThread] [cli_server/cli_server.py:209]: CLI server stopped
2026-04-03 14:25:32,917 [INFO] [MainThread] [root/bar_manager.py:85]: Successfully loaded updated config and re-initialised all bars.
2026-04-03 14:25:32,960 [INFO] [MainThread] [root/bar_manager.py:111]: Stopping WindowsNotificationEventListener...
2026-04-03 14:25:32,962 [INFO] [MainThread] [root/bar_manager.py:111]: Stopping KomorebiEventListener...
2026-04-03 14:25:32,963 [INFO] [MainThread] [root/bar_manager.py:111]: Stopping SystemEventListener...
2026-04-03 14:25:33,279 [INFO] [MainThread] [root/log.py:99]: YASB v1.9.1
2026-04-03 14:25:33,279 [INFO] [CLIPipeServer] [cli_server/cli_server.py:215]: CLI server started v1.1.6
2026-04-03 14:25:33,280 [INFO] [MainThread] [cli_server/cli_server.py:106]: Log pipe server started
2026-04-03 14:25:33,686 [INFO] [MainThread] [root/service.py:41]: AudioInputService starting...
2026-04-03 14:25:33,746 [INFO] [MainThread] [root/service.py:52]: AudioOutputService starting...
2026-04-03 14:25:33,825 [INFO] [MainThread] [root/bar_manager.py:95]: Starting SystemEventListener...
2026-04-03 14:25:33,825 [INFO] [MainThread] [root/bar_manager.py:95]: Starting KomorebiEventListener...
2026-04-03 14:25:33,826 [INFO] [MainThread] [root/bar_manager.py:95]: Starting WindowsNotificationEventListener...
2026-04-03 14:25:33,826 [INFO] [MainThread] [root/watcher.py:65]: Watching directory: c:\users\mathe\.config\yasb
2026-04-03 14:25:33,827 [INFO] [MainThread] [root/watcher.py:104]: Created file watcher
2026-04-03 14:25:33,845 [INFO] [Dummy-8] [root/event_listener.py:55]: Created named pipe yasb-1f0aef3c-2f82-11f1-957f-b42e99f04de0
2026-04-03 14:25:33,865 [INFO] [MainThread] [root/update_service.py:429]: Background update checker started
2026-04-03 14:25:33,890 [INFO] [MainThread] [root/open_meteo.py:138]: No saved location for open_meteo. Awaiting user setup.
2026-04-03 14:25:33,900 [DEBUG] [MainThread] [systray_widget/systray.py:614]: Loading state from C:\Users\mathe\AppData\Local\YASB\systray_state_APSF24M.json
2026-04-03 14:25:33,901 [DEBUG] [MainThread] [systray_widget/systray.py:624]: State file not found.
2026-04-03 14:25:33,902 [DEBUG] [SystrayMonitor] [systray_widget/systray.py:63]: Systray monitor thread is starting...
2026-04-03 14:25:33,924 [INFO] [Dummy-8] [root/event_listener.py:149]: Komorebi connected to named pipe: yasb-1f0aef3c-2f82-11f1-957f-b42e99f04de0
2026-04-03 14:25:34,140 [DEBUG] [SystrayMonitor] [systray_widget/systray_monitor.py:119]: Adding TaskbandHWND prop to hwnd 524744
2026-04-03 14:25:34,142 [DEBUG] [SystrayMonitor] [systray_widget/systray_monitor.py:197]: Finding real tray hwnd
2026-04-03 14:25:34,144 [DEBUG] [MainThread] [systray_widget/systray.py:261]: Sending TaskbarCreated message: 49252
2026-04-03 14:25:34,144 [DEBUG] [MainThread] [systray_widget/systray.py:263]: Systray icons refreshed
2026-04-03 17:49:05,485 [ERROR] [WiFiWorker] [wifi_widget/wifi_managers.py:148]: WiFiWorker error: [WinError -2147024809] Parâmetro incorreto.
2026-04-04 01:00:29,313 [INFO] [MainThread] [root/bar.py:149]: Screen geometry changed. Updating position for bar primary-bar on screen F24M
2026-04-04 01:00:29,606 [INFO] [MainThread] [root/bar.py:149]: Screen geometry changed. Updating position for bar primary-bar on screen F24M
2026-04-04 02:41:18,033 [WARNING] [Dummy-8] [root/event_listener.py:96]: Pipe has been ended: (109, 'PeekNamedPipe', 'O pipe foi finalizado.')
2026-04-04 02:41:18,035 [INFO] [Dummy-8] [root/event_listener.py:108]: Attempting to reconnect to Komorebi...
2026-04-04 02:41:21,050 [INFO] [Dummy-8] [root/event_listener.py:55]: Created named pipe yasb-1f0aef3c-2f82-11f1-957f-b42e99f04de0
2026-04-04 02:41:41,540 [INFO] [Dummy-8] [root/event_listener.py:149]: Komorebi connected to named pipe: yasb-1f0aef3c-2f82-11f1-957f-b42e99f04de0
2026-04-04 03:28:59,308 [INFO] [MainThread] [root/controller.py:43]: Exiting Application...
2026-04-04 03:28:59,430 [INFO] [MainThread] [cli_server/cli_server.py:114]: Log pipe server stopped
2026-04-04 03:28:59,431 [DEBUG] [MainThread] [cli_server/cli_server.py:209]: CLI server stopped
2026-04-04 03:28:59,546 [INFO] [MainThread] [root/bar_manager.py:111]: Stopping SystemEventListener...
2026-04-04 03:28:59,558 [INFO] [MainThread] [root/bar_manager.py:111]: Stopping KomorebiEventListener...
2026-04-04 03:28:59,572 [INFO] [MainThread] [root/bar_manager.py:111]: Stopping WindowsNotificationEventListener...
2026-04-04 03:28:59,589 [DEBUG] [MainThread] [systray_widget/systray.py:596]: Saving state to C:\Users\mathe\AppData\Local\YASB\systray_state_APSF24M.json
2026-04-04 03:28:59,589 [DEBUG] [MainThread] [systray_widget/systray.py:604]: State file not found.
2026-04-04 03:28:59,591 [DEBUG] [MainThread] [systray_widget/utils.py:154]: Destroying window 524744
2026-04-04 03:28:59,592 [DEBUG] [SystrayMonitor] [systray_widget/systray_monitor.py:125]: WM_CLOSE received, destroying window 524744
2026-04-04 03:28:59,602 [DEBUG] [SystrayMonitor] [systray_widget/systray_monitor.py:129]: WM_DESTROY received for window 524744
2026-04-04 20:43:18,594 [INFO] [MainThread] [root/log.py:99]: YASB v1.9.1
2026-04-04 20:43:18,595 [INFO] [CLIPipeServer] [cli_server/cli_server.py:215]: CLI server started v1.1.6
2026-04-04 20:43:18,595 [INFO] [MainThread] [cli_server/cli_server.py:106]: Log pipe server started
2026-04-04 20:43:20,221 [INFO] [MainThread] [root/service.py:41]: AudioInputService starting...
2026-04-04 20:43:20,289 [INFO] [MainThread] [root/service.py:52]: AudioOutputService starting...
2026-04-04 20:43:20,525 [INFO] [MainThread] [root/bar_manager.py:95]: Starting WindowsNotificationEventListener...
2026-04-04 20:43:20,525 [INFO] [MainThread] [root/bar_manager.py:95]: Starting SystemEventListener...
2026-04-04 20:43:20,525 [INFO] [MainThread] [root/bar_manager.py:95]: Starting KomorebiEventListener...
2026-04-04 20:43:20,526 [INFO] [Dummy-7] [root/event_listener.py:55]: Created named pipe yasb-0fdc9971-3080-11f1-a300-b42e99f04de0
2026-04-04 20:43:20,526 [INFO] [MainThread] [root/watcher.py:65]: Watching directory: c:\users\mathe\.config\yasb
2026-04-04 20:43:20,527 [INFO] [MainThread] [root/watcher.py:104]: Created file watcher
2026-04-04 20:43:20,842 [INFO] [MainThread] [root/update_service.py:429]: Background update checker started
2026-04-04 20:43:20,946 [INFO] [MainThread] [root/open_meteo.py:138]: No saved location for open_meteo. Awaiting user setup.
2026-04-04 20:43:20,962 [DEBUG] [MainThread] [systray_widget/systray.py:614]: Loading state from C:\Users\mathe\AppData\Local\YASB\systray_state_APSF24M.json
2026-04-04 20:43:20,973 [DEBUG] [SystrayMonitor] [systray_widget/systray.py:63]: Systray monitor thread is starting...
2026-04-04 20:43:21,193 [DEBUG] [SystrayMonitor] [systray_widget/systray_monitor.py:119]: Adding TaskbandHWND prop to hwnd 131794
2026-04-04 20:43:21,204 [DEBUG] [SystrayMonitor] [systray_widget/systray_monitor.py:197]: Finding real tray hwnd
2026-04-04 20:43:21,206 [DEBUG] [MainThread] [systray_widget/systray.py:261]: Sending TaskbarCreated message: 49273
2026-04-04 20:43:21,207 [DEBUG] [MainThread] [systray_widget/systray.py:263]: Systray icons refreshed
2026-04-04 20:43:32,247 [ERROR] [SystrayMonitor] [root/app_icons.py:282]: GetIconInfo failed: 0
2026-04-04 20:43:46,131 [INFO] [Dummy-7] [root/event_listener.py:149]: Komorebi connected to named pipe: yasb-0fdc9971-3080-11f1-a300-b42e99f04de0
2026-04-04 21:34:45,117 [ERROR] [WiFiWorker] [wifi_widget/wifi_managers.py:148]: WiFiWorker error: [WinError -2147024846] Não há suporte para o pedido.
2026-04-05 07:07:24,938 [INFO] [MainThread] [root/controller.py:43]: Exiting Application...
2026-04-05 07:07:25,045 [INFO] [MainThread] [cli_server/cli_server.py:114]: Log pipe server stopped
2026-04-05 07:07:25,046 [DEBUG] [MainThread] [cli_server/cli_server.py:209]: CLI server stopped
2026-04-05 07:07:26,268 [INFO] [MainThread] [root/bar_manager.py:111]: Stopping WindowsNotificationEventListener...
2026-04-05 07:07:26,271 [INFO] [MainThread] [root/bar_manager.py:111]: Stopping SystemEventListener...
2026-04-05 07:07:26,292 [INFO] [MainThread] [root/bar_manager.py:111]: Stopping KomorebiEventListener...
2026-04-05 07:07:26,297 [DEBUG] [MainThread] [systray_widget/systray.py:596]: Saving state to C:\Users\mathe\AppData\Local\YASB\systray_state_APSF24M.json
2026-04-05 07:07:26,309 [DEBUG] [MainThread] [systray_widget/utils.py:154]: Destroying window 131794
2026-04-05 07:07:26,310 [DEBUG] [SystrayMonitor] [systray_widget/systray_monitor.py:125]: WM_CLOSE received, destroying window 131794
2026-04-05 07:07:26,310 [DEBUG] [SystrayMonitor] [systray_widget/systray_monitor.py:129]: WM_DESTROY received for window 131794
2026-04-05 21:27:59,631 [INFO] [MainThread] [root/log.py:99]: YASB v1.9.1
2026-04-05 21:27:59,772 [INFO] [CLIPipeServer] [cli_server/cli_server.py:215]: CLI server started v1.1.6
2026-04-05 21:27:59,772 [INFO] [MainThread] [cli_server/cli_server.py:106]: Log pipe server started
2026-04-05 21:28:01,436 [INFO] [MainThread] [root/service.py:41]: AudioInputService starting...
2026-04-05 21:28:01,513 [INFO] [MainThread] [root/service.py:52]: AudioOutputService starting...
2026-04-05 21:28:01,666 [INFO] [MainThread] [root/bar_manager.py:95]: Starting WindowsNotificationEventListener...
2026-04-05 21:28:01,667 [INFO] [MainThread] [root/bar_manager.py:95]: Starting KomorebiEventListener...
2026-04-05 21:28:01,667 [INFO] [MainThread] [root/bar_manager.py:95]: Starting SystemEventListener...
2026-04-05 21:28:01,667 [INFO] [Dummy-6] [root/event_listener.py:55]: Created named pipe yasb-785c0c3d-314f-11f1-bc26-b42e99f04de0
2026-04-05 21:28:01,669 [INFO] [MainThread] [root/watcher.py:65]: Watching directory: c:\users\mathe\.config\yasb
2026-04-05 21:28:01,669 [INFO] [MainThread] [root/watcher.py:104]: Created file watcher
2026-04-05 21:28:01,980 [INFO] [MainThread] [root/update_service.py:429]: Background update checker started
2026-04-05 21:28:02,069 [INFO] [MainThread] [root/open_meteo.py:138]: No saved location for open_meteo. Awaiting user setup.
2026-04-05 21:28:02,086 [DEBUG] [MainThread] [systray_widget/systray.py:614]: Loading state from C:\Users\mathe\AppData\Local\YASB\systray_state_APSF24M.json
2026-04-05 21:28:02,098 [DEBUG] [SystrayMonitor] [systray_widget/systray.py:63]: Systray monitor thread is starting...
2026-04-05 21:28:02,316 [DEBUG] [SystrayMonitor] [systray_widget/systray_monitor.py:119]: Adding TaskbandHWND prop to hwnd 66490
2026-04-05 21:28:02,324 [DEBUG] [SystrayMonitor] [systray_widget/systray_monitor.py:197]: Finding real tray hwnd
2026-04-05 21:28:02,326 [DEBUG] [MainThread] [systray_widget/systray.py:261]: Sending TaskbarCreated message: 49287
2026-04-05 21:28:02,326 [DEBUG] [MainThread] [systray_widget/systray.py:263]: Systray icons refreshed
2026-04-05 21:28:06,209 [ERROR] [SystrayMonitor] [root/app_icons.py:282]: GetIconInfo failed: 0
2026-04-05 21:28:17,168 [INFO] [Dummy-6] [root/event_listener.py:149]: Komorebi connected to named pipe: yasb-785c0c3d-314f-11f1-bc26-b42e99f04de0
2026-04-05 23:05:23,423 [INFO] [MainThread] [root/controller.py:43]: Exiting Application...
2026-04-05 23:05:23,524 [INFO] [MainThread] [cli_server/cli_server.py:114]: Log pipe server stopped
2026-04-05 23:05:23,525 [DEBUG] [MainThread] [cli_server/cli_server.py:209]: CLI server stopped
2026-04-05 23:05:23,661 [INFO] [MainThread] [root/bar_manager.py:111]: Stopping WindowsNotificationEventListener...
2026-04-05 23:05:23,666 [INFO] [MainThread] [root/bar_manager.py:111]: Stopping KomorebiEventListener...
2026-04-05 23:05:23,667 [INFO] [MainThread] [root/bar_manager.py:111]: Stopping SystemEventListener...
2026-04-05 23:05:23,674 [DEBUG] [MainThread] [systray_widget/systray.py:596]: Saving state to C:\Users\mathe\AppData\Local\YASB\systray_state_APSF24M.json
2026-04-05 23:05:23,685 [DEBUG] [MainThread] [systray_widget/utils.py:154]: Destroying window 66490
2026-04-05 23:05:23,686 [DEBUG] [SystrayMonitor] [systray_widget/systray_monitor.py:125]: WM_CLOSE received, destroying window 66490
2026-04-05 23:05:23,686 [DEBUG] [SystrayMonitor] [systray_widget/systray_monitor.py:129]: WM_DESTROY received for window 66490
2026-04-06 19:07:43,717 [INFO] [MainThread] [root/log.py:99]: YASB v1.9.1
2026-04-06 19:07:44,068 [INFO] [CLIPipeServer] [cli_server/cli_server.py:215]: CLI server started v1.1.6
2026-04-06 19:07:44,069 [INFO] [MainThread] [cli_server/cli_server.py:106]: Log pipe server started
2026-04-06 19:07:45,767 [INFO] [MainThread] [root/service.py:41]: AudioInputService starting...
2026-04-06 19:07:45,838 [INFO] [MainThread] [root/service.py:52]: AudioOutputService starting...
2026-04-06 19:07:45,985 [INFO] [MainThread] [root/bar_manager.py:95]: Starting WindowsNotificationEventListener...
2026-04-06 19:07:45,986 [INFO] [MainThread] [root/bar_manager.py:95]: Starting KomorebiEventListener...
2026-04-06 19:07:45,986 [INFO] [MainThread] [root/bar_manager.py:95]: Starting SystemEventListener...
2026-04-06 19:07:45,986 [INFO] [Dummy-6] [root/event_listener.py:55]: Created named pipe yasb-0aa2cab0-3205-11f1-b2c5-b42e99f04de0
2026-04-06 19:07:45,987 [INFO] [MainThread] [root/watcher.py:65]: Watching directory: c:\users\mathe\.config\yasb
2026-04-06 19:07:45,987 [INFO] [MainThread] [root/watcher.py:104]: Created file watcher
2026-04-06 19:07:46,291 [INFO] [MainThread] [root/update_service.py:429]: Background update checker started
2026-04-06 19:07:46,373 [INFO] [MainThread] [root/open_meteo.py:138]: No saved location for open_meteo. Awaiting user setup.
2026-04-06 19:07:46,388 [DEBUG] [MainThread] [systray_widget/systray.py:614]: Loading state from C:\Users\mathe\AppData\Local\YASB\systray_state_APSF24M.json
2026-04-06 19:07:46,399 [DEBUG] [SystrayMonitor] [systray_widget/systray.py:63]: Systray monitor thread is starting...
2026-04-06 19:07:46,608 [DEBUG] [SystrayMonitor] [systray_widget/systray_monitor.py:119]: Adding TaskbandHWND prop to hwnd 66498
2026-04-06 19:07:46,615 [DEBUG] [SystrayMonitor] [systray_widget/systray_monitor.py:197]: Finding real tray hwnd
2026-04-06 19:07:46,617 [DEBUG] [MainThread] [systray_widget/systray.py:261]: Sending TaskbarCreated message: 49272
2026-04-06 19:07:46,617 [DEBUG] [MainThread] [systray_widget/systray.py:263]: Systray icons refreshed
2026-04-06 19:07:47,766 [ERROR] [SystrayMonitor] [root/app_icons.py:282]: GetIconInfo failed: 0
2026-04-06 19:07:56,399 [INFO] [Dummy-6] [root/event_listener.py:149]: Komorebi connected to named pipe: yasb-0aa2cab0-3205-11f1-b2c5-b42e99f04de0
2026-04-06 22:52:56,598 [INFO] [MainThread] [root/controller.py:43]: Exiting Application...
2026-04-06 22:52:56,704 [INFO] [MainThread] [cli_server/cli_server.py:114]: Log pipe server stopped
2026-04-06 22:52:56,704 [DEBUG] [MainThread] [cli_server/cli_server.py:209]: CLI server stopped
2026-04-06 22:52:56,764 [INFO] [MainThread] [root/bar_manager.py:111]: Stopping WindowsNotificationEventListener...
2026-04-06 22:52:56,766 [INFO] [MainThread] [root/bar_manager.py:111]: Stopping KomorebiEventListener...
2026-04-06 22:52:56,768 [INFO] [MainThread] [root/bar_manager.py:111]: Stopping SystemEventListener...
2026-04-06 22:52:56,770 [DEBUG] [MainThread] [systray_widget/systray.py:596]: Saving state to C:\Users\mathe\AppData\Local\YASB\systray_state_APSF24M.json
2026-04-06 22:52:56,780 [DEBUG] [MainThread] [systray_widget/utils.py:154]: Destroying window 66498
2026-04-06 22:52:56,780 [DEBUG] [SystrayMonitor] [systray_widget/systray_monitor.py:125]: WM_CLOSE received, destroying window 66498
2026-04-06 22:52:56,781 [DEBUG] [SystrayMonitor] [systray_widget/systray_monitor.py:129]: WM_DESTROY received for window 66498
2026-04-07 20:02:09,288 [INFO] [MainThread] [root/log.py:99]: YASB v1.9.1
2026-04-07 20:02:09,289 [INFO] [CLIPipeServer] [cli_server/cli_server.py:215]: CLI server started v1.1.6
2026-04-07 20:02:09,289 [INFO] [MainThread] [cli_server/cli_server.py:106]: Log pipe server started
2026-04-07 20:02:10,851 [INFO] [MainThread] [root/service.py:41]: AudioInputService starting...
2026-04-07 20:02:10,932 [INFO] [MainThread] [root/service.py:52]: AudioOutputService starting...
2026-04-07 20:02:11,082 [INFO] [MainThread] [root/bar_manager.py:95]: Starting WindowsNotificationEventListener...
2026-04-07 20:02:11,082 [INFO] [MainThread] [root/bar_manager.py:95]: Starting SystemEventListener...
2026-04-07 20:02:11,082 [INFO] [MainThread] [root/bar_manager.py:95]: Starting KomorebiEventListener...
2026-04-07 20:02:11,083 [INFO] [Dummy-7] [root/event_listener.py:55]: Created named pipe yasb-cf32bcac-32d5-11f1-8621-b42e99f04de0
2026-04-07 20:02:11,083 [INFO] [MainThread] [root/watcher.py:65]: Watching directory: c:\users\mathe\.config\yasb
2026-04-07 20:02:11,084 [INFO] [MainThread] [root/watcher.py:104]: Created file watcher
2026-04-07 20:02:11,505 [INFO] [MainThread] [root/update_service.py:429]: Background update checker started
2026-04-07 20:02:11,607 [DEBUG] [MainThread] [systray_widget/systray.py:614]: Loading state from C:\Users\mathe\AppData\Local\YASB\systray_state_APSF24M.json
2026-04-07 20:02:11,617 [DEBUG] [SystrayMonitor] [systray_widget/systray.py:63]: Systray monitor thread is starting...
2026-04-07 20:02:11,916 [DEBUG] [SystrayMonitor] [systray_widget/systray_monitor.py:119]: Adding TaskbandHWND prop to hwnd 66498
2026-04-07 20:02:11,924 [DEBUG] [SystrayMonitor] [systray_widget/systray_monitor.py:197]: Finding real tray hwnd
2026-04-07 20:02:11,925 [DEBUG] [MainThread] [systray_widget/systray.py:261]: Sending TaskbarCreated message: 49272
2026-04-07 20:02:11,926 [DEBUG] [MainThread] [systray_widget/systray.py:263]: Systray icons refreshed
2026-04-07 20:02:14,009 [ERROR] [SystrayMonitor] [root/app_icons.py:282]: GetIconInfo failed: 0
2026-04-07 20:02:52,426 [INFO] [Dummy-7] [root/event_listener.py:149]: Komorebi connected to named pipe: yasb-cf32bcac-32d5-11f1-8621-b42e99f04de0
2026-04-07 21:36:39,868 [INFO] [MainThread] [root/controller.py:43]: Exiting Application...
2026-04-07 21:36:39,978 [INFO] [MainThread] [cli_server/cli_server.py:114]: Log pipe server stopped
2026-04-07 21:36:39,978 [DEBUG] [MainThread] [cli_server/cli_server.py:209]: CLI server stopped
2026-04-07 21:36:40,034 [INFO] [MainThread] [root/bar_manager.py:111]: Stopping WindowsNotificationEventListener...
2026-04-07 21:36:40,037 [INFO] [MainThread] [root/bar_manager.py:111]: Stopping SystemEventListener...
2026-04-07 21:36:40,040 [INFO] [MainThread] [root/bar_manager.py:111]: Stopping KomorebiEventListener...
2026-04-07 21:36:40,042 [DEBUG] [MainThread] [systray_widget/systray.py:596]: Saving state to C:\Users\mathe\AppData\Local\YASB\systray_state_APSF24M.json
2026-04-07 21:36:40,058 [DEBUG] [MainThread] [systray_widget/utils.py:154]: Destroying window 66498
2026-04-07 21:36:40,058 [DEBUG] [SystrayMonitor] [systray_widget/systray_monitor.py:125]: WM_CLOSE received, destroying window 66498
2026-04-07 21:36:40,059 [DEBUG] [SystrayMonitor] [systray_widget/systray_monitor.py:129]: WM_DESTROY received for window 66498
2026-04-09 19:29:32,305 [INFO] [MainThread] [root/log.py:99]: YASB v1.9.1
2026-04-09 19:29:32,666 [INFO] [CLIPipeServer] [cli_server/cli_server.py:215]: CLI server started v1.1.6
2026-04-09 19:29:32,666 [INFO] [MainThread] [cli_server/cli_server.py:106]: Log pipe server started
2026-04-09 19:29:34,344 [INFO] [MainThread] [root/service.py:41]: AudioInputService starting...
2026-04-09 19:29:34,415 [INFO] [MainThread] [root/service.py:52]: AudioOutputService starting...
2026-04-09 19:29:34,567 [INFO] [MainThread] [root/bar_manager.py:95]: Starting SystemEventListener...
2026-04-09 19:29:34,567 [INFO] [MainThread] [root/bar_manager.py:95]: Starting KomorebiEventListener...
2026-04-09 19:29:34,568 [INFO] [MainThread] [root/bar_manager.py:95]: Starting WindowsNotificationEventListener...
2026-04-09 19:29:34,569 [INFO] [Dummy-6] [root/event_listener.py:55]: Created named pipe yasb-95d9c8ff-3463-11f1-a851-b42e99f04de0
2026-04-09 19:29:34,576 [INFO] [MainThread] [root/watcher.py:65]: Watching directory: c:\users\mathe\.config\yasb
2026-04-09 19:29:34,576 [INFO] [MainThread] [root/watcher.py:104]: Created file watcher
2026-04-09 19:29:34,899 [INFO] [MainThread] [root/update_service.py:429]: Background update checker started
2026-04-09 19:29:35,016 [DEBUG] [MainThread] [systray_widget/systray.py:614]: Loading state from C:\Users\mathe\AppData\Local\YASB\systray_state_APSF24M.json
2026-04-09 19:29:35,028 [DEBUG] [SystrayMonitor] [systray_widget/systray.py:63]: Systray monitor thread is starting...
2026-04-09 19:29:35,325 [DEBUG] [SystrayMonitor] [systray_widget/systray_monitor.py:119]: Adding TaskbandHWND prop to hwnd 132048
2026-04-09 19:29:35,334 [DEBUG] [SystrayMonitor] [systray_widget/systray_monitor.py:197]: Finding real tray hwnd
2026-04-09 19:29:35,336 [DEBUG] [MainThread] [systray_widget/systray.py:261]: Sending TaskbarCreated message: 49273
2026-04-09 19:29:35,336 [DEBUG] [MainThread] [systray_widget/systray.py:263]: Systray icons refreshed
2026-04-09 19:29:40,697 [ERROR] [SystrayMonitor] [root/app_icons.py:282]: GetIconInfo failed: 0
2026-04-09 19:30:05,172 [INFO] [Dummy-6] [root/event_listener.py:149]: Komorebi connected to named pipe: yasb-95d9c8ff-3463-11f1-a851-b42e99f04de0
2026-04-09 23:14:12,766 [ERROR] [SystrayMonitor] [root/app_icons.py:282]: GetIconInfo failed: 0
2026-04-10 00:12:11,831 [INFO] [MainThread] [root/controller.py:43]: Exiting Application...
2026-04-10 00:12:11,947 [INFO] [MainThread] [cli_server/cli_server.py:114]: Log pipe server stopped
2026-04-10 00:12:11,947 [DEBUG] [MainThread] [cli_server/cli_server.py:209]: CLI server stopped
2026-04-10 00:12:12,017 [INFO] [MainThread] [root/bar_manager.py:111]: Stopping SystemEventListener...
2026-04-10 00:12:12,019 [INFO] [MainThread] [root/bar_manager.py:111]: Stopping KomorebiEventListener...
2026-04-10 00:12:12,020 [INFO] [MainThread] [root/bar_manager.py:111]: Stopping WindowsNotificationEventListener...
2026-04-10 00:12:12,024 [DEBUG] [MainThread] [systray_widget/systray.py:596]: Saving state to C:\Users\mathe\AppData\Local\YASB\systray_state_APSF24M.json
2026-04-10 00:12:12,035 [DEBUG] [MainThread] [systray_widget/utils.py:154]: Destroying window 132048
2026-04-10 00:12:12,035 [DEBUG] [SystrayMonitor] [systray_widget/systray_monitor.py:125]: WM_CLOSE received, destroying window 132048
2026-04-10 00:12:12,035 [DEBUG] [SystrayMonitor] [systray_widget/systray_monitor.py:129]: WM_DESTROY received for window 132048
2026-04-10 20:26:29,694 [INFO] [MainThread] [root/log.py:99]: YASB v1.9.1
2026-04-10 20:26:29,695 [INFO] [CLIPipeServer] [cli_server/cli_server.py:215]: CLI server started v1.1.6
2026-04-10 20:26:29,696 [INFO] [MainThread] [cli_server/cli_server.py:106]: Log pipe server started
2026-04-10 20:26:31,308 [INFO] [MainThread] [root/service.py:41]: AudioInputService starting...
2026-04-10 20:26:31,377 [INFO] [MainThread] [root/service.py:52]: AudioOutputService starting...
2026-04-10 20:26:31,518 [INFO] [MainThread] [root/bar_manager.py:95]: Starting KomorebiEventListener...
2026-04-10 20:26:31,519 [INFO] [MainThread] [root/bar_manager.py:95]: Starting WindowsNotificationEventListener...
2026-04-10 20:26:31,519 [INFO] [MainThread] [root/bar_manager.py:95]: Starting SystemEventListener...
2026-04-10 20:26:31,519 [INFO] [Dummy-6] [root/event_listener.py:55]: Created named pipe yasb-b4ece023-3534-11f1-b16e-b42e99f04de0
2026-04-10 20:26:31,521 [INFO] [MainThread] [root/watcher.py:65]: Watching directory: c:\users\mathe\.config\yasb
2026-04-10 20:26:31,521 [INFO] [MainThread] [root/watcher.py:104]: Created file watcher
2026-04-10 20:26:31,816 [INFO] [MainThread] [root/update_service.py:429]: Background update checker started
2026-04-10 20:26:31,924 [DEBUG] [MainThread] [systray_widget/systray.py:614]: Loading state from C:\Users\mathe\AppData\Local\YASB\systray_state_APSF24M.json
2026-04-10 20:26:31,937 [DEBUG] [SystrayMonitor] [systray_widget/systray.py:63]: Systray monitor thread is starting...
2026-04-10 20:26:32,217 [DEBUG] [SystrayMonitor] [systray_widget/systray_monitor.py:119]: Adding TaskbandHWND prop to hwnd 66480
2026-04-10 20:26:32,224 [DEBUG] [SystrayMonitor] [systray_widget/systray_monitor.py:197]: Finding real tray hwnd
2026-04-10 20:26:32,225 [DEBUG] [MainThread] [systray_widget/systray.py:261]: Sending TaskbarCreated message: 49288
2026-04-10 20:26:32,226 [DEBUG] [MainThread] [systray_widget/systray.py:263]: Systray icons refreshed
2026-04-10 20:26:34,391 [ERROR] [SystrayMonitor] [root/app_icons.py:282]: GetIconInfo failed: 0
2026-04-10 20:27:07,153 [INFO] [Dummy-6] [root/event_listener.py:149]: Komorebi connected to named pipe: yasb-b4ece023-3534-11f1-b16e-b42e99f04de0
2026-04-10 22:21:17,584 [ERROR] [MainThread] [open_meteo/api.py:104]: No internet connection or host not found. Unable to fetch weather.
2026-04-10 22:21:17,585 [WARNING] [MainThread] [root/open_meteo.py:906]: Error processing Open-Meteo data: Weather data is empty.
2026-04-10 22:21:27,586 [ERROR] [MainThread] [open_meteo/api.py:104]: No internet connection or host not found. Unable to fetch weather.
2026-04-10 22:21:27,586 [WARNING] [MainThread] [root/open_meteo.py:906]: Error processing Open-Meteo data: Weather data is empty.
2026-04-10 22:21:48,653 [ERROR] [MainThread] [open_meteo/api.py:104]: No internet connection or host not found. Unable to fetch weather.
2026-04-10 22:21:48,653 [WARNING] [MainThread] [root/open_meteo.py:906]: Error processing Open-Meteo data: Weather data is empty.
2026-04-10 22:21:58,657 [ERROR] [MainThread] [open_meteo/api.py:104]: No internet connection or host not found. Unable to fetch weather.
2026-04-10 22:21:58,657 [WARNING] [MainThread] [root/open_meteo.py:906]: Error processing Open-Meteo data: Weather data is empty.
2026-04-10 22:22:08,655 [ERROR] [MainThread] [open_meteo/api.py:104]: No internet connection or host not found. Unable to fetch weather.
2026-04-10 22:22:08,656 [WARNING] [MainThread] [root/open_meteo.py:906]: Error processing Open-Meteo data: Weather data is empty.
2026-04-10 22:22:12,375 [DEBUG] [MainThread] [root/utilities.py:308]: Failed to get UWP app name from PackageManager: [WinError -2147023060] A chamada RPC contém um identificador que é diferente do tipo de identificador declarado.
2026-04-10 22:22:29,745 [ERROR] [MainThread] [open_meteo/api.py:104]: No internet connection or host not found. Unable to fetch weather.
2026-04-10 22:22:29,746 [WARNING] [MainThread] [root/open_meteo.py:906]: Error processing Open-Meteo data: Weather data is empty.
2026-04-10 22:22:39,741 [ERROR] [MainThread] [open_meteo/api.py:104]: No internet connection or host not found. Unable to fetch weather.
2026-04-10 22:22:39,741 [WARNING] [MainThread] [root/open_meteo.py:906]: Error processing Open-Meteo data: Weather data is empty.
2026-04-10 22:22:45,799 [DEBUG] [MainThread] [root/utilities.py:211]: Direct UWP lookup failed for windows.immersivecontrolpanel_10.0.8.1000_neutral_neutral_cw5n1h2txyewy: [WinError -2147023060] A chamada RPC contém um identificador que é diferente do tipo de identificador declarado.
2026-04-10 22:22:45,799 [DEBUG] [MainThread] [root/utilities.py:233]: Fallback UWP lookup failed for windows.immersivecontrolpanel_10.0.8.1000_neutral_neutral_cw5n1h2txyewy: [WinError -2147023060] A chamada RPC contém um identificador que é diferente do tipo de identificador declarado.
2026-04-10 22:22:49,735 [ERROR] [MainThread] [open_meteo/api.py:104]: No internet connection or host not found. Unable to fetch weather.
2026-04-10 22:22:49,735 [WARNING] [MainThread] [root/open_meteo.py:906]: Error processing Open-Meteo data: Weather data is empty.
2026-04-10 23:34:01,369 [DEBUG] [MainThread] [root/utilities.py:211]: Direct UWP lookup failed for windows.immersivecontrolpanel_10.0.8.1000_neutral_neutral_cw5n1h2txyewy: [WinError -2147023060] A chamada RPC contém um identificador que é diferente do tipo de identificador declarado.
2026-04-10 23:34:01,370 [DEBUG] [MainThread] [root/utilities.py:233]: Fallback UWP lookup failed for windows.immersivecontrolpanel_10.0.8.1000_neutral_neutral_cw5n1h2txyewy: [WinError -2147023060] A chamada RPC contém um identificador que é diferente do tipo de identificador declarado.
2026-04-10 23:35:46,411 [DEBUG] [MainThread] [root/utilities.py:211]: Direct UWP lookup failed for MicrosoftWindows.Client.CBS_1000.26100.300.0_x64__cw5n1h2txyewy: [WinError -2147023060] A chamada RPC contém um identificador que é diferente do tipo de identificador declarado.
2026-04-10 23:35:46,411 [DEBUG] [MainThread] [root/utilities.py:233]: Fallback UWP lookup failed for MicrosoftWindows.Client.CBS_1000.26100.300.0_x64__cw5n1h2txyewy: [WinError -2147023060] A chamada RPC contém um identificador que é diferente do tipo de identificador declarado.
2026-04-10 23:36:07,874 [DEBUG] [MainThread] [root/utilities.py:211]: Direct UWP lookup failed for Microsoft.Windows.StartMenuExperienceHost_10.0.26100.4768_neutral_neutral_cw5n1h2txyewy: [WinError -2147023060] A chamada RPC contém um identificador que é diferente do tipo de identificador declarado.
2026-04-10 23:36:07,874 [DEBUG] [MainThread] [root/utilities.py:233]: Fallback UWP lookup failed for Microsoft.Windows.StartMenuExperienceHost_10.0.26100.4768_neutral_neutral_cw5n1h2txyewy: [WinError -2147023060] A chamada RPC contém um identificador que é diferente do tipo de identificador declarado.
2026-04-10 23:36:15,360 [DEBUG] [MainThread] [root/utilities.py:211]: Direct UWP lookup failed for Microsoft.WindowsStore_22602.1401.6.0_x64__8wekyb3d8bbwe: [WinError -2147023060] A chamada RPC contém um identificador que é diferente do tipo de identificador declarado.
2026-04-10 23:36:15,361 [DEBUG] [MainThread] [root/utilities.py:233]: Fallback UWP lookup failed for Microsoft.WindowsStore_22602.1401.6.0_x64__8wekyb3d8bbwe: [WinError -2147023060] A chamada RPC contém um identificador que é diferente do tipo de identificador declarado.
2026-04-10 23:39:00,027 [DEBUG] [MainThread] [root/utilities.py:211]: Direct UWP lookup failed for windows.immersivecontrolpanel_10.0.8.1000_neutral_neutral_cw5n1h2txyewy: [WinError -2147023060] A chamada RPC contém um identificador que é diferente do tipo de identificador declarado.
2026-04-10 23:39:00,028 [DEBUG] [MainThread] [root/utilities.py:233]: Fallback UWP lookup failed for windows.immersivecontrolpanel_10.0.8.1000_neutral_neutral_cw5n1h2txyewy: [WinError -2147023060] A chamada RPC contém um identificador que é diferente do tipo de identificador declarado.
2026-04-10 23:40:31,064 [DEBUG] [MainThread] [root/utilities.py:262]: Failed to get version info for C:\Program Files (x86)\WOMic\WOMicClient.exe: (1813, 'GetFileVersionInfo:GetFileVersionInfoSize', 'Não foi possível encontrar o tipo de recurso especificado no arquivo de imagem.')
2026-04-10 23:43:16,295 [DEBUG] [MainThread] [root/utilities.py:211]: Direct UWP lookup failed for windows.immersivecontrolpanel_10.0.8.1000_neutral_neutral_cw5n1h2txyewy: [WinError -2147023060] A chamada RPC contém um identificador que é diferente do tipo de identificador declarado.
2026-04-10 23:43:16,296 [DEBUG] [MainThread] [root/utilities.py:233]: Fallback UWP lookup failed for windows.immersivecontrolpanel_10.0.8.1000_neutral_neutral_cw5n1h2txyewy: [WinError -2147023060] A chamada RPC contém um identificador que é diferente do tipo de identificador declarado.
2026-04-10 23:50:50,275 [DEBUG] [MainThread] [root/utilities.py:211]: Direct UWP lookup failed for windows.immersivecontrolpanel_10.0.8.1000_neutral_neutral_cw5n1h2txyewy: [WinError -2147023060] A chamada RPC contém um identificador que é diferente do tipo de identificador declarado.
2026-04-10 23:50:50,276 [DEBUG] [MainThread] [root/utilities.py:233]: Fallback UWP lookup failed for windows.immersivecontrolpanel_10.0.8.1000_neutral_neutral_cw5n1h2txyewy: [WinError -2147023060] A chamada RPC contém um identificador que é diferente do tipo de identificador declarado.
2026-04-11 00:04:51,692 [DEBUG] [MainThread] [root/utilities.py:211]: Direct UWP lookup failed for windows.immersivecontrolpanel_10.0.8.1000_neutral_neutral_cw5n1h2txyewy: [WinError -2147023060] A chamada RPC contém um identificador que é diferente do tipo de identificador declarado.
2026-04-11 00:04:51,692 [DEBUG] [MainThread] [root/utilities.py:233]: Fallback UWP lookup failed for windows.immersivecontrolpanel_10.0.8.1000_neutral_neutral_cw5n1h2txyewy: [WinError -2147023060] A chamada RPC contém um identificador que é diferente do tipo de identificador declarado.
2026-04-11 00:05:08,566 [ERROR] [WiFiWorker] [wifi_widget/wifi_managers.py:148]: WiFiWorker error: [WinError -2147024809] Parâmetro incorreto.
2026-04-11 00:05:30,499 [ERROR] [WiFiWorker] [wifi_widget/wifi_managers.py:148]: WiFiWorker error: [WinError -2147024846] Não há suporte para o pedido.
2026-04-11 01:25:25,646 [INFO] [MainThread] [root/controller.py:43]: Exiting Application...
2026-04-11 01:25:25,760 [INFO] [MainThread] [cli_server/cli_server.py:114]: Log pipe server stopped
2026-04-11 01:25:25,760 [DEBUG] [MainThread] [cli_server/cli_server.py:209]: CLI server stopped
2026-04-11 01:25:25,820 [INFO] [MainThread] [root/bar_manager.py:111]: Stopping KomorebiEventListener...
2026-04-11 01:25:25,822 [INFO] [MainThread] [root/bar_manager.py:111]: Stopping WindowsNotificationEventListener...
2026-04-11 01:25:25,824 [INFO] [MainThread] [root/bar_manager.py:111]: Stopping SystemEventListener...
2026-04-11 01:25:25,825 [DEBUG] [MainThread] [systray_widget/systray.py:596]: Saving state to C:\Users\mathe\AppData\Local\YASB\systray_state_APSF24M.json
2026-04-11 01:25:25,835 [DEBUG] [MainThread] [systray_widget/utils.py:154]: Destroying window 66480
2026-04-11 01:25:25,836 [DEBUG] [SystrayMonitor] [systray_widget/systray_monitor.py:125]: WM_CLOSE received, destroying window 66480
2026-04-11 01:25:25,836 [DEBUG] [SystrayMonitor] [systray_widget/systray_monitor.py:129]: WM_DESTROY received for window 66480
2026-04-11 15:23:31,241 [INFO] [MainThread] [root/log.py:99]: YASB v1.9.1
2026-04-11 15:23:31,242 [INFO] [CLIPipeServer] [cli_server/cli_server.py:215]: CLI server started v1.1.6
2026-04-11 15:23:31,242 [INFO] [MainThread] [cli_server/cli_server.py:106]: Log pipe server started
2026-04-11 15:23:32,786 [INFO] [MainThread] [root/service.py:41]: AudioInputService starting...
2026-04-11 15:23:32,855 [INFO] [MainThread] [root/service.py:52]: AudioOutputService starting...
2026-04-11 15:23:32,996 [INFO] [MainThread] [root/bar_manager.py:95]: Starting KomorebiEventListener...
2026-04-11 15:23:32,996 [INFO] [MainThread] [root/bar_manager.py:95]: Starting WindowsNotificationEventListener...
2026-04-11 15:23:32,996 [INFO] [MainThread] [root/bar_manager.py:95]: Starting SystemEventListener...
2026-04-11 15:23:32,997 [INFO] [Dummy-6] [root/event_listener.py:55]: Created named pipe yasb-8c183cf4-35d3-11f1-bf9e-b3d6868655fb
2026-04-11 15:23:32,998 [INFO] [MainThread] [root/watcher.py:65]: Watching directory: c:\users\mathe\.config\yasb
2026-04-11 15:23:33,000 [INFO] [MainThread] [root/watcher.py:104]: Created file watcher
2026-04-11 15:23:33,268 [INFO] [MainThread] [root/update_service.py:429]: Background update checker started
2026-04-11 15:23:33,379 [DEBUG] [MainThread] [systray_widget/systray.py:614]: Loading state from C:\Users\mathe\AppData\Local\YASB\systray_state_APSF24M.json
2026-04-11 15:23:33,389 [DEBUG] [SystrayMonitor] [systray_widget/systray.py:63]: Systray monitor thread is starting...
2026-04-11 15:23:33,667 [DEBUG] [SystrayMonitor] [systray_widget/systray_monitor.py:119]: Adding TaskbandHWND prop to hwnd 131966
2026-04-11 15:23:33,674 [DEBUG] [SystrayMonitor] [systray_widget/systray_monitor.py:197]: Finding real tray hwnd
2026-04-11 15:23:33,676 [DEBUG] [MainThread] [systray_widget/systray.py:261]: Sending TaskbarCreated message: 49272
2026-04-11 15:23:33,676 [DEBUG] [MainThread] [systray_widget/systray.py:263]: Systray icons refreshed
2026-04-11 15:23:37,078 [ERROR] [SystrayMonitor] [root/app_icons.py:282]: GetIconInfo failed: 0
2026-04-11 15:23:48,428 [INFO] [Dummy-6] [root/event_listener.py:149]: Komorebi connected to named pipe: yasb-8c183cf4-35d3-11f1-bf9e-b3d6868655fb
2026-04-11 20:10:53,691 [ERROR] [WiFiWorker] [wifi_widget/wifi_managers.py:148]: WiFiWorker error: [WinError -2147024846] Não há suporte para o pedido.
2026-04-12 02:59:00,483 [INFO] [MainThread] [root/controller.py:43]: Exiting Application...
2026-04-12 02:59:00,590 [INFO] [MainThread] [cli_server/cli_server.py:114]: Log pipe server stopped
2026-04-12 02:59:00,591 [DEBUG] [MainThread] [cli_server/cli_server.py:209]: CLI server stopped
2026-04-12 02:59:00,664 [INFO] [MainThread] [root/bar_manager.py:111]: Stopping KomorebiEventListener...
2026-04-12 02:59:00,665 [INFO] [MainThread] [root/bar_manager.py:111]: Stopping WindowsNotificationEventListener...
2026-04-12 02:59:00,668 [INFO] [MainThread] [root/bar_manager.py:111]: Stopping SystemEventListener...
2026-04-12 02:59:00,673 [DEBUG] [MainThread] [systray_widget/systray.py:596]: Saving state to C:\Users\mathe\AppData\Local\YASB\systray_state_APSF24M.json
2026-04-12 02:59:00,686 [DEBUG] [MainThread] [systray_widget/utils.py:154]: Destroying window 131966
2026-04-12 02:59:00,686 [DEBUG] [SystrayMonitor] [systray_widget/systray_monitor.py:125]: WM_CLOSE received, destroying window 131966
2026-04-12 02:59:00,686 [DEBUG] [SystrayMonitor] [systray_widget/systray_monitor.py:129]: WM_DESTROY received for window 131966
2026-04-12 13:44:59,877 [INFO] [MainThread] [root/log.py:99]: YASB v1.9.1
2026-04-12 13:44:59,878 [INFO] [CLIPipeServer] [cli_server/cli_server.py:215]: CLI server started v1.1.6
2026-04-12 13:44:59,879 [INFO] [MainThread] [cli_server/cli_server.py:106]: Log pipe server started
2026-04-12 13:45:01,476 [INFO] [MainThread] [root/service.py:41]: AudioInputService starting...
2026-04-12 13:45:01,546 [INFO] [MainThread] [root/service.py:52]: AudioOutputService starting...
2026-04-12 13:45:01,692 [INFO] [MainThread] [root/bar_manager.py:95]: Starting KomorebiEventListener...
2026-04-12 13:45:01,692 [INFO] [MainThread] [root/bar_manager.py:95]: Starting WindowsNotificationEventListener...
2026-04-12 13:45:01,692 [INFO] [MainThread] [root/bar_manager.py:95]: Starting SystemEventListener...
2026-04-12 13:45:01,693 [INFO] [MainThread] [root/watcher.py:65]: Watching directory: c:\users\mathe\.config\yasb
2026-04-12 13:45:01,693 [INFO] [MainThread] [root/watcher.py:104]: Created file watcher
2026-04-12 13:45:01,693 [INFO] [Dummy-8] [root/event_listener.py:55]: Created named pipe yasb-f3188b15-368e-11f1-95ff-f560bd6e4608
2026-04-12 13:45:02,095 [INFO] [MainThread] [root/update_service.py:429]: Background update checker started
2026-04-12 13:45:02,205 [DEBUG] [MainThread] [systray_widget/systray.py:614]: Loading state from C:\Users\mathe\AppData\Local\YASB\systray_state_APSF24M.json
2026-04-12 13:45:02,215 [DEBUG] [SystrayMonitor] [systray_widget/systray.py:63]: Systray monitor thread is starting...
2026-04-12 13:45:02,530 [DEBUG] [SystrayMonitor] [systray_widget/systray_monitor.py:119]: Adding TaskbandHWND prop to hwnd 66592
2026-04-12 13:45:02,532 [DEBUG] [SystrayMonitor] [systray_widget/systray_monitor.py:197]: Finding real tray hwnd
2026-04-12 13:45:02,534 [DEBUG] [MainThread] [systray_widget/systray.py:261]: Sending TaskbarCreated message: 49288
2026-04-12 13:45:02,534 [DEBUG] [MainThread] [systray_widget/systray.py:263]: Systray icons refreshed
2026-04-12 13:45:05,262 [ERROR] [SystrayMonitor] [root/app_icons.py:282]: GetIconInfo failed: 0
2026-04-12 13:45:22,308 [INFO] [Dummy-8] [root/event_listener.py:149]: Komorebi connected to named pipe: yasb-f3188b15-368e-11f1-95ff-f560bd6e4608
2026-04-12 14:50:46,487 [ERROR] [WiFiWorker] [wifi_widget/wifi_managers.py:148]: WiFiWorker error: [WinError -2147024809] Parâmetro incorreto.
2026-04-12 14:50:46,597 [ERROR] [WiFiWorker] [wifi_widget/wifi_managers.py:148]: WiFiWorker error: [WinError -2147024809] Parâmetro incorreto.
2026-04-12 14:51:25,813 [INFO] [MainThread] [root/bar_manager.py:111]: Stopping KomorebiEventListener...
2026-04-12 14:51:25,817 [INFO] [MainThread] [root/bar_manager.py:111]: Stopping WindowsNotificationEventListener...
2026-04-12 14:51:25,834 [INFO] [MainThread] [root/bar_manager.py:111]: Stopping SystemEventListener...
2026-04-12 14:51:25,843 [DEBUG] [MainThread] [systray_widget/systray.py:596]: Saving state to C:\Users\mathe\AppData\Local\YASB\systray_state_APSF24M.json
2026-04-12 14:51:25,902 [DEBUG] [MainThread] [systray_widget/utils.py:154]: Destroying window 66592
2026-04-12 14:51:25,902 [DEBUG] [SystrayMonitor] [systray_widget/systray_monitor.py:125]: WM_CLOSE received, destroying window 66592
2026-04-12 14:51:25,903 [DEBUG] [SystrayMonitor] [systray_widget/systray_monitor.py:129]: WM_DESTROY received for window 66592
2026-04-12 14:52:32,898 [INFO] [MainThread] [root/log.py:99]: YASB v1.9.1
2026-04-12 14:52:32,899 [INFO] [CLIPipeServer] [cli_server/cli_server.py:215]: CLI server started v1.1.6
2026-04-12 14:52:32,899 [INFO] [MainThread] [cli_server/cli_server.py:106]: Log pipe server started
2026-04-12 14:52:34,757 [INFO] [MainThread] [root/service.py:41]: AudioInputService starting...
2026-04-12 14:52:34,871 [INFO] [MainThread] [root/service.py:52]: AudioOutputService starting...
2026-04-12 14:52:35,016 [INFO] [MainThread] [root/bar_manager.py:95]: Starting KomorebiEventListener...
2026-04-12 14:52:35,016 [INFO] [MainThread] [root/bar_manager.py:95]: Starting WindowsNotificationEventListener...
2026-04-12 14:52:35,016 [INFO] [MainThread] [root/bar_manager.py:95]: Starting SystemEventListener...
2026-04-12 14:52:35,017 [INFO] [Dummy-7] [root/event_listener.py:55]: Created named pipe yasb-6310b558-3698-11f1-a486-ebe1e18ae035
2026-04-12 14:52:35,017 [INFO] [MainThread] [root/watcher.py:65]: Watching directory: c:\users\mathe\.config\yasb
2026-04-12 14:52:35,018 [INFO] [MainThread] [root/watcher.py:104]: Created file watcher
2026-04-12 14:52:35,335 [INFO] [MainThread] [root/update_service.py:429]: Background update checker started
2026-04-12 14:52:35,465 [DEBUG] [MainThread] [systray_widget/systray.py:614]: Loading state from C:\Users\mathe\AppData\Local\YASB\systray_state_APSF24M.json
2026-04-12 14:52:35,475 [DEBUG] [SystrayMonitor] [systray_widget/systray.py:63]: Systray monitor thread is starting...
2026-04-12 14:52:35,674 [WARNING] [UpdateChecker] [root/update_service.py:296]: Network error checking for updates: [Errno 11001] getaddrinfo failed
2026-04-12 14:52:35,674 [WARNING] [UpdateChecker] [root/update_service.py:425]: Background update check failed: <urlopen error [Errno 11001] getaddrinfo failed>
2026-04-12 14:52:35,709 [DEBUG] [SystrayMonitor] [systray_widget/systray_monitor.py:119]: Adding TaskbandHWND prop to hwnd 132074
2026-04-12 14:52:35,711 [DEBUG] [MainThread] [systray_widget/systray.py:261]: Sending TaskbarCreated message: 49253
2026-04-12 14:52:35,711 [DEBUG] [MainThread] [systray_widget/systray.py:263]: Systray icons refreshed
2026-04-12 14:52:51,501 [DEBUG] [SystrayMonitor] [systray_widget/systray_monitor.py:197]: Finding real tray hwnd
2026-04-12 16:52:35,443 [ERROR] [MainThread] [open_meteo/api.py:104]: No internet connection or host not found. Unable to fetch weather.
2026-04-12 16:52:35,445 [WARNING] [MainThread] [root/open_meteo.py:906]: Error processing Open-Meteo data: Weather data is empty.
2026-04-12 19:04:14,141 [INFO] [MainThread] [root/controller.py:43]: Exiting Application from tray...
2026-04-12 19:04:14,245 [INFO] [MainThread] [cli_server/cli_server.py:114]: Log pipe server stopped
2026-04-12 19:04:14,245 [DEBUG] [MainThread] [cli_server/cli_server.py:209]: CLI server stopped
2026-04-12 19:04:14,301 [INFO] [MainThread] [root/bar_manager.py:111]: Stopping KomorebiEventListener...
2026-04-14 21:15:52,329 [INFO] [MainThread] [root/log.py:99]: YASB v1.9.1
2026-04-14 21:15:52,330 [INFO] [CLIPipeServer] [cli_server/cli_server.py:215]: CLI server started v1.1.6
2026-04-14 21:15:52,330 [INFO] [MainThread] [cli_server/cli_server.py:106]: Log pipe server started
2026-04-14 21:15:54,002 [INFO] [MainThread] [root/service.py:41]: AudioInputService starting...
2026-04-14 21:15:54,187 [INFO] [MainThread] [root/service.py:52]: AudioOutputService starting...
2026-04-14 21:15:54,340 [INFO] [MainThread] [root/bar_manager.py:95]: Starting KomorebiEventListener...
2026-04-14 21:15:54,341 [INFO] [MainThread] [root/bar_manager.py:95]: Starting SystemEventListener...
2026-04-14 21:15:54,341 [INFO] [MainThread] [root/bar_manager.py:95]: Starting WindowsNotificationEventListener...
2026-04-14 21:15:54,341 [INFO] [Dummy-6] [root/event_listener.py:55]: Created named pipe yasb-448ea2b7-3860-11f1-b809-b42e99f04de0
2026-04-14 21:15:54,342 [INFO] [MainThread] [root/watcher.py:65]: Watching directory: c:\users\mathe\.config\yasb
2026-04-14 21:15:54,342 [INFO] [MainThread] [root/watcher.py:104]: Created file watcher
2026-04-14 21:15:54,660 [INFO] [MainThread] [root/update_service.py:429]: Background update checker started
2026-04-14 21:15:54,788 [DEBUG] [MainThread] [systray_widget/systray.py:614]: Loading state from C:\Users\mathe\AppData\Local\YASB\systray_state_APSF24M.json
2026-04-14 21:15:54,800 [DEBUG] [SystrayMonitor] [systray_widget/systray.py:63]: Systray monitor thread is starting...
2026-04-14 21:15:55,079 [DEBUG] [SystrayMonitor] [systray_widget/systray_monitor.py:119]: Adding TaskbandHWND prop to hwnd 66492
2026-04-14 21:15:55,086 [DEBUG] [SystrayMonitor] [systray_widget/systray_monitor.py:197]: Finding real tray hwnd
2026-04-14 21:15:55,088 [DEBUG] [MainThread] [systray_widget/systray.py:261]: Sending TaskbarCreated message: 49252
2026-04-14 21:15:55,088 [DEBUG] [MainThread] [systray_widget/systray.py:263]: Systray icons refreshed
2026-04-14 21:15:56,609 [ERROR] [SystrayMonitor] [root/app_icons.py:282]: GetIconInfo failed: 0
2026-04-14 21:16:30,086 [INFO] [Dummy-6] [root/event_listener.py:149]: Komorebi connected to named pipe: yasb-448ea2b7-3860-11f1-b809-b42e99f04de0
2026-04-14 23:53:39,088 [INFO] [MainThread] [root/controller.py:43]: Exiting Application...
2026-04-14 23:53:39,204 [INFO] [MainThread] [cli_server/cli_server.py:114]: Log pipe server stopped
2026-04-14 23:53:39,204 [DEBUG] [MainThread] [cli_server/cli_server.py:209]: CLI server stopped
2026-04-14 23:53:39,266 [INFO] [MainThread] [root/bar_manager.py:111]: Stopping KomorebiEventListener...
2026-04-14 23:53:39,267 [INFO] [MainThread] [root/bar_manager.py:111]: Stopping SystemEventListener...
2026-04-14 23:53:39,268 [INFO] [MainThread] [root/bar_manager.py:111]: Stopping WindowsNotificationEventListener...
2026-04-14 23:53:39,272 [DEBUG] [MainThread] [systray_widget/systray.py:596]: Saving state to C:\Users\mathe\AppData\Local\YASB\systray_state_APSF24M.json
2026-04-14 23:53:39,284 [DEBUG] [MainThread] [systray_widget/utils.py:154]: Destroying window 66492
2026-04-14 23:53:39,284 [DEBUG] [SystrayMonitor] [systray_widget/systray_monitor.py:125]: WM_CLOSE received, destroying window 66492
2026-04-14 23:53:39,284 [DEBUG] [SystrayMonitor] [systray_widget/systray_monitor.py:129]: WM_DESTROY received for window 66492
2026-04-18 14:10:36,820 [INFO] [MainThread] [root/log.py:99]: YASB v1.9.1
2026-04-18 14:10:36,821 [INFO] [CLIPipeServer] [cli_server/cli_server.py:215]: CLI server started v1.1.6
2026-04-18 14:10:36,821 [INFO] [MainThread] [cli_server/cli_server.py:106]: Log pipe server started
2026-04-18 14:10:38,538 [INFO] [MainThread] [root/service.py:41]: AudioInputService starting...
2026-04-18 14:10:38,624 [INFO] [MainThread] [root/service.py:52]: AudioOutputService starting...
2026-04-18 14:10:38,817 [INFO] [MainThread] [root/bar_manager.py:95]: Starting KomorebiEventListener...
2026-04-18 14:10:38,818 [INFO] [MainThread] [root/bar_manager.py:95]: Starting SystemEventListener...
2026-04-18 14:10:38,818 [INFO] [MainThread] [root/bar_manager.py:95]: Starting WindowsNotificationEventListener...
2026-04-18 14:10:38,818 [INFO] [Dummy-6] [root/event_listener.py:55]: Created named pipe yasb-85c5cb2c-3b49-11f1-9869-b42e99f04de0
2026-04-18 14:10:38,819 [INFO] [MainThread] [root/watcher.py:65]: Watching directory: c:\users\mathe\.config\yasb
2026-04-18 14:10:38,819 [INFO] [MainThread] [root/watcher.py:104]: Created file watcher
2026-04-18 14:10:39,125 [INFO] [MainThread] [root/update_service.py:429]: Background update checker started
2026-04-18 14:10:39,299 [DEBUG] [MainThread] [systray_widget/systray.py:614]: Loading state from C:\Users\mathe\AppData\Local\YASB\systray_state_APSF24M.json
2026-04-18 14:10:39,320 [DEBUG] [SystrayMonitor] [systray_widget/systray.py:63]: Systray monitor thread is starting...
2026-04-18 14:10:39,660 [DEBUG] [SystrayMonitor] [systray_widget/systray_monitor.py:119]: Adding TaskbandHWND prop to hwnd 197820
2026-04-18 14:10:39,663 [DEBUG] [SystrayMonitor] [systray_widget/systray_monitor.py:197]: Finding real tray hwnd
2026-04-18 14:10:39,666 [DEBUG] [MainThread] [systray_widget/systray.py:261]: Sending TaskbarCreated message: 49272
2026-04-18 14:10:39,666 [DEBUG] [MainThread] [systray_widget/systray.py:263]: Systray icons refreshed
2026-04-18 14:11:01,306 [ERROR] [SystrayMonitor] [root/app_icons.py:282]: GetIconInfo failed: 0
2026-04-18 14:11:39,807 [INFO] [Dummy-6] [root/event_listener.py:149]: Komorebi connected to named pipe: yasb-85c5cb2c-3b49-11f1-9869-b42e99f04de0
2026-04-18 22:35:44,294 [INFO] [MainThread] [root/bar_manager.py:111]: Stopping KomorebiEventListener...
2026-04-18 22:35:44,316 [INFO] [MainThread] [root/bar_manager.py:111]: Stopping SystemEventListener...
2026-04-18 22:35:44,329 [INFO] [MainThread] [root/bar_manager.py:111]: Stopping WindowsNotificationEventListener...
2026-04-18 22:35:44,333 [DEBUG] [MainThread] [systray_widget/systray.py:596]: Saving state to C:\Users\mathe\AppData\Local\YASB\systray_state_APSF24M.json
2026-04-18 22:35:44,346 [DEBUG] [MainThread] [systray_widget/utils.py:154]: Destroying window 197820
2026-04-18 22:35:44,346 [DEBUG] [SystrayMonitor] [systray_widget/systray_monitor.py:125]: WM_CLOSE received, destroying window 197820
2026-04-18 22:35:44,346 [DEBUG] [SystrayMonitor] [systray_widget/systray_monitor.py:129]: WM_DESTROY received for window 197820
2026-04-19 15:07:24,784 [INFO] [MainThread] [root/log.py:99]: YASB v1.9.1
2026-04-19 15:07:24,785 [INFO] [CLIPipeServer] [cli_server/cli_server.py:215]: CLI server started v1.1.6
2026-04-19 15:07:24,785 [INFO] [MainThread] [cli_server/cli_server.py:106]: Log pipe server started
2026-04-19 15:07:27,303 [INFO] [MainThread] [root/service.py:41]: AudioInputService starting...
2026-04-19 15:07:27,478 [INFO] [MainThread] [root/service.py:52]: AudioOutputService starting...
2026-04-19 15:07:28,051 [INFO] [MainThread] [root/bar_manager.py:95]: Starting KomorebiEventListener...
2026-04-19 15:07:28,051 [INFO] [MainThread] [root/bar_manager.py:95]: Starting SystemEventListener...
2026-04-19 15:07:28,052 [INFO] [MainThread] [root/bar_manager.py:95]: Starting WindowsNotificationEventListener...
2026-04-19 15:07:28,053 [INFO] [MainThread] [root/watcher.py:65]: Watching directory: c:\users\mathe\.config\yasb
2026-04-19 15:07:28,053 [INFO] [MainThread] [root/watcher.py:104]: Created file watcher
2026-04-19 15:07:28,053 [INFO] [Dummy-8] [root/event_listener.py:55]: Created named pipe yasb-a03f5321-3c1a-11f1-978f-b42e99f04de0
2026-04-19 15:07:28,561 [INFO] [MainThread] [root/update_service.py:429]: Background update checker started
2026-04-19 15:07:28,735 [DEBUG] [MainThread] [systray_widget/systray.py:614]: Loading state from C:\Users\mathe\AppData\Local\YASB\systray_state_APSF24M.json
2026-04-19 15:07:28,748 [DEBUG] [SystrayMonitor] [systray_widget/systray.py:63]: Systray monitor thread is starting...
2026-04-19 15:07:29,143 [DEBUG] [SystrayMonitor] [systray_widget/systray_monitor.py:119]: Adding TaskbandHWND prop to hwnd 66616
2026-04-19 15:07:29,146 [DEBUG] [SystrayMonitor] [systray_widget/systray_monitor.py:197]: Finding real tray hwnd
2026-04-19 15:07:29,149 [DEBUG] [MainThread] [systray_widget/systray.py:261]: Sending TaskbarCreated message: 49288
2026-04-19 15:07:29,150 [DEBUG] [MainThread] [systray_widget/systray.py:263]: Systray icons refreshed
2026-04-19 15:07:40,389 [ERROR] [SystrayMonitor] [root/app_icons.py:282]: GetIconInfo failed: 0
2026-04-19 15:08:14,119 [INFO] [Dummy-8] [root/event_listener.py:149]: Komorebi connected to named pipe: yasb-a03f5321-3c1a-11f1-978f-b42e99f04de0
2026-04-19 15:10:19,981 [WARNING] [Dummy-8] [root/event_listener.py:96]: Pipe has been ended: (109, 'PeekNamedPipe', 'O pipe foi finalizado.')
2026-04-19 15:10:19,981 [INFO] [Dummy-8] [root/event_listener.py:108]: Attempting to reconnect to Komorebi...
2026-04-19 15:10:22,983 [INFO] [Dummy-8] [root/event_listener.py:55]: Created named pipe yasb-a03f5321-3c1a-11f1-978f-b42e99f04de0
2026-04-19 15:17:20,074 [DEBUG] [Thread-6] [root/watcher.py:90]: Config file modified: c:\users\mathe\.config\yasb\config.yaml
2026-04-19 15:19:17,938 [DEBUG] [Thread-6] [root/watcher.py:90]: Config file modified: c:\users\mathe\.config\yasb\config.yaml
2026-04-19 15:19:17,959 [ERROR] [MainThread] [root/config.py:121]: The config file 'C:\Users\mathe\.config\yasb\config.yaml' contains validation errors. Please fix:
widgets:
  glazewm_workspaces:
    str:
    - Input should be a valid string
    dict[str,any]:
    - Input should be a valid dictionary

2026-04-19 15:20:04,822 [DEBUG] [Thread-6] [root/watcher.py:84]: Stylesheet modified: c:\users\mathe\.config\yasb\styles.css
2026-04-19 15:20:10,334 [DEBUG] [Thread-6] [root/watcher.py:84]: Stylesheet modified: c:\users\mathe\.config\yasb\styles.css
2026-04-19 15:20:50,936 [DEBUG] [Thread-6] [root/watcher.py:84]: Stylesheet modified: c:\users\mathe\.config\yasb\styles.css
2026-04-19 15:31:08,644 [INFO] [MainThread] [root/log.py:99]: YASB v1.9.1
2026-04-19 15:31:08,644 [INFO] [CLIPipeServer] [cli_server/cli_server.py:215]: CLI server started v1.1.6
2026-04-19 15:31:08,644 [INFO] [MainThread] [cli_server/cli_server.py:106]: Log pipe server started
2026-04-19 15:31:08,645 [ERROR] [MainThread] [root/main.py:75]: Another instance of the YASB is already running.
2026-04-19 15:35:32,965 [DEBUG] [Thread-6] [root/watcher.py:90]: Config file modified: c:\users\mathe\.config\yasb\config.yaml
2026-04-19 15:35:32,985 [ERROR] [MainThread] [root/config.py:121]: The config file 'C:\Users\mathe\.config\yasb\config.yaml' contains validation errors. Please fix:
widgets:
  glazewm_workspaces:
    str:
    - Input should be a valid string
    dict[str,any]:
    - Input should be a valid dictionary

2026-04-19 15:35:59,747 [DEBUG] [Thread-6] [root/watcher.py:90]: Config file modified: c:\users\mathe\.config\yasb\config.yaml
2026-04-19 15:35:59,767 [ERROR] [MainThread] [root/config.py:121]: The config file 'C:\Users\mathe\.config\yasb\config.yaml' contains validation errors. Please fix:
widgets:
  glazewm_workspaces:
    str:
    - Input should be a valid string
    dict[str,any]:
    - Input should be a valid dictionary

2026-04-19 15:36:23,895 [DEBUG] [Thread-6] [root/watcher.py:90]: Config file modified: c:\users\mathe\.config\yasb\config.yaml
2026-04-19 15:36:23,913 [ERROR] [MainThread] [root/config.py:121]: The config file 'C:\Users\mathe\.config\yasb\config.yaml' contains validation errors. Please fix:
widgets:
  glazewm_workspaces:
    str:
    - Input should be a valid string
    dict[str,any]:
    - Input should be a valid dictionary

2026-04-19 15:36:28,991 [DEBUG] [Thread-6] [root/watcher.py:90]: Config file modified: c:\users\mathe\.config\yasb\config.yaml
2026-04-19 15:36:29,004 [ERROR] [MainThread] [root/config.py:133]: The file 'C:\Users\mathe\.config\yasb\config.yaml' contains Parser Error(s). Please fix:
while parsing a block mapping
  in "C:\Users\mathe\.config\yasb\config.yaml", line 262, column 9
expected <block end>, but found '<block mapping start>'
  in "C:\Users\mathe\.config\yasb\config.yaml", line 263, column 11
2026-04-19 15:38:48,637 [INFO] [MainThread] [root/controller.py:21]: Reloading Application from tray...
2026-04-19 15:38:48,738 [INFO] [MainThread] [cli_server/cli_server.py:114]: Log pipe server stopped
2026-04-19 15:38:48,738 [DEBUG] [MainThread] [cli_server/cli_server.py:209]: CLI server stopped
2026-04-19 15:38:48,810 [INFO] [MainThread] [root/bar_manager.py:111]: Stopping KomorebiEventListener...
2026-04-19 15:38:48,812 [INFO] [MainThread] [root/bar_manager.py:111]: Stopping SystemEventListener...
2026-04-19 15:38:48,817 [INFO] [MainThread] [root/bar_manager.py:111]: Stopping WindowsNotificationEventListener...
2026-04-19 15:38:48,820 [DEBUG] [MainThread] [systray_widget/systray.py:596]: Saving state to C:\Users\mathe\AppData\Local\YASB\systray_state_APSF24M.json
2026-04-19 15:38:48,834 [DEBUG] [MainThread] [systray_widget/utils.py:154]: Destroying window 66616
2026-04-19 15:38:48,834 [DEBUG] [SystrayMonitor] [systray_widget/systray_monitor.py:125]: WM_CLOSE received, destroying window 66616
2026-04-19 15:38:48,834 [DEBUG] [SystrayMonitor] [systray_widget/systray_monitor.py:129]: WM_DESTROY received for window 66616
2026-04-19 15:38:49,142 [INFO] [MainThread] [root/log.py:99]: YASB v1.9.1
2026-04-19 15:38:49,143 [INFO] [CLIPipeServer] [cli_server/cli_server.py:215]: CLI server started v1.1.6
2026-04-19 15:38:49,143 [INFO] [MainThread] [cli_server/cli_server.py:106]: Log pipe server started
2026-04-19 15:38:49,252 [ERROR] [MainThread] [root/config.py:133]: The file 'C:\Users\mathe\.config\yasb\config.yaml' contains Parser Error(s). Please fix:
while parsing a block mapping
  in "C:\Users\mathe\.config\yasb\config.yaml", line 262, column 9
expected <block end>, but found '<block mapping start>'
  in "C:\Users\mathe\.config\yasb\config.yaml", line 263, column 11
2026-04-19 15:38:49,253 [ERROR] [MainThread] [root/config.py:178]: User config file could not be loaded. Exiting Application.
2026-04-19 15:40:18,332 [INFO] [MainThread] [root/log.py:99]: YASB v1.9.1
2026-04-19 15:40:18,332 [INFO] [CLIPipeServer] [cli_server/cli_server.py:215]: CLI server started v1.1.6
2026-04-19 15:40:18,332 [INFO] [MainThread] [cli_server/cli_server.py:106]: Log pipe server started
2026-04-19 15:40:18,360 [ERROR] [MainThread] [root/config.py:133]: The file 'C:\Users\mathe\.config\yasb\config.yaml' contains Parser Error(s). Please fix:
while parsing a block mapping
  in "C:\Users\mathe\.config\yasb\config.yaml", line 262, column 13
expected <block end>, but found '<block mapping start>'
  in "C:\Users\mathe\.config\yasb\config.yaml", line 263, column 15
2026-04-19 15:40:18,361 [ERROR] [MainThread] [root/config.py:178]: User config file could not be loaded. Exiting Application.
2026-04-19 15:40:25,387 [INFO] [MainThread] [root/log.py:99]: YASB v1.9.1
2026-04-19 15:40:25,387 [INFO] [CLIPipeServer] [cli_server/cli_server.py:215]: CLI server started v1.1.6
2026-04-19 15:40:25,388 [INFO] [MainThread] [cli_server/cli_server.py:106]: Log pipe server started
2026-04-19 15:40:25,420 [ERROR] [MainThread] [root/config.py:121]: The config file 'C:\Users\mathe\.config\yasb\config.yaml' contains validation errors. Please fix:
widgets:
  glazewm_workspaces:
    str:
    - Input should be a valid string
    dict[str,any]:
    - Input should be a valid dictionary

2026-04-19 15:40:25,421 [ERROR] [MainThread] [root/config.py:178]: User config file could not be loaded. Exiting Application.
2026-04-19 15:40:37,043 [INFO] [MainThread] [root/log.py:99]: YASB v1.9.1
2026-04-19 15:40:37,043 [INFO] [CLIPipeServer] [cli_server/cli_server.py:215]: CLI server started v1.1.6
2026-04-19 15:40:37,044 [INFO] [MainThread] [cli_server/cli_server.py:106]: Log pipe server started
2026-04-19 15:40:37,076 [ERROR] [MainThread] [root/config.py:121]: The config file 'C:\Users\mathe\.config\yasb\config.yaml' contains validation errors. Please fix:
widgets:
  glazewm_workspaces:
    str:
    - Input should be a valid string
    dict[str,any]:
    - Input should be a valid dictionary

2026-04-19 15:40:37,077 [ERROR] [MainThread] [root/config.py:178]: User config file could not be loaded. Exiting Application.
2026-04-19 15:40:46,678 [INFO] [MainThread] [root/log.py:99]: YASB v1.9.1
2026-04-19 15:40:46,679 [INFO] [CLIPipeServer] [cli_server/cli_server.py:215]: CLI server started v1.1.6
2026-04-19 15:40:46,679 [INFO] [MainThread] [cli_server/cli_server.py:106]: Log pipe server started
2026-04-19 15:40:46,711 [ERROR] [MainThread] [root/config.py:121]: The config file 'C:\Users\mathe\.config\yasb\config.yaml' contains validation errors. Please fix:
widgets:
  glazewm_workspaces:
    str:
    - Input should be a valid string
    dict[str,any]:
    - Input should be a valid dictionary

2026-04-19 15:40:46,712 [ERROR] [MainThread] [root/config.py:178]: User config file could not be loaded. Exiting Application.
2026-04-19 15:40:49,643 [INFO] [MainThread] [root/log.py:99]: YASB v1.9.1
2026-04-19 15:40:49,643 [INFO] [CLIPipeServer] [cli_server/cli_server.py:215]: CLI server started v1.1.6
2026-04-19 15:40:49,643 [INFO] [MainThread] [cli_server/cli_server.py:106]: Log pipe server started
2026-04-19 15:40:49,676 [ERROR] [MainThread] [root/config.py:121]: The config file 'C:\Users\mathe\.config\yasb\config.yaml' contains validation errors. Please fix:
widgets:
  glazewm_workspaces:
    str:
    - Input should be a valid string
    dict[str,any]:
    - Input should be a valid dictionary

2026-04-19 15:40:49,676 [ERROR] [MainThread] [root/config.py:178]: User config file could not be loaded. Exiting Application.
2026-04-19 15:40:52,792 [INFO] [MainThread] [root/log.py:99]: YASB v1.9.1
2026-04-19 15:40:52,793 [INFO] [CLIPipeServer] [cli_server/cli_server.py:215]: CLI server started v1.1.6
2026-04-19 15:40:52,793 [INFO] [MainThread] [cli_server/cli_server.py:106]: Log pipe server started
2026-04-19 15:40:52,824 [ERROR] [MainThread] [root/config.py:121]: The config file 'C:\Users\mathe\.config\yasb\config.yaml' contains validation errors. Please fix:
widgets:
  glazewm_workspaces:
    str:
    - Input should be a valid string
    dict[str,any]:
    - Input should be a valid dictionary

2026-04-19 15:40:52,825 [ERROR] [MainThread] [root/config.py:178]: User config file could not be loaded. Exiting Application.
2026-04-19 15:40:55,834 [INFO] [MainThread] [root/log.py:99]: YASB v1.9.1
2026-04-19 15:40:55,834 [INFO] [CLIPipeServer] [cli_server/cli_server.py:215]: CLI server started v1.1.6
2026-04-19 15:40:55,835 [INFO] [MainThread] [cli_server/cli_server.py:106]: Log pipe server started
2026-04-19 15:40:55,867 [ERROR] [MainThread] [root/config.py:121]: The config file 'C:\Users\mathe\.config\yasb\config.yaml' contains validation errors. Please fix:
widgets:
  glazewm_workspaces:
    str:
    - Input should be a valid string
    dict[str,any]:
    - Input should be a valid dictionary

2026-04-19 15:40:55,868 [ERROR] [MainThread] [root/config.py:178]: User config file could not be loaded. Exiting Application.
2026-04-19 15:41:18,212 [INFO] [MainThread] [root/log.py:99]: YASB v1.9.1
2026-04-19 15:41:18,213 [INFO] [CLIPipeServer] [cli_server/cli_server.py:215]: CLI server started v1.1.6
2026-04-19 15:41:18,213 [INFO] [MainThread] [cli_server/cli_server.py:106]: Log pipe server started
2026-04-19 15:41:18,245 [ERROR] [MainThread] [root/config.py:121]: The config file 'C:\Users\mathe\.config\yasb\config.yaml' contains validation errors. Please fix:
widgets:
  glazewm_workspaces:
    str:
    - Input should be a valid string
    dict[str,any]:
    - Input should be a valid dictionary

2026-04-19 15:41:18,246 [ERROR] [MainThread] [root/config.py:178]: User config file could not be loaded. Exiting Application.
2026-04-19 15:41:35,542 [INFO] [MainThread] [root/log.py:99]: YASB v1.9.1
2026-04-19 15:41:35,543 [INFO] [CLIPipeServer] [cli_server/cli_server.py:215]: CLI server started v1.1.6
2026-04-19 15:41:35,543 [INFO] [MainThread] [cli_server/cli_server.py:106]: Log pipe server started
2026-04-19 15:41:35,576 [ERROR] [MainThread] [root/config.py:121]: The config file 'C:\Users\mathe\.config\yasb\config.yaml' contains validation errors. Please fix:
widgets:
  glazewm_workspaces:
    str:
    - Input should be a valid string
    dict[str,any]:
    - Input should be a valid dictionary

2026-04-19 15:41:35,577 [ERROR] [MainThread] [root/config.py:178]: User config file could not be loaded. Exiting Application.
2026-04-19 15:44:48,384 [INFO] [MainThread] [root/log.py:99]: YASB v1.9.1
2026-04-19 15:44:48,385 [INFO] [CLIPipeServer] [cli_server/cli_server.py:215]: CLI server started v1.1.6
2026-04-19 15:44:48,385 [INFO] [MainThread] [cli_server/cli_server.py:106]: Log pipe server started
2026-04-19 15:44:48,418 [ERROR] [MainThread] [root/config.py:121]: The config file 'C:\Users\mathe\.config\yasb\config.yaml' contains validation errors. Please fix:
widgets:
  glazewm_workspaces:
    str:
    - Input should be a valid string
    dict[str,any]:
    - Input should be a valid dictionary

2026-04-19 15:44:48,419 [ERROR] [MainThread] [root/config.py:178]: User config file could not be loaded. Exiting Application.
2026-04-19 15:45:12,422 [INFO] [MainThread] [root/log.py:99]: YASB v1.9.1
2026-04-19 15:45:12,423 [INFO] [CLIPipeServer] [cli_server/cli_server.py:215]: CLI server started v1.1.6
2026-04-19 15:45:12,423 [INFO] [MainThread] [cli_server/cli_server.py:106]: Log pipe server started
2026-04-19 15:45:12,456 [ERROR] [MainThread] [root/config.py:121]: The config file 'C:\Users\mathe\.config\yasb\config.yaml' contains validation errors. Please fix:
widgets:
  glazewm_workspaces:
    str:
    - Input should be a valid string
    dict[str,any]:
    - Input should be a valid dictionary

2026-04-19 15:45:12,456 [ERROR] [MainThread] [root/config.py:178]: User config file could not be loaded. Exiting Application.
2026-04-19 15:46:24,016 [INFO] [MainThread] [root/log.py:99]: YASB v1.9.1
2026-04-19 15:46:24,017 [INFO] [CLIPipeServer] [cli_server/cli_server.py:215]: CLI server started v1.1.6
2026-04-19 15:46:24,017 [INFO] [MainThread] [cli_server/cli_server.py:106]: Log pipe server started
2026-04-19 15:46:24,185 [ERROR] [MainThread] [root/config.py:121]: The config file 'C:\Users\mathe\.config\yasb\config.yaml' contains validation errors. Please fix:
widgets:
  glazewm_workspaces:
    str:
    - Input should be a valid string
    dict[str,any]:
    - Input should be a valid dictionary

2026-04-19 15:46:24,192 [ERROR] [MainThread] [root/config.py:178]: User config file could not be loaded. Exiting Application.
2026-04-19 15:47:27,869 [INFO] [MainThread] [root/log.py:99]: YASB v1.9.1
2026-04-19 15:47:27,870 [INFO] [CLIPipeServer] [cli_server/cli_server.py:215]: CLI server started v1.1.6
2026-04-19 15:47:27,870 [INFO] [MainThread] [cli_server/cli_server.py:106]: Log pipe server started
2026-04-19 15:47:27,965 [ERROR] [MainThread] [root/config.py:121]: The config file 'C:\Users\mathe\.config\yasb\config.yaml' contains validation errors. Please fix:
widgets:
  glazewm_workspaces:
    str:
    - Input should be a valid string
    dict[str,any]:
    - Input should be a valid dictionary

2026-04-19 15:47:27,972 [ERROR] [MainThread] [root/config.py:178]: User config file could not be loaded. Exiting Application.
2026-04-19 15:48:50,433 [INFO] [MainThread] [root/log.py:99]: YASB v1.9.1
2026-04-19 15:48:50,433 [INFO] [CLIPipeServer] [cli_server/cli_server.py:215]: CLI server started v1.1.6
2026-04-19 15:48:50,433 [INFO] [MainThread] [cli_server/cli_server.py:106]: Log pipe server started
2026-04-19 15:48:51,857 [INFO] [MainThread] [root/service.py:41]: AudioInputService starting...
2026-04-19 15:48:51,935 [INFO] [MainThread] [root/service.py:52]: AudioOutputService starting...
2026-04-19 15:48:52,138 [INFO] [MainThread] [root/bar_manager.py:219]: Starting HotkeyListener...
2026-04-19 15:48:52,138 [INFO] [MainThread] [root/bar_manager.py:95]: Starting SystemEventListener...
2026-04-19 15:48:52,138 [INFO] [MainThread] [root/bar_manager.py:95]: Starting WindowsNotificationEventListener...
2026-04-19 15:48:52,138 [DEBUG] [Dummy-6] [root/hotkeys.py:200]: Registered hotkey alt+shift+e
2026-04-19 15:48:52,140 [INFO] [MainThread] [root/watcher.py:65]: Watching directory: c:\users\mathe\.config\yasb
2026-04-19 15:48:52,140 [INFO] [MainThread] [root/watcher.py:104]: Created file watcher
2026-04-19 15:48:52,412 [INFO] [MainThread] [root/update_service.py:429]: Background update checker started
2026-04-19 15:48:52,482 [DEBUG] [MainThread] [systray_widget/systray.py:614]: Loading state from C:\Users\mathe\AppData\Local\YASB\systray_state_APSF24M.json
2026-04-19 15:48:52,492 [DEBUG] [SystrayMonitor] [systray_widget/systray.py:63]: Systray monitor thread is starting...
2026-04-19 15:48:52,779 [DEBUG] [SystrayMonitor] [systray_widget/systray_monitor.py:119]: Adding TaskbandHWND prop to hwnd 393966
2026-04-19 15:48:52,781 [DEBUG] [SystrayMonitor] [systray_widget/systray_monitor.py:197]: Finding real tray hwnd
2026-04-19 15:48:52,783 [DEBUG] [MainThread] [systray_widget/systray.py:261]: Sending TaskbarCreated message: 49252
2026-04-19 15:48:52,783 [DEBUG] [MainThread] [systray_widget/systray.py:263]: Systray icons refreshed
2026-04-19 15:51:19,922 [INFO] [MainThread] [root/log.py:99]: YASB v1.9.1
2026-04-19 15:51:19,923 [INFO] [CLIPipeServer] [cli_server/cli_server.py:215]: CLI server started v1.1.6
2026-04-19 15:51:19,923 [INFO] [MainThread] [cli_server/cli_server.py:106]: Log pipe server started
2026-04-19 15:51:20,343 [INFO] [MainThread] [root/service.py:41]: AudioInputService starting...
2026-04-19 15:51:20,407 [INFO] [MainThread] [root/service.py:52]: AudioOutputService starting...
2026-04-19 15:51:20,518 [INFO] [MainThread] [root/bar_manager.py:219]: Starting HotkeyListener...
2026-04-19 15:51:20,518 [INFO] [MainThread] [root/bar_manager.py:95]: Starting WindowsNotificationEventListener...
2026-04-19 15:51:20,518 [INFO] [MainThread] [root/bar_manager.py:95]: Starting SystemEventListener...
2026-04-19 15:51:20,518 [DEBUG] [Dummy-6] [root/hotkeys.py:200]: Registered hotkey alt+shift+e
2026-04-19 15:51:20,519 [INFO] [MainThread] [root/watcher.py:65]: Watching directory: c:\users\mathe\.config\yasb
2026-04-19 15:51:20,519 [INFO] [MainThread] [root/watcher.py:104]: Created file watcher
2026-04-19 15:51:20,560 [INFO] [MainThread] [root/update_service.py:429]: Background update checker started
2026-04-19 15:51:20,602 [DEBUG] [MainThread] [systray_widget/systray.py:614]: Loading state from C:\Users\mathe\AppData\Local\YASB\systray_state_APSF24M.json
2026-04-19 15:51:20,603 [DEBUG] [SystrayMonitor] [systray_widget/systray.py:63]: Systray monitor thread is starting...
2026-04-19 15:51:20,856 [DEBUG] [SystrayMonitor] [systray_widget/systray_monitor.py:119]: Adding TaskbandHWND prop to hwnd 66792
2026-04-19 15:51:20,858 [DEBUG] [SystrayMonitor] [systray_widget/systray_monitor.py:197]: Finding real tray hwnd
2026-04-19 15:51:20,860 [DEBUG] [MainThread] [systray_widget/systray.py:261]: Sending TaskbarCreated message: 49252
2026-04-19 15:51:20,860 [DEBUG] [MainThread] [systray_widget/systray.py:263]: Systray icons refreshed
2026-04-19 15:55:53,941 [DEBUG] [Thread-7] [root/watcher.py:90]: Config file modified: c:\users\mathe\.config\yasb\config.yaml
2026-04-19 15:55:53,961 [INFO] [MainThread] [root/controller.py:21]: Reloading Application because of config change.
2026-04-19 15:55:54,076 [INFO] [MainThread] [cli_server/cli_server.py:114]: Log pipe server stopped
2026-04-19 15:55:54,076 [DEBUG] [MainThread] [cli_server/cli_server.py:209]: CLI server stopped
2026-04-19 15:55:54,081 [INFO] [MainThread] [root/bar_manager.py:85]: Successfully loaded updated config and re-initialised all bars.
2026-04-19 15:55:54,146 [INFO] [MainThread] [root/bar_manager.py:103]: Stopping HotkeyListener...
2026-04-19 15:55:54,147 [INFO] [MainThread] [root/bar_manager.py:111]: Stopping WindowsNotificationEventListener...
2026-04-19 15:55:54,148 [INFO] [MainThread] [root/bar_manager.py:111]: Stopping SystemEventListener...
2026-04-19 15:55:54,150 [DEBUG] [MainThread] [systray_widget/systray.py:596]: Saving state to C:\Users\mathe\AppData\Local\YASB\systray_state_APSF24M.json
2026-04-19 15:55:54,150 [DEBUG] [MainThread] [systray_widget/utils.py:154]: Destroying window 66792
2026-04-19 15:55:54,151 [DEBUG] [SystrayMonitor] [systray_widget/systray_monitor.py:125]: WM_CLOSE received, destroying window 66792
2026-04-19 15:55:54,151 [DEBUG] [SystrayMonitor] [systray_widget/systray_monitor.py:129]: WM_DESTROY received for window 66792
2026-04-19 15:55:54,478 [INFO] [MainThread] [root/log.py:99]: YASB v1.9.1
2026-04-19 15:55:54,478 [INFO] [CLIPipeServer] [cli_server/cli_server.py:215]: CLI server started v1.1.6
2026-04-19 15:55:54,478 [INFO] [MainThread] [cli_server/cli_server.py:106]: Log pipe server started
2026-04-19 15:55:54,902 [INFO] [MainThread] [root/service.py:41]: AudioInputService starting...
2026-04-19 15:55:54,973 [INFO] [MainThread] [root/service.py:52]: AudioOutputService starting...
2026-04-19 15:55:55,094 [INFO] [MainThread] [root/bar_manager.py:219]: Starting HotkeyListener...
2026-04-19 15:55:55,095 [INFO] [MainThread] [root/bar_manager.py:95]: Starting SystemEventListener...
2026-04-19 15:55:55,095 [INFO] [MainThread] [root/bar_manager.py:95]: Starting WindowsNotificationEventListener...
2026-04-19 15:55:55,095 [ERROR] [MainThread] [root/widget_builder.py:111]: Failed to validate widget(s) due to invalid options  - power_menu
      buttons:
        suspend:
        - Extra inputs are not permitted
      
2026-04-19 15:55:55,096 [DEBUG] [Dummy-6] [root/hotkeys.py:200]: Registered hotkey alt+shift+e
2026-04-19 15:55:55,126 [INFO] [MainThread] [root/watcher.py:65]: Watching directory: c:\users\mathe\.config\yasb
2026-04-19 15:55:55,126 [INFO] [MainThread] [root/watcher.py:104]: Created file watcher
2026-04-19 15:55:55,159 [INFO] [MainThread] [root/update_service.py:429]: Background update checker started
2026-04-19 15:55:55,189 [DEBUG] [MainThread] [systray_widget/systray.py:614]: Loading state from C:\Users\mathe\AppData\Local\YASB\systray_state_APSF24M.json
2026-04-19 15:55:55,190 [DEBUG] [SystrayMonitor] [systray_widget/systray.py:63]: Systray monitor thread is starting...
2026-04-19 15:55:55,279 [DEBUG] [SystrayMonitor] [systray_widget/systray_monitor.py:197]: Finding real tray hwnd
2026-04-19 15:55:55,442 [DEBUG] [SystrayMonitor] [systray_widget/systray_monitor.py:119]: Adding TaskbandHWND prop to hwnd 132334
2026-04-19 15:55:55,446 [DEBUG] [MainThread] [systray_widget/systray.py:261]: Sending TaskbarCreated message: 49252
2026-04-19 15:55:55,446 [DEBUG] [MainThread] [systray_widget/systray.py:263]: Systray icons refreshed
2026-04-19 15:56:00,244 [DEBUG] [Thread-8] [root/watcher.py:90]: Config file modified: c:\users\mathe\.config\yasb\config.yaml
2026-04-19 15:56:00,274 [INFO] [MainThread] [root/controller.py:21]: Reloading Application because of config change.
2026-04-19 15:56:00,390 [INFO] [MainThread] [cli_server/cli_server.py:114]: Log pipe server stopped
2026-04-19 15:56:00,390 [DEBUG] [MainThread] [cli_server/cli_server.py:209]: CLI server stopped
2026-04-19 15:56:00,394 [INFO] [MainThread] [root/bar_manager.py:85]: Successfully loaded updated config and re-initialised all bars.
2026-04-19 15:56:00,446 [INFO] [MainThread] [root/bar_manager.py:103]: Stopping HotkeyListener...
2026-04-19 15:56:00,447 [INFO] [MainThread] [root/bar_manager.py:111]: Stopping SystemEventListener...
2026-04-19 15:56:00,448 [INFO] [MainThread] [root/bar_manager.py:111]: Stopping WindowsNotificationEventListener...
2026-04-19 15:56:00,451 [DEBUG] [MainThread] [systray_widget/systray.py:596]: Saving state to C:\Users\mathe\AppData\Local\YASB\systray_state_APSF24M.json
2026-04-19 15:56:00,452 [DEBUG] [MainThread] [systray_widget/utils.py:154]: Destroying window 132334
2026-04-19 15:56:00,452 [DEBUG] [SystrayMonitor] [systray_widget/systray_monitor.py:125]: WM_CLOSE received, destroying window 132334
2026-04-19 15:56:00,452 [DEBUG] [SystrayMonitor] [systray_widget/systray_monitor.py:129]: WM_DESTROY received for window 132334
2026-04-19 15:56:00,777 [INFO] [MainThread] [root/log.py:99]: YASB v1.9.1
2026-04-19 15:56:00,778 [INFO] [CLIPipeServer] [cli_server/cli_server.py:215]: CLI server started v1.1.6
2026-04-19 15:56:00,778 [INFO] [MainThread] [cli_server/cli_server.py:106]: Log pipe server started
2026-04-19 15:56:01,199 [INFO] [MainThread] [root/service.py:41]: AudioInputService starting...
2026-04-19 15:56:01,268 [INFO] [MainThread] [root/service.py:52]: AudioOutputService starting...
2026-04-19 15:56:01,389 [INFO] [MainThread] [root/bar_manager.py:219]: Starting HotkeyListener...
2026-04-19 15:56:01,389 [INFO] [MainThread] [root/bar_manager.py:95]: Starting WindowsNotificationEventListener...
2026-04-19 15:56:01,389 [INFO] [MainThread] [root/bar_manager.py:95]: Starting SystemEventListener...
2026-04-19 15:56:01,389 [DEBUG] [Dummy-6] [root/hotkeys.py:200]: Registered hotkey alt+shift+e
2026-04-19 15:56:01,390 [INFO] [MainThread] [root/watcher.py:65]: Watching directory: c:\users\mathe\.config\yasb
2026-04-19 15:56:01,390 [INFO] [MainThread] [root/watcher.py:104]: Created file watcher
2026-04-19 15:56:01,423 [INFO] [MainThread] [root/update_service.py:429]: Background update checker started
2026-04-19 15:56:01,461 [DEBUG] [MainThread] [systray_widget/systray.py:614]: Loading state from C:\Users\mathe\AppData\Local\YASB\systray_state_APSF24M.json
2026-04-19 15:56:01,462 [DEBUG] [SystrayMonitor] [systray_widget/systray.py:63]: Systray monitor thread is starting...
2026-04-19 15:56:01,707 [DEBUG] [SystrayMonitor] [systray_widget/systray_monitor.py:119]: Adding TaskbandHWND prop to hwnd 722396
2026-04-19 15:56:01,709 [DEBUG] [SystrayMonitor] [systray_widget/systray_monitor.py:197]: Finding real tray hwnd
2026-04-19 15:56:01,711 [DEBUG] [MainThread] [systray_widget/systray.py:261]: Sending TaskbarCreated message: 49252
2026-04-19 15:56:01,711 [DEBUG] [MainThread] [systray_widget/systray.py:263]: Systray icons refreshed
2026-04-19 17:57:45,779 [DEBUG] [Thread-7] [root/watcher.py:90]: Config file modified: c:\users\mathe\.config\yasb\config.yaml
2026-04-19 17:58:10,950 [DEBUG] [Thread-7] [root/watcher.py:90]: Config file modified: c:\users\mathe\.config\yasb\config.yaml
2026-04-19 17:58:10,974 [INFO] [MainThread] [root/controller.py:21]: Reloading Application because of config change.
2026-04-19 17:58:11,078 [INFO] [MainThread] [cli_server/cli_server.py:114]: Log pipe server stopped
2026-04-19 17:58:11,078 [DEBUG] [MainThread] [cli_server/cli_server.py:209]: CLI server stopped
2026-04-19 17:58:11,091 [INFO] [MainThread] [root/bar_manager.py:85]: Successfully loaded updated config and re-initialised all bars.
2026-04-19 17:58:11,205 [INFO] [MainThread] [root/bar_manager.py:103]: Stopping HotkeyListener...
2026-04-19 17:58:11,209 [INFO] [MainThread] [root/bar_manager.py:111]: Stopping WindowsNotificationEventListener...
2026-04-19 17:58:11,219 [INFO] [MainThread] [root/bar_manager.py:111]: Stopping SystemEventListener...
2026-04-19 17:58:11,224 [DEBUG] [MainThread] [systray_widget/systray.py:596]: Saving state to C:\Users\mathe\AppData\Local\YASB\systray_state_APSF24M.json
2026-04-19 17:58:11,229 [DEBUG] [MainThread] [systray_widget/utils.py:154]: Destroying window 722396
2026-04-19 17:58:11,229 [DEBUG] [SystrayMonitor] [systray_widget/systray_monitor.py:125]: WM_CLOSE received, destroying window 722396
2026-04-19 17:58:11,230 [DEBUG] [SystrayMonitor] [systray_widget/systray_monitor.py:129]: WM_DESTROY received for window 722396
2026-04-19 17:58:11,712 [INFO] [MainThread] [root/log.py:99]: YASB v1.9.1
2026-04-19 17:58:11,713 [INFO] [CLIPipeServer] [cli_server/cli_server.py:215]: CLI server started v1.1.6
2026-04-19 17:58:11,713 [INFO] [MainThread] [cli_server/cli_server.py:106]: Log pipe server started
2026-04-19 17:58:12,685 [INFO] [MainThread] [root/service.py:41]: AudioInputService starting...
2026-04-19 17:58:12,764 [INFO] [MainThread] [root/service.py:52]: AudioOutputService starting...
2026-04-19 17:58:12,927 [INFO] [MainThread] [root/bar_manager.py:219]: Starting HotkeyListener...
2026-04-19 17:58:12,928 [INFO] [MainThread] [root/bar_manager.py:95]: Starting SystemEventListener...
2026-04-19 17:58:12,928 [INFO] [MainThread] [root/bar_manager.py:95]: Starting WindowsNotificationEventListener...
2026-04-19 17:58:12,928 [DEBUG] [Dummy-6] [root/hotkeys.py:200]: Registered hotkey alt+shift+e
2026-04-19 17:58:12,930 [INFO] [MainThread] [root/watcher.py:65]: Watching directory: c:\users\mathe\.config\yasb
2026-04-19 17:58:12,930 [INFO] [MainThread] [root/watcher.py:104]: Created file watcher
2026-04-19 17:58:12,986 [INFO] [MainThread] [root/update_service.py:429]: Background update checker started
2026-04-19 17:58:13,053 [DEBUG] [MainThread] [systray_widget/systray.py:614]: Loading state from C:\Users\mathe\AppData\Local\YASB\systray_state_APSF24M.json
2026-04-19 17:58:13,054 [DEBUG] [SystrayMonitor] [systray_widget/systray.py:63]: Systray monitor thread is starting...
2026-04-19 17:58:13,174 [DEBUG] [SystrayMonitor] [systray_widget/systray_monitor.py:197]: Finding real tray hwnd
2026-04-19 17:58:13,339 [DEBUG] [SystrayMonitor] [systray_widget/systray_monitor.py:119]: Adding TaskbandHWND prop to hwnd 6096354
2026-04-19 17:58:13,342 [DEBUG] [MainThread] [systray_widget/systray.py:261]: Sending TaskbarCreated message: 49252
2026-04-19 17:58:13,342 [DEBUG] [MainThread] [systray_widget/systray.py:263]: Systray icons refreshed
2026-04-19 17:58:36,172 [DEBUG] [Thread-7] [root/watcher.py:90]: Config file modified: c:\users\mathe\.config\yasb\config.yaml
2026-04-19 17:58:36,209 [INFO] [MainThread] [root/controller.py:21]: Reloading Application because of config change.
2026-04-19 17:58:36,320 [INFO] [MainThread] [cli_server/cli_server.py:114]: Log pipe server stopped
2026-04-19 17:58:36,320 [DEBUG] [MainThread] [cli_server/cli_server.py:209]: CLI server stopped
2026-04-19 17:58:36,325 [INFO] [MainThread] [root/bar_manager.py:85]: Successfully loaded updated config and re-initialised all bars.
2026-04-19 17:58:36,395 [INFO] [MainThread] [root/bar_manager.py:103]: Stopping HotkeyListener...
2026-04-19 17:58:36,398 [INFO] [MainThread] [root/bar_manager.py:111]: Stopping SystemEventListener...
2026-04-19 17:58:36,400 [INFO] [MainThread] [root/bar_manager.py:111]: Stopping WindowsNotificationEventListener...
2026-04-19 17:58:36,406 [DEBUG] [MainThread] [systray_widget/systray.py:596]: Saving state to C:\Users\mathe\AppData\Local\YASB\systray_state_APSF24M.json
2026-04-19 17:58:36,410 [DEBUG] [MainThread] [systray_widget/utils.py:154]: Destroying window 6096354
2026-04-19 17:58:36,411 [DEBUG] [SystrayMonitor] [systray_widget/systray_monitor.py:125]: WM_CLOSE received, destroying window 6096354
2026-04-19 17:58:36,411 [DEBUG] [SystrayMonitor] [systray_widget/systray_monitor.py:129]: WM_DESTROY received for window 6096354
2026-04-19 17:58:36,774 [INFO] [MainThread] [root/log.py:99]: YASB v1.9.1
2026-04-19 17:58:36,774 [INFO] [CLIPipeServer] [cli_server/cli_server.py:215]: CLI server started v1.1.6
2026-04-19 17:58:36,775 [INFO] [MainThread] [cli_server/cli_server.py:106]: Log pipe server started
2026-04-19 17:58:37,242 [INFO] [MainThread] [root/service.py:41]: AudioInputService starting...
2026-04-19 17:58:37,321 [INFO] [MainThread] [root/service.py:52]: AudioOutputService starting...
2026-04-19 17:58:37,477 [INFO] [MainThread] [root/bar_manager.py:219]: Starting HotkeyListener...
2026-04-19 17:58:37,477 [INFO] [MainThread] [root/bar_manager.py:95]: Starting SystemEventListener...
2026-04-19 17:58:37,477 [INFO] [MainThread] [root/bar_manager.py:95]: Starting WindowsNotificationEventListener...
2026-04-19 17:58:37,479 [DEBUG] [Dummy-7] [root/hotkeys.py:200]: Registered hotkey alt+shift+e
2026-04-19 17:58:37,479 [INFO] [MainThread] [root/watcher.py:65]: Watching directory: c:\users\mathe\.config\yasb
2026-04-19 17:58:37,479 [INFO] [MainThread] [root/watcher.py:104]: Created file watcher
2026-04-19 17:58:37,528 [INFO] [MainThread] [root/update_service.py:429]: Background update checker started
2026-04-19 17:58:37,580 [DEBUG] [MainThread] [systray_widget/systray.py:614]: Loading state from C:\Users\mathe\AppData\Local\YASB\systray_state_APSF24M.json
2026-04-19 17:58:37,581 [DEBUG] [SystrayMonitor] [systray_widget/systray.py:63]: Systray monitor thread is starting...
2026-04-19 17:58:37,830 [DEBUG] [SystrayMonitor] [systray_widget/systray_monitor.py:119]: Adding TaskbandHWND prop to hwnd 853468
2026-04-19 17:58:37,832 [DEBUG] [SystrayMonitor] [systray_widget/systray_monitor.py:197]: Finding real tray hwnd
2026-04-19 17:58:37,834 [DEBUG] [MainThread] [systray_widget/systray.py:261]: Sending TaskbarCreated message: 49252
2026-04-19 17:58:37,834 [DEBUG] [MainThread] [systray_widget/systray.py:263]: Systray icons refreshed
2026-04-19 17:59:23,688 [DEBUG] [Thread-6] [root/watcher.py:84]: Stylesheet modified: c:\users\mathe\.config\yasb\styles.css
2026-04-19 18:00:06,536 [DEBUG] [Thread-6] [root/watcher.py:84]: Stylesheet modified: c:\users\mathe\.config\yasb\styles.css
2026-04-19 18:06:01,347 [DEBUG] [Thread-6] [root/watcher.py:84]: Stylesheet modified: c:\users\mathe\.config\yasb\styles.css
2026-04-19 18:07:40,517 [DEBUG] [Thread-6] [root/watcher.py:90]: Config file modified: c:\users\mathe\.config\yasb\config.yaml
2026-04-19 18:07:40,538 [INFO] [MainThread] [root/controller.py:21]: Reloading Application because of config change.
2026-04-19 18:07:40,652 [INFO] [MainThread] [cli_server/cli_server.py:114]: Log pipe server stopped
2026-04-19 18:07:40,652 [DEBUG] [MainThread] [cli_server/cli_server.py:209]: CLI server stopped
2026-04-19 18:07:40,657 [INFO] [MainThread] [root/bar_manager.py:85]: Successfully loaded updated config and re-initialised all bars.
2026-04-19 18:07:40,734 [INFO] [MainThread] [root/bar_manager.py:103]: Stopping HotkeyListener...
2026-04-19 18:07:40,736 [INFO] [MainThread] [root/bar_manager.py:111]: Stopping SystemEventListener...
2026-04-19 18:07:40,737 [INFO] [MainThread] [root/bar_manager.py:111]: Stopping WindowsNotificationEventListener...
2026-04-19 18:07:40,740 [DEBUG] [MainThread] [systray_widget/systray.py:596]: Saving state to C:\Users\mathe\AppData\Local\YASB\systray_state_APSF24M.json
2026-04-19 18:07:40,743 [DEBUG] [MainThread] [systray_widget/utils.py:154]: Destroying window 853468
2026-04-19 18:07:40,744 [DEBUG] [SystrayMonitor] [systray_widget/systray_monitor.py:125]: WM_CLOSE received, destroying window 853468
2026-04-19 18:07:40,744 [DEBUG] [SystrayMonitor] [systray_widget/systray_monitor.py:129]: WM_DESTROY received for window 853468
2026-04-19 18:07:41,140 [INFO] [MainThread] [root/log.py:99]: YASB v1.9.1
2026-04-19 18:07:41,140 [INFO] [CLIPipeServer] [cli_server/cli_server.py:215]: CLI server started v1.1.6
2026-04-19 18:07:41,141 [INFO] [MainThread] [cli_server/cli_server.py:106]: Log pipe server started
2026-04-19 18:07:41,621 [INFO] [MainThread] [root/service.py:41]: AudioInputService starting...
2026-04-19 18:07:41,705 [INFO] [MainThread] [root/service.py:52]: AudioOutputService starting...
2026-04-19 18:07:41,878 [INFO] [MainThread] [root/bar_manager.py:219]: Starting HotkeyListener...
2026-04-19 18:07:41,878 [INFO] [MainThread] [root/bar_manager.py:95]: Starting SystemEventListener...
2026-04-19 18:07:41,879 [INFO] [MainThread] [root/bar_manager.py:95]: Starting WindowsNotificationEventListener...
2026-04-19 18:07:41,880 [INFO] [MainThread] [root/watcher.py:65]: Watching directory: c:\users\mathe\.config\yasb
2026-04-19 18:07:41,880 [INFO] [MainThread] [root/watcher.py:104]: Created file watcher
2026-04-19 18:07:41,880 [DEBUG] [Dummy-8] [root/hotkeys.py:200]: Registered hotkey alt+shift+e
2026-04-19 18:07:41,924 [INFO] [MainThread] [root/update_service.py:429]: Background update checker started
2026-04-19 18:07:41,975 [DEBUG] [MainThread] [systray_widget/systray.py:614]: Loading state from C:\Users\mathe\AppData\Local\YASB\systray_state_APSF24M.json
2026-04-19 18:07:41,976 [DEBUG] [SystrayMonitor] [systray_widget/systray.py:63]: Systray monitor thread is starting...
2026-04-19 18:07:42,242 [DEBUG] [SystrayMonitor] [systray_widget/systray_monitor.py:119]: Adding TaskbandHWND prop to hwnd 918614
2026-04-19 18:07:42,245 [DEBUG] [SystrayMonitor] [systray_widget/systray_monitor.py:197]: Finding real tray hwnd
2026-04-19 18:07:42,247 [DEBUG] [MainThread] [systray_widget/systray.py:261]: Sending TaskbarCreated message: 49252
2026-04-19 18:07:42,247 [DEBUG] [MainThread] [systray_widget/systray.py:263]: Systray icons refreshed
2026-04-19 18:09:07,521 [DEBUG] [Thread-6] [root/watcher.py:90]: Config file modified: c:\users\mathe\.config\yasb\config.yaml
2026-04-19 18:09:07,541 [INFO] [MainThread] [root/controller.py:21]: Reloading Application because of config change.
2026-04-19 18:09:07,645 [INFO] [MainThread] [cli_server/cli_server.py:114]: Log pipe server stopped
2026-04-19 18:09:07,645 [DEBUG] [MainThread] [cli_server/cli_server.py:209]: CLI server stopped
2026-04-19 18:09:07,648 [INFO] [MainThread] [root/bar_manager.py:85]: Successfully loaded updated config and re-initialised all bars.
2026-04-19 18:09:07,719 [INFO] [MainThread] [root/bar_manager.py:103]: Stopping HotkeyListener...
2026-04-19 18:09:07,721 [INFO] [MainThread] [root/bar_manager.py:111]: Stopping SystemEventListener...
2026-04-19 18:09:07,723 [INFO] [MainThread] [root/bar_manager.py:111]: Stopping WindowsNotificationEventListener...
2026-04-19 18:09:07,731 [DEBUG] [MainThread] [systray_widget/systray.py:596]: Saving state to C:\Users\mathe\AppData\Local\YASB\systray_state_APSF24M.json
2026-04-19 18:09:07,733 [DEBUG] [MainThread] [systray_widget/utils.py:154]: Destroying window 918614
2026-04-19 18:09:07,734 [DEBUG] [SystrayMonitor] [systray_widget/systray_monitor.py:125]: WM_CLOSE received, destroying window 918614
2026-04-19 18:09:07,735 [DEBUG] [SystrayMonitor] [systray_widget/systray_monitor.py:129]: WM_DESTROY received for window 918614
2026-04-19 18:09:08,111 [INFO] [MainThread] [root/log.py:99]: YASB v1.9.1
2026-04-19 18:09:08,112 [INFO] [CLIPipeServer] [cli_server/cli_server.py:215]: CLI server started v1.1.6
2026-04-19 18:09:08,112 [INFO] [MainThread] [cli_server/cli_server.py:106]: Log pipe server started
2026-04-19 18:09:08,597 [INFO] [MainThread] [root/service.py:41]: AudioInputService starting...
2026-04-19 18:09:08,675 [INFO] [MainThread] [root/service.py:52]: AudioOutputService starting...
2026-04-19 18:09:08,857 [INFO] [MainThread] [root/bar_manager.py:219]: Starting HotkeyListener...
2026-04-19 18:09:08,857 [INFO] [MainThread] [root/bar_manager.py:95]: Starting WindowsNotificationEventListener...
2026-04-19 18:09:08,857 [INFO] [MainThread] [root/bar_manager.py:95]: Starting SystemEventListener...
2026-04-19 18:09:08,859 [INFO] [MainThread] [root/watcher.py:65]: Watching directory: c:\users\mathe\.config\yasb
2026-04-19 18:09:08,859 [INFO] [MainThread] [root/watcher.py:104]: Created file watcher
2026-04-19 18:09:08,859 [DEBUG] [Dummy-8] [root/hotkeys.py:200]: Registered hotkey alt+shift+e
2026-04-19 18:09:08,905 [INFO] [MainThread] [root/update_service.py:429]: Background update checker started
2026-04-19 18:09:08,958 [DEBUG] [MainThread] [systray_widget/systray.py:614]: Loading state from C:\Users\mathe\AppData\Local\YASB\systray_state_APSF24M.json
2026-04-19 18:09:08,959 [DEBUG] [SystrayMonitor] [systray_widget/systray.py:63]: Systray monitor thread is starting...
2026-04-19 18:09:09,224 [DEBUG] [SystrayMonitor] [systray_widget/systray_monitor.py:119]: Adding TaskbandHWND prop to hwnd 919170
2026-04-19 18:09:09,226 [DEBUG] [SystrayMonitor] [systray_widget/systray_monitor.py:197]: Finding real tray hwnd
2026-04-19 18:09:09,228 [DEBUG] [MainThread] [systray_widget/systray.py:261]: Sending TaskbarCreated message: 49252
2026-04-19 18:09:09,228 [DEBUG] [MainThread] [systray_widget/systray.py:263]: Systray icons refreshed
2026-04-19 18:09:53,595 [INFO] [MainThread] [root/log.py:99]: YASB v1.9.1
2026-04-19 18:09:53,595 [INFO] [CLIPipeServer] [cli_server/cli_server.py:215]: CLI server started v1.1.6
2026-04-19 18:09:53,595 [INFO] [MainThread] [cli_server/cli_server.py:106]: Log pipe server started
2026-04-19 18:09:54,064 [INFO] [MainThread] [root/service.py:41]: AudioInputService starting...
2026-04-19 18:09:54,138 [INFO] [MainThread] [root/service.py:52]: AudioOutputService starting...
2026-04-19 18:09:54,327 [INFO] [MainThread] [root/bar_manager.py:219]: Starting HotkeyListener...
2026-04-19 18:09:54,328 [INFO] [MainThread] [root/bar_manager.py:95]: Starting WindowsNotificationEventListener...
2026-04-19 18:09:54,328 [INFO] [MainThread] [root/bar_manager.py:95]: Starting SystemEventListener...
2026-04-19 18:09:54,328 [DEBUG] [Dummy-6] [root/hotkeys.py:200]: Registered hotkey alt+shift+e
2026-04-19 18:09:54,329 [INFO] [MainThread] [root/watcher.py:65]: Watching directory: c:\users\mathe\.config\yasb
2026-04-19 18:09:54,329 [INFO] [MainThread] [root/watcher.py:104]: Created file watcher
2026-04-19 18:09:54,370 [INFO] [MainThread] [root/update_service.py:429]: Background update checker started
2026-04-19 18:09:54,414 [DEBUG] [MainThread] [systray_widget/systray.py:614]: Loading state from C:\Users\mathe\AppData\Local\YASB\systray_state_APSF24M.json
2026-04-19 18:09:54,415 [DEBUG] [SystrayMonitor] [systray_widget/systray.py:63]: Systray monitor thread is starting...
2026-04-19 18:09:54,674 [DEBUG] [SystrayMonitor] [systray_widget/systray_monitor.py:119]: Adding TaskbandHWND prop to hwnd 1180964
2026-04-19 18:09:54,676 [DEBUG] [SystrayMonitor] [systray_widget/systray_monitor.py:197]: Finding real tray hwnd
2026-04-19 18:09:54,678 [DEBUG] [MainThread] [systray_widget/systray.py:261]: Sending TaskbarCreated message: 49252
2026-04-19 18:09:54,678 [DEBUG] [MainThread] [systray_widget/systray.py:263]: Systray icons refreshed
2026-04-19 18:10:57,001 [DEBUG] [Thread-7] [root/watcher.py:84]: Stylesheet modified: c:\users\mathe\.config\yasb\styles.css
2026-04-19 18:11:27,773 [DEBUG] [Thread-7] [root/watcher.py:84]: Stylesheet modified: c:\users\mathe\.config\yasb\styles.css
2026-04-19 18:11:34,366 [INFO] [CLIPipeServer] [cli_server/cli_server.py:256]: CLI server received command: reload
2026-04-19 18:11:34,367 [INFO] [CLIPipeServer] [root/controller.py:21]: Reloading Application from CLI...
2026-04-19 18:11:34,472 [INFO] [CLIPipeServer] [cli_server/cli_server.py:114]: Log pipe server stopped
2026-04-19 18:11:34,472 [DEBUG] [CLIPipeServer] [cli_server/cli_server.py:209]: CLI server stopped
2026-04-19 18:11:34,546 [INFO] [MainThread] [root/bar_manager.py:103]: Stopping HotkeyListener...
2026-04-19 18:11:34,547 [INFO] [MainThread] [root/bar_manager.py:111]: Stopping WindowsNotificationEventListener...
2026-04-19 18:11:34,552 [INFO] [MainThread] [root/bar_manager.py:111]: Stopping SystemEventListener...
2026-04-19 18:11:34,558 [DEBUG] [MainThread] [systray_widget/systray.py:596]: Saving state to C:\Users\mathe\AppData\Local\YASB\systray_state_APSF24M.json
2026-04-19 18:11:34,559 [DEBUG] [MainThread] [systray_widget/utils.py:154]: Destroying window 1180964
2026-04-19 18:11:34,559 [DEBUG] [SystrayMonitor] [systray_widget/systray_monitor.py:125]: WM_CLOSE received, destroying window 1180964
2026-04-19 18:11:34,559 [DEBUG] [SystrayMonitor] [systray_widget/systray_monitor.py:129]: WM_DESTROY received for window 1180964
2026-04-19 18:11:34,979 [INFO] [MainThread] [root/log.py:99]: YASB v1.9.1
2026-04-19 18:11:34,979 [INFO] [CLIPipeServer] [cli_server/cli_server.py:215]: CLI server started v1.1.6
2026-04-19 18:11:34,980 [INFO] [MainThread] [cli_server/cli_server.py:106]: Log pipe server started
2026-04-19 18:11:35,460 [INFO] [MainThread] [root/service.py:41]: AudioInputService starting...
2026-04-19 18:11:35,533 [INFO] [MainThread] [root/service.py:52]: AudioOutputService starting...
2026-04-19 18:11:35,713 [INFO] [MainThread] [root/bar_manager.py:219]: Starting HotkeyListener...
2026-04-19 18:11:35,713 [INFO] [MainThread] [root/bar_manager.py:95]: Starting WindowsNotificationEventListener...
2026-04-19 18:11:35,714 [DEBUG] [Dummy-6] [root/hotkeys.py:200]: Registered hotkey alt+shift+e
2026-04-19 18:11:35,714 [INFO] [MainThread] [root/bar_manager.py:95]: Starting SystemEventListener...
2026-04-19 18:11:35,715 [INFO] [MainThread] [root/watcher.py:65]: Watching directory: c:\users\mathe\.config\yasb
2026-04-19 18:11:35,715 [INFO] [MainThread] [root/watcher.py:104]: Created file watcher
2026-04-19 18:11:35,764 [INFO] [MainThread] [root/update_service.py:429]: Background update checker started
2026-04-19 18:11:35,809 [DEBUG] [MainThread] [systray_widget/systray.py:614]: Loading state from C:\Users\mathe\AppData\Local\YASB\systray_state_APSF24M.json
2026-04-19 18:11:35,811 [DEBUG] [SystrayMonitor] [systray_widget/systray.py:63]: Systray monitor thread is starting...
2026-04-19 18:11:36,061 [DEBUG] [SystrayMonitor] [systray_widget/systray_monitor.py:119]: Adding TaskbandHWND prop to hwnd 591370
2026-04-19 18:11:36,063 [DEBUG] [SystrayMonitor] [systray_widget/systray_monitor.py:197]: Finding real tray hwnd
2026-04-19 18:11:36,065 [DEBUG] [MainThread] [systray_widget/systray.py:261]: Sending TaskbarCreated message: 49252
2026-04-19 18:11:36,065 [DEBUG] [MainThread] [systray_widget/systray.py:263]: Systray icons refreshed
2026-04-19 18:11:49,647 [INFO] [MainThread] [root/log.py:99]: YASB v1.9.1
2026-04-19 18:11:49,647 [INFO] [CLIPipeServer] [cli_server/cli_server.py:215]: CLI server started v1.1.6
2026-04-19 18:11:49,648 [INFO] [MainThread] [cli_server/cli_server.py:106]: Log pipe server started
2026-04-19 18:11:50,123 [INFO] [MainThread] [root/service.py:41]: AudioInputService starting...
2026-04-19 18:11:50,195 [INFO] [MainThread] [root/service.py:52]: AudioOutputService starting...
2026-04-19 18:11:50,383 [INFO] [MainThread] [root/bar_manager.py:219]: Starting HotkeyListener...
2026-04-19 18:11:50,384 [INFO] [MainThread] [root/bar_manager.py:95]: Starting SystemEventListener...
2026-04-19 18:11:50,385 [INFO] [MainThread] [root/bar_manager.py:95]: Starting WindowsNotificationEventListener...
2026-04-19 18:11:50,386 [INFO] [MainThread] [root/watcher.py:65]: Watching directory: c:\users\mathe\.config\yasb
2026-04-19 18:11:50,387 [INFO] [MainThread] [root/watcher.py:104]: Created file watcher
2026-04-19 18:11:50,387 [DEBUG] [Dummy-8] [root/hotkeys.py:200]: Registered hotkey alt+shift+e
2026-04-19 18:11:50,437 [INFO] [MainThread] [root/update_service.py:429]: Background update checker started
2026-04-19 18:11:50,482 [DEBUG] [MainThread] [systray_widget/systray.py:614]: Loading state from C:\Users\mathe\AppData\Local\YASB\systray_state_APSF24M.json
2026-04-19 18:11:50,483 [DEBUG] [SystrayMonitor] [systray_widget/systray.py:63]: Systray monitor thread is starting...
2026-04-19 18:11:50,736 [DEBUG] [SystrayMonitor] [systray_widget/systray_monitor.py:119]: Adding TaskbandHWND prop to hwnd 656902
2026-04-19 18:11:50,738 [DEBUG] [SystrayMonitor] [systray_widget/systray_monitor.py:197]: Finding real tray hwnd
2026-04-19 18:11:50,740 [DEBUG] [MainThread] [systray_widget/systray.py:261]: Sending TaskbarCreated message: 49252
2026-04-19 18:11:50,740 [DEBUG] [MainThread] [systray_widget/systray.py:263]: Systray icons refreshed
2026-04-19 18:12:09,063 [DEBUG] [Thread-6] [root/watcher.py:84]: Stylesheet modified: c:\users\mathe\.config\yasb\styles.css
2026-04-19 18:12:13,433 [INFO] [MainThread] [root/log.py:99]: YASB v1.9.1
2026-04-19 18:12:13,434 [INFO] [CLIPipeServer] [cli_server/cli_server.py:215]: CLI server started v1.1.6
2026-04-19 18:12:13,434 [INFO] [MainThread] [cli_server/cli_server.py:106]: Log pipe server started
2026-04-19 18:12:13,434 [ERROR] [MainThread] [root/main.py:75]: Another instance of the YASB is already running.
2026-04-19 18:12:16,454 [INFO] [CLIPipeServer] [cli_server/cli_server.py:256]: CLI server received command: reload
2026-04-19 18:12:16,455 [INFO] [CLIPipeServer] [root/controller.py:21]: Reloading Application from CLI...
2026-04-19 18:12:16,559 [INFO] [CLIPipeServer] [cli_server/cli_server.py:114]: Log pipe server stopped
2026-04-19 18:12:16,559 [DEBUG] [CLIPipeServer] [cli_server/cli_server.py:209]: CLI server stopped
2026-04-19 18:12:16,653 [INFO] [MainThread] [root/bar_manager.py:103]: Stopping HotkeyListener...
2026-04-19 18:12:16,657 [INFO] [MainThread] [root/bar_manager.py:111]: Stopping SystemEventListener...
2026-04-19 18:12:16,660 [INFO] [MainThread] [root/bar_manager.py:111]: Stopping WindowsNotificationEventListener...
2026-04-19 18:12:16,664 [DEBUG] [MainThread] [systray_widget/systray.py:596]: Saving state to C:\Users\mathe\AppData\Local\YASB\systray_state_APSF24M.json
2026-04-19 18:12:16,665 [DEBUG] [MainThread] [systray_widget/utils.py:154]: Destroying window 656902
2026-04-19 18:12:16,665 [DEBUG] [SystrayMonitor] [systray_widget/systray_monitor.py:125]: WM_CLOSE received, destroying window 656902
2026-04-19 18:12:16,665 [DEBUG] [SystrayMonitor] [systray_widget/systray_monitor.py:129]: WM_DESTROY received for window 656902
2026-04-19 18:12:17,101 [INFO] [MainThread] [root/log.py:99]: YASB v1.9.1
2026-04-19 18:12:17,102 [INFO] [CLIPipeServer] [cli_server/cli_server.py:215]: CLI server started v1.1.6
2026-04-19 18:12:17,102 [INFO] [MainThread] [cli_server/cli_server.py:106]: Log pipe server started
2026-04-19 18:12:17,579 [INFO] [MainThread] [root/service.py:41]: AudioInputService starting...
2026-04-19 18:12:17,658 [INFO] [MainThread] [root/service.py:52]: AudioOutputService starting...
2026-04-19 18:12:17,851 [INFO] [MainThread] [root/bar_manager.py:219]: Starting HotkeyListener...
2026-04-19 18:12:17,852 [INFO] [MainThread] [root/bar_manager.py:95]: Starting SystemEventListener...
2026-04-19 18:12:17,852 [INFO] [MainThread] [root/bar_manager.py:95]: Starting WindowsNotificationEventListener...
2026-04-19 18:12:17,852 [DEBUG] [Dummy-6] [root/hotkeys.py:200]: Registered hotkey alt+shift+e
2026-04-19 18:12:17,854 [INFO] [MainThread] [root/watcher.py:65]: Watching directory: c:\users\mathe\.config\yasb
2026-04-19 18:12:17,854 [INFO] [MainThread] [root/watcher.py:104]: Created file watcher
2026-04-19 18:12:17,903 [INFO] [MainThread] [root/update_service.py:429]: Background update checker started
2026-04-19 18:12:17,949 [DEBUG] [MainThread] [systray_widget/systray.py:614]: Loading state from C:\Users\mathe\AppData\Local\YASB\systray_state_APSF24M.json
2026-04-19 18:12:17,950 [DEBUG] [SystrayMonitor] [systray_widget/systray.py:63]: Systray monitor thread is starting...
2026-04-19 18:12:18,210 [DEBUG] [SystrayMonitor] [systray_widget/systray_monitor.py:119]: Adding TaskbandHWND prop to hwnd 787630
2026-04-19 18:12:18,213 [DEBUG] [SystrayMonitor] [systray_widget/systray_monitor.py:197]: Finding real tray hwnd
2026-04-19 18:12:18,215 [DEBUG] [MainThread] [systray_widget/systray.py:261]: Sending TaskbarCreated message: 49252
2026-04-19 18:12:18,215 [DEBUG] [MainThread] [systray_widget/systray.py:263]: Systray icons refreshed
2026-04-19 18:12:45,267 [DEBUG] [Thread-7] [root/watcher.py:84]: Stylesheet modified: c:\users\mathe\.config\yasb\styles.css
2026-04-19 18:13:01,585 [DEBUG] [Thread-7] [root/watcher.py:84]: Stylesheet modified: c:\users\mathe\.config\yasb\styles.css
2026-04-19 18:13:45,087 [DEBUG] [Thread-7] [root/watcher.py:84]: Stylesheet modified: c:\users\mathe\.config\yasb\styles.css
2026-04-19 18:14:01,045 [DEBUG] [Thread-7] [root/watcher.py:84]: Stylesheet modified: c:\users\mathe\.config\yasb\styles.css
2026-04-19 18:14:05,392 [INFO] [CLIPipeServer] [cli_server/cli_server.py:256]: CLI server received command: reload
2026-04-19 18:14:05,393 [INFO] [CLIPipeServer] [root/controller.py:21]: Reloading Application from CLI...
2026-04-19 18:14:05,508 [INFO] [CLIPipeServer] [cli_server/cli_server.py:114]: Log pipe server stopped
2026-04-19 18:14:05,508 [DEBUG] [CLIPipeServer] [cli_server/cli_server.py:209]: CLI server stopped
2026-04-19 18:14:05,593 [INFO] [MainThread] [root/bar_manager.py:103]: Stopping HotkeyListener...
2026-04-19 18:14:05,595 [INFO] [MainThread] [root/bar_manager.py:111]: Stopping SystemEventListener...
2026-04-19 18:14:05,597 [INFO] [MainThread] [root/bar_manager.py:111]: Stopping WindowsNotificationEventListener...
2026-04-19 18:14:05,601 [DEBUG] [MainThread] [systray_widget/systray.py:596]: Saving state to C:\Users\mathe\AppData\Local\YASB\systray_state_APSF24M.json
2026-04-19 18:14:05,602 [DEBUG] [MainThread] [systray_widget/utils.py:154]: Destroying window 787630
2026-04-19 18:14:05,602 [DEBUG] [SystrayMonitor] [systray_widget/systray_monitor.py:125]: WM_CLOSE received, destroying window 787630
2026-04-19 18:14:05,603 [DEBUG] [SystrayMonitor] [systray_widget/systray_monitor.py:129]: WM_DESTROY received for window 787630
2026-04-19 18:14:05,993 [INFO] [MainThread] [root/log.py:99]: YASB v1.9.1
2026-04-19 18:14:05,994 [INFO] [CLIPipeServer] [cli_server/cli_server.py:215]: CLI server started v1.1.6
2026-04-19 18:14:05,994 [INFO] [MainThread] [cli_server/cli_server.py:106]: Log pipe server started
2026-04-19 18:14:06,472 [INFO] [MainThread] [root/service.py:41]: AudioInputService starting...
2026-04-19 18:14:06,544 [INFO] [MainThread] [root/service.py:52]: AudioOutputService starting...
2026-04-19 18:14:06,722 [INFO] [MainThread] [root/bar_manager.py:219]: Starting HotkeyListener...
2026-04-19 18:14:06,722 [INFO] [MainThread] [root/bar_manager.py:95]: Starting SystemEventListener...
2026-04-19 18:14:06,723 [INFO] [MainThread] [root/bar_manager.py:95]: Starting WindowsNotificationEventListener...
2026-04-19 18:14:06,726 [INFO] [MainThread] [root/watcher.py:65]: Watching directory: c:\users\mathe\.config\yasb
2026-04-19 18:14:06,727 [INFO] [MainThread] [root/watcher.py:104]: Created file watcher
2026-04-19 18:14:06,727 [DEBUG] [Dummy-8] [root/hotkeys.py:200]: Registered hotkey alt+shift+e
2026-04-19 18:14:06,779 [INFO] [MainThread] [root/update_service.py:429]: Background update checker started
2026-04-19 18:14:06,819 [DEBUG] [MainThread] [systray_widget/systray.py:614]: Loading state from C:\Users\mathe\AppData\Local\YASB\systray_state_APSF24M.json
2026-04-19 18:14:06,820 [DEBUG] [SystrayMonitor] [systray_widget/systray.py:63]: Systray monitor thread is starting...
2026-04-19 18:14:07,059 [DEBUG] [SystrayMonitor] [systray_widget/systray_monitor.py:119]: Adding TaskbandHWND prop to hwnd 983546
2026-04-19 18:14:07,061 [DEBUG] [SystrayMonitor] [systray_widget/systray_monitor.py:197]: Finding real tray hwnd
2026-04-19 18:14:07,063 [DEBUG] [MainThread] [systray_widget/systray.py:261]: Sending TaskbarCreated message: 49252
2026-04-19 18:14:07,063 [DEBUG] [MainThread] [systray_widget/systray.py:263]: Systray icons refreshed
2026-04-19 18:14:25,762 [DEBUG] [Thread-6] [root/watcher.py:84]: Stylesheet modified: c:\users\mathe\.config\yasb\styles.css
2026-04-19 18:14:55,627 [DEBUG] [Thread-6] [root/watcher.py:90]: Config file modified: c:\users\mathe\.config\yasb\config.yaml
2026-04-19 18:14:55,659 [INFO] [MainThread] [root/controller.py:21]: Reloading Application because of config change.
2026-04-19 18:14:55,761 [INFO] [MainThread] [cli_server/cli_server.py:114]: Log pipe server stopped
2026-04-19 18:14:55,761 [DEBUG] [MainThread] [cli_server/cli_server.py:209]: CLI server stopped
2026-04-19 18:14:55,766 [INFO] [MainThread] [root/bar_manager.py:85]: Successfully loaded updated config and re-initialised all bars.
2026-04-19 18:14:55,845 [INFO] [MainThread] [root/bar_manager.py:103]: Stopping HotkeyListener...
2026-04-19 18:14:55,848 [INFO] [MainThread] [root/bar_manager.py:111]: Stopping SystemEventListener...
2026-04-19 18:14:55,849 [INFO] [MainThread] [root/bar_manager.py:111]: Stopping WindowsNotificationEventListener...
2026-04-19 18:14:55,854 [DEBUG] [MainThread] [systray_widget/systray.py:596]: Saving state to C:\Users\mathe\AppData\Local\YASB\systray_state_APSF24M.json
2026-04-19 18:14:55,857 [DEBUG] [MainThread] [systray_widget/utils.py:154]: Destroying window 983546
2026-04-19 18:14:55,858 [DEBUG] [SystrayMonitor] [systray_widget/systray_monitor.py:125]: WM_CLOSE received, destroying window 983546
2026-04-19 18:14:55,858 [DEBUG] [SystrayMonitor] [systray_widget/systray_monitor.py:129]: WM_DESTROY received for window 983546
2026-04-19 18:14:56,250 [INFO] [MainThread] [root/log.py:99]: YASB v1.9.1
2026-04-19 18:14:56,251 [INFO] [CLIPipeServer] [cli_server/cli_server.py:215]: CLI server started v1.1.6
2026-04-19 18:14:56,251 [INFO] [MainThread] [cli_server/cli_server.py:106]: Log pipe server started
2026-04-19 18:14:56,720 [INFO] [MainThread] [root/service.py:41]: AudioInputService starting...
2026-04-19 18:14:56,793 [INFO] [MainThread] [root/service.py:52]: AudioOutputService starting...
2026-04-19 18:14:56,967 [INFO] [MainThread] [root/bar_manager.py:219]: Starting HotkeyListener...
2026-04-19 18:14:56,967 [INFO] [MainThread] [root/bar_manager.py:95]: Starting WindowsNotificationEventListener...
2026-04-19 18:14:56,967 [INFO] [MainThread] [root/bar_manager.py:95]: Starting SystemEventListener...
2026-04-19 18:14:56,968 [DEBUG] [Dummy-6] [root/hotkeys.py:200]: Registered hotkey alt+shift+e
2026-04-19 18:14:56,968 [INFO] [MainThread] [root/watcher.py:65]: Watching directory: c:\users\mathe\.config\yasb
2026-04-19 18:14:56,969 [INFO] [MainThread] [root/watcher.py:104]: Created file watcher
2026-04-19 18:14:57,015 [INFO] [MainThread] [root/update_service.py:429]: Background update checker started
2026-04-19 18:14:57,054 [DEBUG] [MainThread] [systray_widget/systray.py:614]: Loading state from C:\Users\mathe\AppData\Local\YASB\systray_state_APSF24M.json
2026-04-19 18:14:57,055 [DEBUG] [SystrayMonitor] [systray_widget/systray.py:63]: Systray monitor thread is starting...
2026-04-19 18:14:57,313 [DEBUG] [SystrayMonitor] [systray_widget/systray_monitor.py:119]: Adding TaskbandHWND prop to hwnd 1377714
2026-04-19 18:14:57,316 [DEBUG] [SystrayMonitor] [systray_widget/systray_monitor.py:197]: Finding real tray hwnd
2026-04-19 18:14:57,318 [DEBUG] [MainThread] [systray_widget/systray.py:261]: Sending TaskbarCreated message: 49252
2026-04-19 18:14:57,318 [DEBUG] [MainThread] [systray_widget/systray.py:263]: Systray icons refreshed
2026-04-19 18:15:17,975 [DEBUG] [Thread-7] [root/watcher.py:84]: Stylesheet modified: c:\users\mathe\.config\yasb\styles.css
2026-04-19 18:15:27,797 [DEBUG] [Thread-7] [root/watcher.py:84]: Stylesheet modified: c:\users\mathe\.config\yasb\styles.css
2026-04-19 18:15:37,969 [DEBUG] [Thread-7] [root/watcher.py:84]: Stylesheet modified: c:\users\mathe\.config\yasb\styles.css
2026-04-19 18:15:49,175 [DEBUG] [Thread-7] [root/watcher.py:84]: Stylesheet modified: c:\users\mathe\.config\yasb\styles.css
2026-04-19 18:15:56,485 [DEBUG] [Thread-7] [root/watcher.py:84]: Stylesheet modified: c:\users\mathe\.config\yasb\styles.css
2026-04-19 18:16:04,711 [DEBUG] [Thread-7] [root/watcher.py:84]: Stylesheet modified: c:\users\mathe\.config\yasb\styles.css
2026-04-19 18:16:11,022 [DEBUG] [Thread-7] [root/watcher.py:84]: Stylesheet modified: c:\users\mathe\.config\yasb\styles.css
2026-04-19 18:16:49,913 [DEBUG] [Thread-7] [root/watcher.py:84]: Stylesheet modified: c:\users\mathe\.config\yasb\styles.css
2026-04-19 18:17:03,635 [DEBUG] [Thread-7] [root/watcher.py:84]: Stylesheet modified: c:\users\mathe\.config\yasb\styles.css
2026-04-19 18:17:07,769 [DEBUG] [Thread-7] [root/watcher.py:84]: Stylesheet modified: c:\users\mathe\.config\yasb\styles.css
2026-04-19 18:17:19,698 [DEBUG] [Thread-7] [root/watcher.py:84]: Stylesheet modified: c:\users\mathe\.config\yasb\styles.css
2026-04-19 18:17:26,306 [DEBUG] [Thread-7] [root/watcher.py:84]: Stylesheet modified: c:\users\mathe\.config\yasb\styles.css
2026-04-19 18:17:29,284 [DEBUG] [Thread-7] [root/watcher.py:84]: Stylesheet modified: c:\users\mathe\.config\yasb\styles.css
2026-04-19 18:17:37,551 [DEBUG] [Thread-7] [root/watcher.py:84]: Stylesheet modified: c:\users\mathe\.config\yasb\styles.css
2026-04-19 18:17:45,021 [DEBUG] [Thread-7] [root/watcher.py:84]: Stylesheet modified: c:\users\mathe\.config\yasb\styles.css
2026-04-19 18:17:58,084 [DEBUG] [Thread-7] [root/watcher.py:84]: Stylesheet modified: c:\users\mathe\.config\yasb\styles.css
2026-04-19 18:18:12,257 [DEBUG] [Thread-7] [root/watcher.py:84]: Stylesheet modified: c:\users\mathe\.config\yasb\styles.css
2026-04-19 18:18:17,263 [DEBUG] [Thread-7] [root/watcher.py:84]: Stylesheet modified: c:\users\mathe\.config\yasb\styles.css
2026-04-19 18:18:22,894 [INFO] [CLIPipeServer] [cli_server/cli_server.py:256]: CLI server received command: reload
2026-04-19 18:18:22,895 [INFO] [CLIPipeServer] [root/controller.py:21]: Reloading Application from CLI...
2026-04-19 18:18:23,009 [INFO] [CLIPipeServer] [cli_server/cli_server.py:114]: Log pipe server stopped
2026-04-19 18:18:23,009 [DEBUG] [CLIPipeServer] [cli_server/cli_server.py:209]: CLI server stopped
2026-04-19 18:18:23,083 [INFO] [MainThread] [root/bar_manager.py:103]: Stopping HotkeyListener...
2026-04-19 18:18:23,086 [INFO] [MainThread] [root/bar_manager.py:111]: Stopping WindowsNotificationEventListener...
2026-04-19 18:18:23,088 [INFO] [MainThread] [root/bar_manager.py:111]: Stopping SystemEventListener...
2026-04-19 18:18:23,092 [DEBUG] [MainThread] [systray_widget/systray.py:596]: Saving state to C:\Users\mathe\AppData\Local\YASB\systray_state_APSF24M.json
2026-04-19 18:18:23,093 [DEBUG] [MainThread] [systray_widget/utils.py:154]: Destroying window 1377714
2026-04-19 18:18:23,094 [DEBUG] [SystrayMonitor] [systray_widget/systray_monitor.py:125]: WM_CLOSE received, destroying window 1377714
2026-04-19 18:18:23,094 [DEBUG] [SystrayMonitor] [systray_widget/systray_monitor.py:129]: WM_DESTROY received for window 1377714
2026-04-19 18:18:23,474 [INFO] [MainThread] [root/log.py:99]: YASB v1.9.1
2026-04-19 18:18:23,475 [INFO] [CLIPipeServer] [cli_server/cli_server.py:215]: CLI server started v1.1.6
2026-04-19 18:18:23,475 [INFO] [MainThread] [cli_server/cli_server.py:106]: Log pipe server started
2026-04-19 18:18:23,952 [INFO] [MainThread] [root/service.py:41]: AudioInputService starting...
2026-04-19 18:18:24,025 [INFO] [MainThread] [root/service.py:52]: AudioOutputService starting...
2026-04-19 18:18:24,204 [INFO] [MainThread] [root/bar_manager.py:219]: Starting HotkeyListener...
2026-04-19 18:18:24,204 [INFO] [MainThread] [root/bar_manager.py:95]: Starting WindowsNotificationEventListener...
2026-04-19 18:18:24,204 [INFO] [MainThread] [root/bar_manager.py:95]: Starting SystemEventListener...
2026-04-19 18:18:24,204 [DEBUG] [Dummy-6] [root/hotkeys.py:200]: Registered hotkey alt+shift+e
2026-04-19 18:18:24,205 [INFO] [MainThread] [root/watcher.py:65]: Watching directory: c:\users\mathe\.config\yasb
2026-04-19 18:18:24,206 [INFO] [MainThread] [root/watcher.py:104]: Created file watcher
2026-04-19 18:18:24,250 [INFO] [MainThread] [root/update_service.py:429]: Background update checker started
2026-04-19 18:18:24,296 [DEBUG] [MainThread] [systray_widget/systray.py:614]: Loading state from C:\Users\mathe\AppData\Local\YASB\systray_state_APSF24M.json
2026-04-19 18:18:24,298 [DEBUG] [SystrayMonitor] [systray_widget/systray.py:63]: Systray monitor thread is starting...
2026-04-19 18:18:24,546 [DEBUG] [SystrayMonitor] [systray_widget/systray_monitor.py:119]: Adding TaskbandHWND prop to hwnd 3212742
2026-04-19 18:18:24,549 [DEBUG] [SystrayMonitor] [systray_widget/systray_monitor.py:197]: Finding real tray hwnd
2026-04-19 18:18:24,551 [DEBUG] [MainThread] [systray_widget/systray.py:261]: Sending TaskbarCreated message: 49252
2026-04-19 18:18:24,551 [DEBUG] [MainThread] [systray_widget/systray.py:263]: Systray icons refreshed
2026-04-19 18:18:46,878 [INFO] [MainThread] [root/log.py:99]: YASB v1.9.1
2026-04-19 18:18:46,879 [INFO] [CLIPipeServer] [cli_server/cli_server.py:215]: CLI server started v1.1.6
2026-04-19 18:18:46,879 [INFO] [MainThread] [cli_server/cli_server.py:106]: Log pipe server started
2026-04-19 18:18:47,334 [INFO] [MainThread] [root/service.py:41]: AudioInputService starting...
2026-04-19 18:18:47,406 [INFO] [MainThread] [root/service.py:52]: AudioOutputService starting...
2026-04-19 18:18:47,590 [INFO] [MainThread] [root/bar_manager.py:219]: Starting HotkeyListener...
2026-04-19 18:18:47,590 [INFO] [MainThread] [root/bar_manager.py:95]: Starting SystemEventListener...
2026-04-19 18:18:47,590 [INFO] [MainThread] [root/bar_manager.py:95]: Starting WindowsNotificationEventListener...
2026-04-19 18:18:47,592 [INFO] [MainThread] [root/watcher.py:65]: Watching directory: c:\users\mathe\.config\yasb
2026-04-19 18:18:47,592 [INFO] [MainThread] [root/watcher.py:104]: Created file watcher
2026-04-19 18:18:47,595 [DEBUG] [Dummy-8] [root/hotkeys.py:200]: Registered hotkey alt+shift+e
2026-04-19 18:18:47,645 [INFO] [MainThread] [root/update_service.py:429]: Background update checker started
2026-04-19 18:18:47,685 [DEBUG] [MainThread] [systray_widget/systray.py:614]: Loading state from C:\Users\mathe\AppData\Local\YASB\systray_state_APSF24M.json
2026-04-19 18:18:47,686 [DEBUG] [SystrayMonitor] [systray_widget/systray.py:63]: Systray monitor thread is starting...
2026-04-19 18:18:47,939 [DEBUG] [SystrayMonitor] [systray_widget/systray_monitor.py:119]: Adding TaskbandHWND prop to hwnd 1050122
2026-04-19 18:18:47,941 [DEBUG] [SystrayMonitor] [systray_widget/systray_monitor.py:197]: Finding real tray hwnd
2026-04-19 18:18:47,944 [DEBUG] [MainThread] [systray_widget/systray.py:261]: Sending TaskbarCreated message: 49252
2026-04-19 18:18:47,944 [DEBUG] [MainThread] [systray_widget/systray.py:263]: Systray icons refreshed
2026-04-19 18:18:54,013 [DEBUG] [Thread-6] [root/watcher.py:84]: Stylesheet modified: c:\users\mathe\.config\yasb\styles.css
2026-04-19 18:19:52,162 [DEBUG] [Thread-6] [root/watcher.py:84]: Stylesheet modified: c:\users\mathe\.config\yasb\styles.css
2026-04-19 18:20:58,011 [DEBUG] [Thread-6] [root/watcher.py:84]: Stylesheet modified: c:\users\mathe\.config\yasb\styles.css
2026-04-19 18:21:34,182 [DEBUG] [Thread-6] [root/watcher.py:84]: Stylesheet modified: c:\users\mathe\.config\yasb\styles.css
2026-04-19 18:22:07,214 [DEBUG] [Thread-6] [root/watcher.py:84]: Stylesheet modified: c:\users\mathe\.config\yasb\styles.css
2026-04-19 18:22:33,926 [DEBUG] [Thread-6] [root/watcher.py:84]: Stylesheet modified: c:\users\mathe\.config\yasb\styles.css
2026-04-19 18:22:36,981 [INFO] [CLIPipeServer] [cli_server/cli_server.py:256]: CLI server received command: reload
2026-04-19 18:22:36,982 [INFO] [CLIPipeServer] [root/controller.py:21]: Reloading Application from CLI...
2026-04-19 18:22:37,091 [INFO] [CLIPipeServer] [cli_server/cli_server.py:114]: Log pipe server stopped
2026-04-19 18:22:37,091 [DEBUG] [CLIPipeServer] [cli_server/cli_server.py:209]: CLI server stopped
2026-04-19 18:22:37,169 [INFO] [MainThread] [root/bar_manager.py:103]: Stopping HotkeyListener...
2026-04-19 18:22:37,172 [INFO] [MainThread] [root/bar_manager.py:111]: Stopping SystemEventListener...
2026-04-19 18:22:37,174 [INFO] [MainThread] [root/bar_manager.py:111]: Stopping WindowsNotificationEventListener...
2026-04-19 18:22:37,177 [DEBUG] [MainThread] [systray_widget/systray.py:596]: Saving state to C:\Users\mathe\AppData\Local\YASB\systray_state_APSF24M.json
2026-04-19 18:22:37,178 [DEBUG] [MainThread] [systray_widget/utils.py:154]: Destroying window 1050122
2026-04-19 18:22:37,179 [DEBUG] [SystrayMonitor] [systray_widget/systray_monitor.py:125]: WM_CLOSE received, destroying window 1050122
2026-04-19 18:22:37,179 [DEBUG] [SystrayMonitor] [systray_widget/systray_monitor.py:129]: WM_DESTROY received for window 1050122
2026-04-19 18:22:37,554 [INFO] [MainThread] [root/log.py:99]: YASB v1.9.1
2026-04-19 18:22:37,554 [INFO] [CLIPipeServer] [cli_server/cli_server.py:215]: CLI server started v1.1.6
2026-04-19 18:22:37,554 [INFO] [MainThread] [cli_server/cli_server.py:106]: Log pipe server started
2026-04-19 18:22:38,021 [INFO] [MainThread] [root/service.py:41]: AudioInputService starting...
2026-04-19 18:22:38,098 [INFO] [MainThread] [root/service.py:52]: AudioOutputService starting...
2026-04-19 18:22:38,280 [INFO] [MainThread] [root/bar_manager.py:219]: Starting HotkeyListener...
2026-04-19 18:22:38,280 [INFO] [MainThread] [root/bar_manager.py:95]: Starting SystemEventListener...
2026-04-19 18:22:38,281 [INFO] [MainThread] [root/bar_manager.py:95]: Starting WindowsNotificationEventListener...
2026-04-19 18:22:38,282 [DEBUG] [Dummy-6] [root/hotkeys.py:200]: Registered hotkey alt+shift+e
2026-04-19 18:22:38,283 [INFO] [MainThread] [root/watcher.py:65]: Watching directory: c:\users\mathe\.config\yasb
2026-04-19 18:22:38,284 [INFO] [MainThread] [root/watcher.py:104]: Created file watcher
2026-04-19 18:22:38,324 [INFO] [MainThread] [root/update_service.py:429]: Background update checker started
2026-04-19 18:22:38,371 [DEBUG] [MainThread] [systray_widget/systray.py:614]: Loading state from C:\Users\mathe\AppData\Local\YASB\systray_state_APSF24M.json
2026-04-19 18:22:38,372 [DEBUG] [SystrayMonitor] [systray_widget/systray.py:63]: Systray monitor thread is starting...
2026-04-19 18:22:38,622 [DEBUG] [SystrayMonitor] [systray_widget/systray_monitor.py:119]: Adding TaskbandHWND prop to hwnd 1311950
2026-04-19 18:22:38,624 [DEBUG] [SystrayMonitor] [systray_widget/systray_monitor.py:197]: Finding real tray hwnd
2026-04-19 18:22:38,626 [DEBUG] [MainThread] [systray_widget/systray.py:261]: Sending TaskbarCreated message: 49252
2026-04-19 18:22:38,627 [DEBUG] [MainThread] [systray_widget/systray.py:263]: Systray icons refreshed
2026-04-19 18:26:17,809 [DEBUG] [Thread-7] [root/watcher.py:84]: Stylesheet modified: c:\users\mathe\.config\yasb\styles.css
2026-04-19 18:27:34,898 [DEBUG] [Thread-7] [root/watcher.py:84]: Stylesheet modified: c:\users\mathe\.config\yasb\styles.css
2026-04-19 18:29:54,242 [DEBUG] [Thread-7] [root/watcher.py:84]: Stylesheet modified: c:\users\mathe\.config\yasb\styles.css
2026-04-19 18:32:31,527 [DEBUG] [Thread-7] [root/watcher.py:84]: Stylesheet modified: c:\users\mathe\.config\yasb\styles.css
2026-04-19 18:32:34,676 [INFO] [CLIPipeServer] [cli_server/cli_server.py:256]: CLI server received command: reload
2026-04-19 18:32:34,677 [INFO] [CLIPipeServer] [root/controller.py:21]: Reloading Application from CLI...
2026-04-19 18:32:34,788 [INFO] [CLIPipeServer] [cli_server/cli_server.py:114]: Log pipe server stopped
2026-04-19 18:32:34,788 [DEBUG] [CLIPipeServer] [cli_server/cli_server.py:209]: CLI server stopped
2026-04-19 18:32:34,874 [INFO] [MainThread] [root/bar_manager.py:103]: Stopping HotkeyListener...
2026-04-19 18:32:34,877 [INFO] [MainThread] [root/bar_manager.py:111]: Stopping SystemEventListener...
2026-04-19 18:32:34,878 [INFO] [MainThread] [root/bar_manager.py:111]: Stopping WindowsNotificationEventListener...
2026-04-19 18:32:34,884 [DEBUG] [MainThread] [systray_widget/systray.py:596]: Saving state to C:\Users\mathe\AppData\Local\YASB\systray_state_APSF24M.json
2026-04-19 18:32:34,885 [DEBUG] [MainThread] [systray_widget/utils.py:154]: Destroying window 1311950
2026-04-19 18:32:34,885 [DEBUG] [SystrayMonitor] [systray_widget/systray_monitor.py:125]: WM_CLOSE received, destroying window 1311950
2026-04-19 18:32:34,886 [DEBUG] [SystrayMonitor] [systray_widget/systray_monitor.py:129]: WM_DESTROY received for window 1311950
2026-04-19 18:32:35,355 [INFO] [MainThread] [root/log.py:99]: YASB v1.9.1
2026-04-19 18:32:35,356 [INFO] [CLIPipeServer] [cli_server/cli_server.py:215]: CLI server started v1.1.6
2026-04-19 18:32:35,356 [INFO] [MainThread] [cli_server/cli_server.py:106]: Log pipe server started
2026-04-19 18:32:35,875 [INFO] [MainThread] [root/service.py:41]: AudioInputService starting...
2026-04-19 18:32:35,954 [INFO] [MainThread] [root/service.py:52]: AudioOutputService starting...
2026-04-19 18:32:36,155 [INFO] [MainThread] [root/bar_manager.py:219]: Starting HotkeyListener...
2026-04-19 18:32:36,155 [INFO] [MainThread] [root/bar_manager.py:95]: Starting WindowsNotificationEventListener...
2026-04-19 18:32:36,156 [INFO] [MainThread] [root/bar_manager.py:95]: Starting SystemEventListener...
2026-04-19 18:32:36,157 [DEBUG] [Dummy-7] [root/hotkeys.py:200]: Registered hotkey alt+shift+e
2026-04-19 18:32:36,158 [INFO] [MainThread] [root/watcher.py:65]: Watching directory: c:\users\mathe\.config\yasb
2026-04-19 18:32:36,158 [INFO] [MainThread] [root/watcher.py:104]: Created file watcher
2026-04-19 18:32:36,207 [INFO] [MainThread] [root/update_service.py:429]: Background update checker started
2026-04-19 18:32:36,256 [DEBUG] [MainThread] [systray_widget/systray.py:614]: Loading state from C:\Users\mathe\AppData\Local\YASB\systray_state_APSF24M.json
2026-04-19 18:32:36,258 [DEBUG] [SystrayMonitor] [systray_widget/systray.py:63]: Systray monitor thread is starting...
2026-04-19 18:32:36,525 [DEBUG] [SystrayMonitor] [systray_widget/systray_monitor.py:119]: Adding TaskbandHWND prop to hwnd 1311964
2026-04-19 18:32:36,528 [DEBUG] [SystrayMonitor] [systray_widget/systray_monitor.py:197]: Finding real tray hwnd
2026-04-19 18:32:36,530 [DEBUG] [MainThread] [systray_widget/systray.py:261]: Sending TaskbarCreated message: 49252
2026-04-19 18:32:36,530 [DEBUG] [MainThread] [systray_widget/systray.py:263]: Systray icons refreshed
2026-04-19 18:33:23,476 [DEBUG] [Thread-6] [root/watcher.py:84]: Stylesheet modified: c:\users\mathe\.config\yasb\styles.css
2026-04-19 18:33:48,571 [DEBUG] [Thread-6] [root/watcher.py:84]: Stylesheet modified: c:\users\mathe\.config\yasb\styles.css
2026-04-19 18:33:52,168 [DEBUG] [Thread-6] [root/watcher.py:84]: Stylesheet modified: c:\users\mathe\.config\yasb\styles.css
2026-04-19 18:34:03,798 [INFO] [CLIPipeServer] [cli_server/cli_server.py:256]: CLI server received command: reload
2026-04-19 18:34:03,799 [INFO] [CLIPipeServer] [root/controller.py:21]: Reloading Application from CLI...
2026-04-19 18:34:03,904 [INFO] [CLIPipeServer] [cli_server/cli_server.py:114]: Log pipe server stopped
2026-04-19 18:34:03,904 [DEBUG] [CLIPipeServer] [cli_server/cli_server.py:209]: CLI server stopped
2026-04-19 18:34:03,979 [INFO] [MainThread] [root/bar_manager.py:103]: Stopping HotkeyListener...
2026-04-19 18:34:03,980 [INFO] [MainThread] [root/bar_manager.py:111]: Stopping WindowsNotificationEventListener...
2026-04-19 18:34:03,982 [INFO] [MainThread] [root/bar_manager.py:111]: Stopping SystemEventListener...
2026-04-19 18:34:03,985 [DEBUG] [MainThread] [systray_widget/systray.py:596]: Saving state to C:\Users\mathe\AppData\Local\YASB\systray_state_APSF24M.json
2026-04-19 18:34:03,986 [DEBUG] [MainThread] [systray_widget/utils.py:154]: Destroying window 1311964
2026-04-19 18:34:03,986 [DEBUG] [SystrayMonitor] [systray_widget/systray_monitor.py:125]: WM_CLOSE received, destroying window 1311964
2026-04-19 18:34:03,986 [DEBUG] [SystrayMonitor] [systray_widget/systray_monitor.py:129]: WM_DESTROY received for window 1311964
2026-04-19 18:34:04,414 [INFO] [MainThread] [root/log.py:99]: YASB v1.9.1
2026-04-19 18:34:04,414 [INFO] [CLIPipeServer] [cli_server/cli_server.py:215]: CLI server started v1.1.6
2026-04-19 18:34:04,414 [INFO] [MainThread] [cli_server/cli_server.py:106]: Log pipe server started
2026-04-19 18:34:04,911 [INFO] [MainThread] [root/service.py:41]: AudioInputService starting...
2026-04-19 18:34:04,988 [INFO] [MainThread] [root/service.py:52]: AudioOutputService starting...
2026-04-19 18:34:05,191 [INFO] [MainThread] [root/bar_manager.py:219]: Starting HotkeyListener...
2026-04-19 18:34:05,191 [INFO] [MainThread] [root/bar_manager.py:95]: Starting WindowsNotificationEventListener...
2026-04-19 18:34:05,191 [INFO] [MainThread] [root/bar_manager.py:95]: Starting SystemEventListener...
2026-04-19 18:34:05,192 [DEBUG] [Dummy-7] [root/hotkeys.py:200]: Registered hotkey alt+shift+e
2026-04-19 18:34:05,193 [INFO] [MainThread] [root/watcher.py:65]: Watching directory: c:\users\mathe\.config\yasb
2026-04-19 18:34:05,193 [INFO] [MainThread] [root/watcher.py:104]: Created file watcher
2026-04-19 18:34:05,247 [INFO] [MainThread] [root/update_service.py:429]: Background update checker started
2026-04-19 18:34:05,289 [DEBUG] [MainThread] [systray_widget/systray.py:614]: Loading state from C:\Users\mathe\AppData\Local\YASB\systray_state_APSF24M.json
2026-04-19 18:34:05,290 [DEBUG] [SystrayMonitor] [systray_widget/systray.py:63]: Systray monitor thread is starting...
2026-04-19 18:34:05,549 [DEBUG] [SystrayMonitor] [systray_widget/systray_monitor.py:119]: Adding TaskbandHWND prop to hwnd 1377056
2026-04-19 18:34:05,552 [DEBUG] [SystrayMonitor] [systray_widget/systray_monitor.py:197]: Finding real tray hwnd
2026-04-19 18:34:05,554 [DEBUG] [MainThread] [systray_widget/systray.py:261]: Sending TaskbarCreated message: 49252
2026-04-19 18:34:05,554 [DEBUG] [MainThread] [systray_widget/systray.py:263]: Systray icons refreshed
2026-04-19 18:34:20,666 [DEBUG] [Thread-6] [root/watcher.py:84]: Stylesheet modified: c:\users\mathe\.config\yasb\styles.css
2026-04-19 18:34:22,529 [INFO] [CLIPipeServer] [cli_server/cli_server.py:256]: CLI server received command: reload
2026-04-19 18:34:22,529 [INFO] [CLIPipeServer] [root/controller.py:21]: Reloading Application from CLI...
2026-04-19 18:34:22,636 [INFO] [CLIPipeServer] [cli_server/cli_server.py:114]: Log pipe server stopped
2026-04-19 18:34:22,636 [DEBUG] [CLIPipeServer] [cli_server/cli_server.py:209]: CLI server stopped
2026-04-19 18:34:22,729 [INFO] [MainThread] [root/bar_manager.py:103]: Stopping HotkeyListener...
2026-04-19 18:34:22,731 [INFO] [MainThread] [root/bar_manager.py:111]: Stopping WindowsNotificationEventListener...
2026-04-19 18:34:22,733 [INFO] [MainThread] [root/bar_manager.py:111]: Stopping SystemEventListener...
2026-04-19 18:34:22,737 [DEBUG] [MainThread] [systray_widget/systray.py:596]: Saving state to C:\Users\mathe\AppData\Local\YASB\systray_state_APSF24M.json
2026-04-19 18:34:22,738 [DEBUG] [MainThread] [systray_widget/utils.py:154]: Destroying window 1377056
2026-04-19 18:34:22,738 [DEBUG] [SystrayMonitor] [systray_widget/systray_monitor.py:125]: WM_CLOSE received, destroying window 1377056
2026-04-19 18:34:22,738 [DEBUG] [SystrayMonitor] [systray_widget/systray_monitor.py:129]: WM_DESTROY received for window 1377056
2026-04-19 18:34:23,178 [INFO] [MainThread] [root/log.py:99]: YASB v1.9.1
2026-04-19 18:34:23,178 [INFO] [CLIPipeServer] [cli_server/cli_server.py:215]: CLI server started v1.1.6
2026-04-19 18:34:23,179 [INFO] [MainThread] [cli_server/cli_server.py:106]: Log pipe server started
2026-04-19 18:34:23,675 [INFO] [MainThread] [root/service.py:41]: AudioInputService starting...
2026-04-19 18:34:23,761 [INFO] [MainThread] [root/service.py:52]: AudioOutputService starting...
2026-04-19 18:34:23,958 [INFO] [MainThread] [root/bar_manager.py:219]: Starting HotkeyListener...
2026-04-19 18:34:23,959 [INFO] [MainThread] [root/bar_manager.py:95]: Starting SystemEventListener...
2026-04-19 18:34:23,959 [INFO] [MainThread] [root/bar_manager.py:95]: Starting WindowsNotificationEventListener...
2026-04-19 18:34:23,960 [INFO] [MainThread] [root/watcher.py:65]: Watching directory: c:\users\mathe\.config\yasb
2026-04-19 18:34:23,960 [INFO] [MainThread] [root/watcher.py:104]: Created file watcher
2026-04-19 18:34:23,961 [DEBUG] [Dummy-8] [root/hotkeys.py:200]: Registered hotkey alt+shift+e
2026-04-19 18:34:24,013 [INFO] [MainThread] [root/update_service.py:429]: Background update checker started
2026-04-19 18:34:24,060 [DEBUG] [MainThread] [systray_widget/systray.py:614]: Loading state from C:\Users\mathe\AppData\Local\YASB\systray_state_APSF24M.json
2026-04-19 18:34:24,061 [DEBUG] [SystrayMonitor] [systray_widget/systray.py:63]: Systray monitor thread is starting...
2026-04-19 18:34:24,311 [DEBUG] [SystrayMonitor] [systray_widget/systray_monitor.py:119]: Adding TaskbandHWND prop to hwnd 590482
2026-04-19 18:34:24,313 [DEBUG] [SystrayMonitor] [systray_widget/systray_monitor.py:197]: Finding real tray hwnd
2026-04-19 18:34:24,317 [DEBUG] [MainThread] [systray_widget/systray.py:261]: Sending TaskbarCreated message: 49252
2026-04-19 18:34:24,317 [DEBUG] [MainThread] [systray_widget/systray.py:263]: Systray icons refreshed
2026-04-19 18:34:47,228 [DEBUG] [Thread-6] [root/watcher.py:84]: Stylesheet modified: c:\users\mathe\.config\yasb\styles.css
2026-04-19 18:37:15,167 [DEBUG] [Thread-6] [root/watcher.py:84]: Stylesheet modified: c:\users\mathe\.config\yasb\styles.css
2026-04-19 18:39:27,628 [DEBUG] [Thread-6] [root/watcher.py:84]: Stylesheet modified: c:\users\mathe\.config\yasb\styles.css
2026-04-19 18:39:34,143 [INFO] [CLIPipeServer] [cli_server/cli_server.py:256]: CLI server received command: reload
2026-04-19 18:39:34,144 [INFO] [CLIPipeServer] [root/controller.py:21]: Reloading Application from CLI...
2026-04-19 18:39:34,246 [INFO] [CLIPipeServer] [cli_server/cli_server.py:114]: Log pipe server stopped
2026-04-19 18:39:34,247 [DEBUG] [CLIPipeServer] [cli_server/cli_server.py:209]: CLI server stopped
2026-04-19 18:39:34,329 [INFO] [MainThread] [root/bar_manager.py:103]: Stopping HotkeyListener...
2026-04-19 18:39:34,335 [INFO] [MainThread] [root/bar_manager.py:111]: Stopping SystemEventListener...
2026-04-19 18:39:34,336 [INFO] [MainThread] [root/bar_manager.py:111]: Stopping WindowsNotificationEventListener...
2026-04-19 18:39:34,338 [DEBUG] [MainThread] [systray_widget/systray.py:596]: Saving state to C:\Users\mathe\AppData\Local\YASB\systray_state_APSF24M.json
2026-04-19 18:39:34,339 [DEBUG] [MainThread] [systray_widget/utils.py:154]: Destroying window 590482
2026-04-19 18:39:34,341 [DEBUG] [SystrayMonitor] [systray_widget/systray_monitor.py:125]: WM_CLOSE received, destroying window 590482
2026-04-19 18:39:34,341 [DEBUG] [SystrayMonitor] [systray_widget/systray_monitor.py:129]: WM_DESTROY received for window 590482
2026-04-19 18:39:34,740 [INFO] [MainThread] [root/log.py:99]: YASB v1.9.1
2026-04-19 18:39:34,740 [INFO] [CLIPipeServer] [cli_server/cli_server.py:215]: CLI server started v1.1.6
2026-04-19 18:39:34,741 [INFO] [MainThread] [cli_server/cli_server.py:106]: Log pipe server started
2026-04-19 18:39:35,253 [INFO] [MainThread] [root/service.py:41]: AudioInputService starting...
2026-04-19 18:39:35,332 [INFO] [MainThread] [root/service.py:52]: AudioOutputService starting...
2026-04-19 18:39:35,556 [INFO] [MainThread] [root/bar_manager.py:219]: Starting HotkeyListener...
2026-04-19 18:39:35,556 [INFO] [MainThread] [root/bar_manager.py:95]: Starting SystemEventListener...
2026-04-19 18:39:35,556 [INFO] [MainThread] [root/bar_manager.py:95]: Starting WindowsNotificationEventListener...
2026-04-19 18:39:35,560 [INFO] [MainThread] [root/watcher.py:65]: Watching directory: c:\users\mathe\.config\yasb
2026-04-19 18:39:35,560 [INFO] [MainThread] [root/watcher.py:104]: Created file watcher
2026-04-19 18:39:35,613 [DEBUG] [Dummy-9] [root/hotkeys.py:200]: Registered hotkey alt+shift+e
2026-04-19 18:39:35,623 [INFO] [MainThread] [root/update_service.py:429]: Background update checker started
2026-04-19 18:39:35,677 [DEBUG] [MainThread] [systray_widget/systray.py:614]: Loading state from C:\Users\mathe\AppData\Local\YASB\systray_state_APSF24M.json
2026-04-19 18:39:35,678 [DEBUG] [SystrayMonitor] [systray_widget/systray.py:63]: Systray monitor thread is starting...
2026-04-19 18:39:35,935 [DEBUG] [SystrayMonitor] [systray_widget/systray_monitor.py:119]: Adding TaskbandHWND prop to hwnd 918420
2026-04-19 18:39:35,937 [DEBUG] [SystrayMonitor] [systray_widget/systray_monitor.py:197]: Finding real tray hwnd
2026-04-19 18:39:35,939 [DEBUG] [MainThread] [systray_widget/systray.py:261]: Sending TaskbarCreated message: 49252
2026-04-19 18:39:35,939 [DEBUG] [MainThread] [systray_widget/systray.py:263]: Systray icons refreshed
2026-04-19 18:41:12,784 [DEBUG] [Thread-6] [root/watcher.py:84]: Stylesheet modified: c:\users\mathe\.config\yasb\styles.css
2026-04-19 18:41:18,172 [DEBUG] [Thread-6] [root/watcher.py:84]: Stylesheet modified: c:\users\mathe\.config\yasb\styles.css
2026-04-19 18:41:21,457 [DEBUG] [Thread-6] [root/watcher.py:84]: Stylesheet modified: c:\users\mathe\.config\yasb\styles.css
2026-04-19 18:41:32,297 [DEBUG] [Thread-6] [root/watcher.py:84]: Stylesheet modified: c:\users\mathe\.config\yasb\styles.css
2026-04-19 18:41:35,053 [DEBUG] [Thread-6] [root/watcher.py:84]: Stylesheet modified: c:\users\mathe\.config\yasb\styles.css
2026-04-19 18:41:41,505 [DEBUG] [Thread-6] [root/watcher.py:84]: Stylesheet modified: c:\users\mathe\.config\yasb\styles.css
2026-04-19 18:42:20,389 [DEBUG] [Thread-6] [root/watcher.py:84]: Stylesheet modified: c:\users\mathe\.config\yasb\styles.css
2026-04-19 18:42:25,993 [DEBUG] [Thread-6] [root/watcher.py:84]: Stylesheet modified: c:\users\mathe\.config\yasb\styles.css
2026-04-19 18:42:59,904 [DEBUG] [Thread-6] [root/watcher.py:84]: Stylesheet modified: c:\users\mathe\.config\yasb\styles.css
2026-04-19 18:43:17,247 [DEBUG] [Thread-6] [root/watcher.py:84]: Stylesheet modified: c:\users\mathe\.config\yasb\styles.css
2026-04-19 18:43:35,814 [DEBUG] [SystrayMonitor] [systray_widget/systray_monitor.py:119]: Adding TaskbandHWND prop to hwnd 918420
2026-04-19 18:43:35,820 [DEBUG] [MainThread] [systray_widget/systray.py:261]: Sending TaskbarCreated message: 49252
2026-04-19 18:43:35,820 [DEBUG] [MainThread] [systray_widget/systray.py:263]: Systray icons refreshed
2026-04-19 18:44:42,556 [DEBUG] [Thread-6] [root/watcher.py:90]: Config file modified: c:\users\mathe\.config\yasb\config.yaml
2026-04-19 18:44:42,579 [INFO] [MainThread] [root/controller.py:21]: Reloading Application because of config change.
2026-04-19 18:44:42,680 [INFO] [MainThread] [cli_server/cli_server.py:114]: Log pipe server stopped
2026-04-19 18:44:42,680 [DEBUG] [MainThread] [cli_server/cli_server.py:209]: CLI server stopped
2026-04-19 18:44:42,685 [INFO] [MainThread] [root/bar_manager.py:85]: Successfully loaded updated config and re-initialised all bars.
2026-04-19 18:44:42,770 [INFO] [MainThread] [root/bar_manager.py:103]: Stopping HotkeyListener...
2026-04-19 18:44:42,772 [INFO] [MainThread] [root/bar_manager.py:111]: Stopping SystemEventListener...
2026-04-19 18:44:42,774 [INFO] [MainThread] [root/bar_manager.py:111]: Stopping WindowsNotificationEventListener...
2026-04-19 18:44:42,778 [DEBUG] [MainThread] [systray_widget/systray.py:596]: Saving state to C:\Users\mathe\AppData\Local\YASB\systray_state_APSF24M.json
2026-04-19 18:44:42,779 [DEBUG] [MainThread] [systray_widget/utils.py:154]: Destroying window 918420
2026-04-19 18:44:42,780 [DEBUG] [SystrayMonitor] [systray_widget/systray_monitor.py:125]: WM_CLOSE received, destroying window 918420
2026-04-19 18:44:42,780 [DEBUG] [SystrayMonitor] [systray_widget/systray_monitor.py:129]: WM_DESTROY received for window 918420
2026-04-19 18:44:43,201 [INFO] [MainThread] [root/log.py:99]: YASB v1.9.1
2026-04-19 18:44:43,201 [INFO] [CLIPipeServer] [cli_server/cli_server.py:215]: CLI server started v1.1.6
2026-04-19 18:44:43,202 [INFO] [MainThread] [cli_server/cli_server.py:106]: Log pipe server started
2026-04-19 18:44:43,710 [INFO] [MainThread] [root/service.py:41]: AudioInputService starting...
2026-04-19 18:44:43,787 [INFO] [MainThread] [root/service.py:52]: AudioOutputService starting...
2026-04-19 18:44:44,002 [INFO] [MainThread] [root/bar_manager.py:219]: Starting HotkeyListener...
2026-04-19 18:44:44,002 [INFO] [MainThread] [root/bar_manager.py:95]: Starting WindowsNotificationEventListener...
2026-04-19 18:44:44,003 [INFO] [MainThread] [root/bar_manager.py:95]: Starting SystemEventListener...
2026-04-19 18:44:44,004 [INFO] [MainThread] [root/watcher.py:65]: Watching directory: c:\users\mathe\.config\yasb
2026-04-19 18:44:44,004 [INFO] [MainThread] [root/watcher.py:104]: Created file watcher
2026-04-19 18:44:44,004 [DEBUG] [Dummy-8] [root/hotkeys.py:200]: Registered hotkey alt+shift+e
2026-04-19 18:44:44,052 [INFO] [MainThread] [root/update_service.py:429]: Background update checker started
2026-04-19 18:44:44,101 [DEBUG] [MainThread] [systray_widget/systray.py:614]: Loading state from C:\Users\mathe\AppData\Local\YASB\systray_state_APSF24M.json
2026-04-19 18:44:44,102 [DEBUG] [SystrayMonitor] [systray_widget/systray.py:63]: Systray monitor thread is starting...
2026-04-19 18:44:44,363 [DEBUG] [SystrayMonitor] [systray_widget/systray_monitor.py:119]: Adding TaskbandHWND prop to hwnd 1179800
2026-04-19 18:44:44,365 [DEBUG] [SystrayMonitor] [systray_widget/systray_monitor.py:197]: Finding real tray hwnd
2026-04-19 18:44:44,368 [DEBUG] [MainThread] [systray_widget/systray.py:261]: Sending TaskbarCreated message: 49252
2026-04-19 18:44:44,368 [DEBUG] [MainThread] [systray_widget/systray.py:263]: Systray icons refreshed
2026-04-19 18:44:52,773 [DEBUG] [Thread-6] [root/watcher.py:90]: Config file modified: c:\users\mathe\.config\yasb\config.yaml
2026-04-19 18:44:52,797 [INFO] [MainThread] [root/controller.py:21]: Reloading Application because of config change.
2026-04-19 18:44:52,910 [INFO] [MainThread] [cli_server/cli_server.py:114]: Log pipe server stopped
2026-04-19 18:44:52,910 [DEBUG] [MainThread] [cli_server/cli_server.py:209]: CLI server stopped
2026-04-19 18:44:52,914 [INFO] [MainThread] [root/bar_manager.py:85]: Successfully loaded updated config and re-initialised all bars.
2026-04-19 18:44:53,007 [INFO] [MainThread] [root/bar_manager.py:103]: Stopping HotkeyListener...
2026-04-19 18:44:53,009 [INFO] [MainThread] [root/bar_manager.py:111]: Stopping WindowsNotificationEventListener...
2026-04-19 18:44:53,012 [INFO] [MainThread] [root/bar_manager.py:111]: Stopping SystemEventListener...
2026-04-19 18:44:53,015 [DEBUG] [MainThread] [systray_widget/systray.py:596]: Saving state to C:\Users\mathe\AppData\Local\YASB\systray_state_APSF24M.json
2026-04-19 18:44:53,016 [DEBUG] [MainThread] [systray_widget/utils.py:154]: Destroying window 1179800
2026-04-19 18:44:53,016 [DEBUG] [SystrayMonitor] [systray_widget/systray_monitor.py:125]: WM_CLOSE received, destroying window 1179800
2026-04-19 18:44:53,017 [DEBUG] [SystrayMonitor] [systray_widget/systray_monitor.py:129]: WM_DESTROY received for window 1179800
2026-04-19 18:44:53,419 [INFO] [MainThread] [root/log.py:99]: YASB v1.9.1
2026-04-19 18:44:53,420 [INFO] [CLIPipeServer] [cli_server/cli_server.py:215]: CLI server started v1.1.6
2026-04-19 18:44:53,420 [INFO] [MainThread] [cli_server/cli_server.py:106]: Log pipe server started
2026-04-19 18:44:53,938 [INFO] [MainThread] [root/service.py:41]: AudioInputService starting...
2026-04-19 18:44:54,013 [INFO] [MainThread] [root/service.py:52]: AudioOutputService starting...
2026-04-19 18:44:54,225 [INFO] [MainThread] [root/bar_manager.py:219]: Starting HotkeyListener...
2026-04-19 18:44:54,226 [INFO] [MainThread] [root/bar_manager.py:95]: Starting SystemEventListener...
2026-04-19 18:44:54,226 [INFO] [MainThread] [root/bar_manager.py:95]: Starting WindowsNotificationEventListener...
2026-04-19 18:44:54,228 [INFO] [MainThread] [root/watcher.py:65]: Watching directory: c:\users\mathe\.config\yasb
2026-04-19 18:44:54,228 [INFO] [MainThread] [root/watcher.py:104]: Created file watcher
2026-04-19 18:44:54,259 [DEBUG] [Dummy-9] [root/hotkeys.py:200]: Registered hotkey alt+shift+e
2026-04-19 18:44:54,296 [INFO] [MainThread] [root/update_service.py:429]: Background update checker started
2026-04-19 18:44:54,368 [DEBUG] [MainThread] [systray_widget/systray.py:614]: Loading state from C:\Users\mathe\AppData\Local\YASB\systray_state_APSF24M.json
2026-04-19 18:44:54,370 [DEBUG] [SystrayMonitor] [systray_widget/systray.py:63]: Systray monitor thread is starting...
2026-04-19 18:44:54,474 [DEBUG] [SystrayMonitor] [systray_widget/systray_monitor.py:197]: Finding real tray hwnd
2026-04-19 18:44:54,625 [DEBUG] [SystrayMonitor] [systray_widget/systray_monitor.py:119]: Adding TaskbandHWND prop to hwnd 787968
2026-04-19 18:44:54,629 [DEBUG] [MainThread] [systray_widget/systray.py:261]: Sending TaskbarCreated message: 49252
2026-04-19 18:44:54,629 [DEBUG] [MainThread] [systray_widget/systray.py:263]: Systray icons refreshed
2026-04-19 18:46:14,412 [DEBUG] [Thread-6] [root/watcher.py:84]: Stylesheet modified: c:\users\mathe\.config\yasb\styles.css
2026-04-19 18:46:42,704 [DEBUG] [Thread-6] [root/watcher.py:84]: Stylesheet modified: c:\users\mathe\.config\yasb\styles.css
2026-04-19 18:46:50,474 [DEBUG] [Thread-6] [root/watcher.py:84]: Stylesheet modified: c:\users\mathe\.config\yasb\styles.css
2026-04-19 18:46:56,196 [DEBUG] [Thread-6] [root/watcher.py:84]: Stylesheet modified: c:\users\mathe\.config\yasb\styles.css
2026-04-19 18:47:00,163 [DEBUG] [Thread-6] [root/watcher.py:84]: Stylesheet modified: c:\users\mathe\.config\yasb\styles.css
2026-04-19 18:47:30,415 [DEBUG] [Thread-6] [root/watcher.py:84]: Stylesheet modified: c:\users\mathe\.config\yasb\styles.css
2026-04-19 18:48:01,001 [DEBUG] [Thread-6] [root/watcher.py:84]: Stylesheet modified: c:\users\mathe\.config\yasb\styles.css
2026-04-19 18:48:05,497 [DEBUG] [Thread-6] [root/watcher.py:84]: Stylesheet modified: c:\users\mathe\.config\yasb\styles.css
2026-04-19 18:48:09,605 [DEBUG] [Thread-6] [root/watcher.py:84]: Stylesheet modified: c:\users\mathe\.config\yasb\styles.css
2026-04-19 18:48:11,638 [DEBUG] [Thread-6] [root/watcher.py:84]: Stylesheet modified: c:\users\mathe\.config\yasb\styles.css
2026-04-19 18:48:19,740 [DEBUG] [Thread-6] [root/watcher.py:84]: Stylesheet modified: c:\users\mathe\.config\yasb\styles.css
2026-04-19 18:48:25,762 [DEBUG] [Thread-6] [root/watcher.py:84]: Stylesheet modified: c:\users\mathe\.config\yasb\styles.css
2026-04-19 18:48:45,601 [DEBUG] [Thread-6] [root/watcher.py:84]: Stylesheet modified: c:\users\mathe\.config\yasb\styles.css
2026-04-19 18:48:49,940 [DEBUG] [Thread-6] [root/watcher.py:84]: Stylesheet modified: c:\users\mathe\.config\yasb\styles.css
2026-04-19 18:49:29,865 [DEBUG] [Thread-6] [root/watcher.py:84]: Stylesheet modified: c:\users\mathe\.config\yasb\styles.css
2026-04-19 18:49:34,952 [DEBUG] [Thread-6] [root/watcher.py:84]: Stylesheet modified: c:\users\mathe\.config\yasb\styles.css
2026-04-19 18:49:39,945 [DEBUG] [Thread-6] [root/watcher.py:84]: Stylesheet modified: c:\users\mathe\.config\yasb\styles.css
2026-04-19 18:49:42,252 [DEBUG] [Thread-6] [root/watcher.py:84]: Stylesheet modified: c:\users\mathe\.config\yasb\styles.css
2026-04-19 18:49:47,225 [DEBUG] [Thread-6] [root/watcher.py:84]: Stylesheet modified: c:\users\mathe\.config\yasb\styles.css
2026-04-19 18:49:50,227 [DEBUG] [Thread-6] [root/watcher.py:84]: Stylesheet modified: c:\users\mathe\.config\yasb\styles.css
2026-04-19 18:49:55,523 [DEBUG] [Thread-6] [root/watcher.py:84]: Stylesheet modified: c:\users\mathe\.config\yasb\styles.css
2026-04-19 18:52:39,306 [DEBUG] [Thread-6] [root/watcher.py:90]: Config file modified: c:\users\mathe\.config\yasb\config.yaml
2026-04-19 18:52:39,334 [INFO] [MainThread] [root/controller.py:21]: Reloading Application because of config change.
2026-04-19 18:52:39,441 [INFO] [MainThread] [cli_server/cli_server.py:114]: Log pipe server stopped
2026-04-19 18:52:39,442 [DEBUG] [MainThread] [cli_server/cli_server.py:209]: CLI server stopped
2026-04-19 18:52:39,446 [INFO] [MainThread] [root/bar_manager.py:85]: Successfully loaded updated config and re-initialised all bars.
2026-04-19 18:52:39,534 [INFO] [MainThread] [root/bar_manager.py:103]: Stopping HotkeyListener...
2026-04-19 18:52:39,536 [INFO] [MainThread] [root/bar_manager.py:111]: Stopping SystemEventListener...
2026-04-19 18:52:39,538 [INFO] [MainThread] [root/bar_manager.py:111]: Stopping WindowsNotificationEventListener...
2026-04-19 18:52:39,543 [DEBUG] [MainThread] [systray_widget/systray.py:596]: Saving state to C:\Users\mathe\AppData\Local\YASB\systray_state_APSF24M.json
2026-04-19 18:52:39,544 [DEBUG] [MainThread] [systray_widget/utils.py:154]: Destroying window 787968
2026-04-19 18:52:39,544 [DEBUG] [SystrayMonitor] [systray_widget/systray_monitor.py:125]: WM_CLOSE received, destroying window 787968
2026-04-19 18:52:39,544 [DEBUG] [SystrayMonitor] [systray_widget/systray_monitor.py:129]: WM_DESTROY received for window 787968
2026-04-19 18:52:39,991 [INFO] [MainThread] [root/log.py:99]: YASB v1.9.1
2026-04-19 18:52:39,992 [INFO] [CLIPipeServer] [cli_server/cli_server.py:215]: CLI server started v1.1.6
2026-04-19 18:52:39,993 [INFO] [MainThread] [cli_server/cli_server.py:106]: Log pipe server started
2026-04-19 18:52:40,536 [INFO] [MainThread] [root/service.py:41]: AudioInputService starting...
2026-04-19 18:52:40,613 [INFO] [MainThread] [root/service.py:52]: AudioOutputService starting...
2026-04-19 18:52:40,856 [INFO] [MainThread] [root/bar_manager.py:219]: Starting HotkeyListener...
2026-04-19 18:52:40,856 [INFO] [MainThread] [root/bar_manager.py:95]: Starting WindowsNotificationEventListener...
2026-04-19 18:52:40,856 [INFO] [MainThread] [root/bar_manager.py:95]: Starting SystemEventListener...
2026-04-19 18:52:40,857 [DEBUG] [Dummy-6] [root/hotkeys.py:200]: Registered hotkey alt+shift+e
2026-04-19 18:52:40,858 [INFO] [MainThread] [root/watcher.py:65]: Watching directory: c:\users\mathe\.config\yasb
2026-04-19 18:52:40,858 [INFO] [MainThread] [root/watcher.py:104]: Created file watcher
2026-04-19 18:52:40,924 [INFO] [MainThread] [root/update_service.py:429]: Background update checker started
2026-04-19 18:52:40,993 [DEBUG] [MainThread] [systray_widget/systray.py:614]: Loading state from C:\Users\mathe\AppData\Local\YASB\systray_state_APSF24M.json
2026-04-19 18:52:40,994 [DEBUG] [SystrayMonitor] [systray_widget/systray.py:63]: Systray monitor thread is starting...
2026-04-19 18:52:41,077 [DEBUG] [SystrayMonitor] [systray_widget/systray_monitor.py:197]: Finding real tray hwnd
2026-04-19 18:52:41,252 [DEBUG] [SystrayMonitor] [systray_widget/systray_monitor.py:119]: Adding TaskbandHWND prop to hwnd 2229822
2026-04-19 18:52:41,257 [DEBUG] [MainThread] [systray_widget/systray.py:261]: Sending TaskbarCreated message: 49252
2026-04-19 18:52:41,257 [DEBUG] [MainThread] [systray_widget/systray.py:263]: Systray icons refreshed
2026-04-19 18:53:02,931 [DEBUG] [Thread-7] [root/watcher.py:90]: Config file modified: c:\users\mathe\.config\yasb\config.yaml
2026-04-19 18:53:02,953 [INFO] [MainThread] [root/controller.py:21]: Reloading Application because of config change.
2026-04-19 18:53:03,065 [INFO] [MainThread] [cli_server/cli_server.py:114]: Log pipe server stopped
2026-04-19 18:53:03,065 [DEBUG] [MainThread] [cli_server/cli_server.py:209]: CLI server stopped
2026-04-19 18:53:03,069 [INFO] [MainThread] [root/bar_manager.py:85]: Successfully loaded updated config and re-initialised all bars.
2026-04-19 18:53:03,152 [INFO] [MainThread] [root/bar_manager.py:103]: Stopping HotkeyListener...
2026-04-19 18:53:03,155 [INFO] [MainThread] [root/bar_manager.py:111]: Stopping WindowsNotificationEventListener...
2026-04-19 18:53:03,158 [INFO] [MainThread] [root/bar_manager.py:111]: Stopping SystemEventListener...
2026-04-19 18:53:03,161 [DEBUG] [MainThread] [systray_widget/systray.py:596]: Saving state to C:\Users\mathe\AppData\Local\YASB\systray_state_APSF24M.json
2026-04-19 18:53:03,164 [DEBUG] [MainThread] [systray_widget/utils.py:154]: Destroying window 2229822
2026-04-19 18:53:03,166 [DEBUG] [SystrayMonitor] [systray_widget/systray_monitor.py:125]: WM_CLOSE received, destroying window 2229822
2026-04-19 18:53:03,167 [DEBUG] [SystrayMonitor] [systray_widget/systray_monitor.py:129]: WM_DESTROY received for window 2229822
2026-04-19 18:53:03,569 [INFO] [MainThread] [root/log.py:99]: YASB v1.9.1
2026-04-19 18:53:03,570 [INFO] [CLIPipeServer] [cli_server/cli_server.py:215]: CLI server started v1.1.6
2026-04-19 18:53:03,570 [INFO] [MainThread] [cli_server/cli_server.py:106]: Log pipe server started
2026-04-19 18:53:04,096 [INFO] [MainThread] [root/service.py:41]: AudioInputService starting...
2026-04-19 18:53:04,172 [INFO] [MainThread] [root/service.py:52]: AudioOutputService starting...
2026-04-19 18:53:04,416 [INFO] [MainThread] [root/bar_manager.py:219]: Starting HotkeyListener...
2026-04-19 18:53:04,416 [INFO] [MainThread] [root/bar_manager.py:95]: Starting SystemEventListener...
2026-04-19 18:53:04,416 [INFO] [MainThread] [root/bar_manager.py:95]: Starting WindowsNotificationEventListener...
2026-04-19 18:53:04,418 [INFO] [MainThread] [root/watcher.py:65]: Watching directory: c:\users\mathe\.config\yasb
2026-04-19 18:53:04,419 [INFO] [MainThread] [root/watcher.py:104]: Created file watcher
2026-04-19 18:53:04,418 [DEBUG] [Dummy-8] [root/hotkeys.py:200]: Registered hotkey alt+shift+e
2026-04-19 18:53:04,477 [INFO] [MainThread] [root/update_service.py:429]: Background update checker started
2026-04-19 18:53:04,522 [DEBUG] [MainThread] [systray_widget/systray.py:614]: Loading state from C:\Users\mathe\AppData\Local\YASB\systray_state_APSF24M.json
2026-04-19 18:53:04,524 [DEBUG] [SystrayMonitor] [systray_widget/systray.py:63]: Systray monitor thread is starting...
2026-04-19 18:53:04,779 [DEBUG] [SystrayMonitor] [systray_widget/systray_monitor.py:119]: Adding TaskbandHWND prop to hwnd 2295350
2026-04-19 18:53:04,782 [DEBUG] [SystrayMonitor] [systray_widget/systray_monitor.py:197]: Finding real tray hwnd
2026-04-19 18:53:04,784 [DEBUG] [MainThread] [systray_widget/systray.py:261]: Sending TaskbarCreated message: 49252
2026-04-19 18:53:04,785 [DEBUG] [MainThread] [systray_widget/systray.py:263]: Systray icons refreshed
2026-04-19 18:53:07,940 [DEBUG] [Thread-6] [root/watcher.py:90]: Config file modified: c:\users\mathe\.config\yasb\config.yaml
2026-04-19 18:53:07,978 [INFO] [MainThread] [root/controller.py:21]: Reloading Application because of config change.
2026-04-19 18:53:08,091 [INFO] [MainThread] [cli_server/cli_server.py:114]: Log pipe server stopped
2026-04-19 18:53:08,091 [DEBUG] [MainThread] [cli_server/cli_server.py:209]: CLI server stopped
2026-04-19 18:53:08,096 [INFO] [MainThread] [root/bar_manager.py:85]: Successfully loaded updated config and re-initialised all bars.
2026-04-19 18:53:08,188 [INFO] [MainThread] [root/bar_manager.py:103]: Stopping HotkeyListener...
2026-04-19 18:53:08,197 [INFO] [MainThread] [root/bar_manager.py:111]: Stopping SystemEventListener...
2026-04-19 18:53:08,204 [INFO] [MainThread] [root/bar_manager.py:111]: Stopping WindowsNotificationEventListener...
2026-04-19 18:53:08,211 [DEBUG] [MainThread] [systray_widget/systray.py:596]: Saving state to C:\Users\mathe\AppData\Local\YASB\systray_state_APSF24M.json
2026-04-19 18:53:08,213 [DEBUG] [MainThread] [systray_widget/utils.py:154]: Destroying window 2295350
2026-04-19 18:53:08,213 [DEBUG] [SystrayMonitor] [systray_widget/systray_monitor.py:125]: WM_CLOSE received, destroying window 2295350
2026-04-19 18:53:08,214 [DEBUG] [SystrayMonitor] [systray_widget/systray_monitor.py:129]: WM_DESTROY received for window 2295350
2026-04-19 18:53:08,621 [INFO] [MainThread] [root/log.py:99]: YASB v1.9.1
2026-04-19 18:53:08,621 [INFO] [CLIPipeServer] [cli_server/cli_server.py:215]: CLI server started v1.1.6
2026-04-19 18:53:08,621 [INFO] [MainThread] [cli_server/cli_server.py:106]: Log pipe server started
2026-04-19 18:53:09,139 [INFO] [MainThread] [root/service.py:41]: AudioInputService starting...
2026-04-19 18:53:09,223 [INFO] [MainThread] [root/service.py:52]: AudioOutputService starting...
2026-04-19 18:53:09,462 [INFO] [MainThread] [root/bar_manager.py:219]: Starting HotkeyListener...
2026-04-19 18:53:09,462 [INFO] [MainThread] [root/bar_manager.py:95]: Starting WindowsNotificationEventListener...
2026-04-19 18:53:09,463 [INFO] [MainThread] [root/bar_manager.py:95]: Starting SystemEventListener...
2026-04-19 18:53:09,463 [DEBUG] [Dummy-6] [root/hotkeys.py:200]: Registered hotkey alt+shift+e
2026-04-19 18:53:09,464 [INFO] [MainThread] [root/watcher.py:65]: Watching directory: c:\users\mathe\.config\yasb
2026-04-19 18:53:09,464 [INFO] [MainThread] [root/watcher.py:104]: Created file watcher
2026-04-19 18:53:09,514 [INFO] [MainThread] [root/update_service.py:429]: Background update checker started
2026-04-19 18:53:09,592 [DEBUG] [MainThread] [systray_widget/systray.py:614]: Loading state from C:\Users\mathe\AppData\Local\YASB\systray_state_APSF24M.json
2026-04-19 18:53:09,595 [DEBUG] [SystrayMonitor] [systray_widget/systray.py:63]: Systray monitor thread is starting...
2026-04-19 18:53:09,842 [DEBUG] [SystrayMonitor] [systray_widget/systray_monitor.py:119]: Adding TaskbandHWND prop to hwnd 656588
2026-04-19 18:53:09,845 [DEBUG] [SystrayMonitor] [systray_widget/systray_monitor.py:197]: Finding real tray hwnd
2026-04-19 18:53:09,847 [DEBUG] [MainThread] [systray_widget/systray.py:261]: Sending TaskbarCreated message: 49252
2026-04-19 18:53:09,847 [DEBUG] [MainThread] [systray_widget/systray.py:263]: Systray icons refreshed
2026-04-19 18:53:54,677 [DEBUG] [Thread-7] [root/watcher.py:90]: Config file modified: c:\users\mathe\.config\yasb\config.yaml
2026-04-19 18:53:54,718 [INFO] [MainThread] [root/controller.py:21]: Reloading Application because of config change.
2026-04-19 18:53:54,823 [INFO] [MainThread] [cli_server/cli_server.py:114]: Log pipe server stopped
2026-04-19 18:53:54,824 [DEBUG] [MainThread] [cli_server/cli_server.py:209]: CLI server stopped
2026-04-19 18:53:54,828 [INFO] [MainThread] [root/bar_manager.py:85]: Successfully loaded updated config and re-initialised all bars.
2026-04-19 18:53:54,922 [INFO] [MainThread] [root/bar_manager.py:103]: Stopping HotkeyListener...
2026-04-19 18:53:54,924 [INFO] [MainThread] [root/bar_manager.py:111]: Stopping WindowsNotificationEventListener...
2026-04-19 18:53:54,926 [INFO] [MainThread] [root/bar_manager.py:111]: Stopping SystemEventListener...
2026-04-19 18:53:54,928 [DEBUG] [MainThread] [systray_widget/systray.py:596]: Saving state to C:\Users\mathe\AppData\Local\YASB\systray_state_APSF24M.json
2026-04-19 18:53:54,929 [DEBUG] [MainThread] [systray_widget/utils.py:154]: Destroying window 656588
2026-04-19 18:53:54,930 [DEBUG] [SystrayMonitor] [systray_widget/systray_monitor.py:125]: WM_CLOSE received, destroying window 656588
2026-04-19 18:53:54,930 [DEBUG] [SystrayMonitor] [systray_widget/systray_monitor.py:129]: WM_DESTROY received for window 656588
2026-04-19 18:53:55,339 [INFO] [MainThread] [root/log.py:99]: YASB v1.9.1
2026-04-19 18:53:55,339 [INFO] [CLIPipeServer] [cli_server/cli_server.py:215]: CLI server started v1.1.6
2026-04-19 18:53:55,339 [INFO] [MainThread] [cli_server/cli_server.py:106]: Log pipe server started
2026-04-19 18:53:55,867 [INFO] [MainThread] [root/service.py:41]: AudioInputService starting...
2026-04-19 18:53:55,946 [INFO] [MainThread] [root/service.py:52]: AudioOutputService starting...
2026-04-19 18:53:56,172 [INFO] [MainThread] [root/bar_manager.py:219]: Starting HotkeyListener...
2026-04-19 18:53:56,173 [INFO] [MainThread] [root/bar_manager.py:95]: Starting WindowsNotificationEventListener...
2026-04-19 18:53:56,173 [DEBUG] [Dummy-6] [root/hotkeys.py:200]: Registered hotkey alt+shift+e
2026-04-19 18:53:56,173 [INFO] [MainThread] [root/bar_manager.py:95]: Starting SystemEventListener...
2026-04-19 18:53:56,175 [INFO] [MainThread] [root/watcher.py:65]: Watching directory: c:\users\mathe\.config\yasb
2026-04-19 18:53:56,175 [INFO] [MainThread] [root/watcher.py:104]: Created file watcher
2026-04-19 18:53:56,222 [INFO] [MainThread] [root/update_service.py:429]: Background update checker started
2026-04-19 18:53:56,276 [DEBUG] [MainThread] [systray_widget/systray.py:614]: Loading state from C:\Users\mathe\AppData\Local\YASB\systray_state_APSF24M.json
2026-04-19 18:53:56,278 [DEBUG] [SystrayMonitor] [systray_widget/systray.py:63]: Systray monitor thread is starting...
2026-04-19 18:53:56,553 [DEBUG] [SystrayMonitor] [systray_widget/systray_monitor.py:119]: Adding TaskbandHWND prop to hwnd 1769614
2026-04-19 18:53:56,555 [DEBUG] [SystrayMonitor] [systray_widget/systray_monitor.py:197]: Finding real tray hwnd
2026-04-19 18:53:56,558 [DEBUG] [MainThread] [systray_widget/systray.py:261]: Sending TaskbarCreated message: 49252
2026-04-19 18:53:56,558 [DEBUG] [MainThread] [systray_widget/systray.py:263]: Systray icons refreshed
2026-04-19 18:54:06,580 [INFO] [MainThread] [root/log.py:99]: YASB v1.9.1
2026-04-19 18:54:06,581 [INFO] [CLIPipeServer] [cli_server/cli_server.py:215]: CLI server started v1.1.6
2026-04-19 18:54:06,581 [INFO] [MainThread] [cli_server/cli_server.py:106]: Log pipe server started
2026-04-19 18:54:07,087 [INFO] [MainThread] [root/service.py:41]: AudioInputService starting...
2026-04-19 18:54:07,161 [INFO] [MainThread] [root/service.py:52]: AudioOutputService starting...
2026-04-19 18:54:07,382 [INFO] [MainThread] [root/bar_manager.py:219]: Starting HotkeyListener...
2026-04-19 18:54:07,382 [INFO] [MainThread] [root/bar_manager.py:95]: Starting SystemEventListener...
2026-04-19 18:54:07,383 [INFO] [MainThread] [root/bar_manager.py:95]: Starting WindowsNotificationEventListener...
2026-04-19 18:54:07,383 [DEBUG] [Dummy-6] [root/hotkeys.py:200]: Registered hotkey alt+shift+e
2026-04-19 18:54:07,384 [INFO] [MainThread] [root/watcher.py:65]: Watching directory: c:\users\mathe\.config\yasb
2026-04-19 18:54:07,385 [INFO] [MainThread] [root/watcher.py:104]: Created file watcher
2026-04-19 18:54:07,430 [INFO] [MainThread] [root/update_service.py:429]: Background update checker started
2026-04-19 18:54:07,482 [DEBUG] [MainThread] [systray_widget/systray.py:614]: Loading state from C:\Users\mathe\AppData\Local\YASB\systray_state_APSF24M.json
2026-04-19 18:54:07,484 [DEBUG] [SystrayMonitor] [systray_widget/systray.py:63]: Systray monitor thread is starting...
2026-04-19 18:54:07,751 [DEBUG] [SystrayMonitor] [systray_widget/systray_monitor.py:119]: Adding TaskbandHWND prop to hwnd 2033658
2026-04-19 18:54:07,753 [DEBUG] [SystrayMonitor] [systray_widget/systray_monitor.py:197]: Finding real tray hwnd
2026-04-19 18:54:07,755 [DEBUG] [MainThread] [systray_widget/systray.py:261]: Sending TaskbarCreated message: 49252
2026-04-19 18:54:07,755 [DEBUG] [MainThread] [systray_widget/systray.py:263]: Systray icons refreshed
2026-04-19 18:55:17,272 [DEBUG] [Thread-7] [root/watcher.py:90]: Config file modified: c:\users\mathe\.config\yasb\config.yaml
2026-04-19 18:55:17,317 [INFO] [MainThread] [root/controller.py:21]: Reloading Application because of config change.
2026-04-19 18:55:17,431 [INFO] [MainThread] [cli_server/cli_server.py:114]: Log pipe server stopped
2026-04-19 18:55:17,432 [DEBUG] [MainThread] [cli_server/cli_server.py:209]: CLI server stopped
2026-04-19 18:55:17,436 [INFO] [MainThread] [root/bar_manager.py:85]: Successfully loaded updated config and re-initialised all bars.
2026-04-19 18:55:17,534 [INFO] [MainThread] [root/bar_manager.py:103]: Stopping HotkeyListener...
2026-04-19 18:55:17,535 [INFO] [MainThread] [root/bar_manager.py:111]: Stopping SystemEventListener...
2026-04-19 18:55:17,536 [INFO] [MainThread] [root/bar_manager.py:111]: Stopping WindowsNotificationEventListener...
2026-04-19 18:55:17,539 [DEBUG] [MainThread] [systray_widget/systray.py:596]: Saving state to C:\Users\mathe\AppData\Local\YASB\systray_state_APSF24M.json
2026-04-19 18:55:17,542 [DEBUG] [MainThread] [systray_widget/utils.py:154]: Destroying window 2033658
2026-04-19 18:55:17,542 [DEBUG] [SystrayMonitor] [systray_widget/systray_monitor.py:125]: WM_CLOSE received, destroying window 2033658
2026-04-19 18:55:17,543 [DEBUG] [SystrayMonitor] [systray_widget/systray_monitor.py:129]: WM_DESTROY received for window 2033658
2026-04-19 18:55:17,956 [INFO] [MainThread] [root/log.py:99]: YASB v1.9.1
2026-04-19 18:55:17,956 [INFO] [CLIPipeServer] [cli_server/cli_server.py:215]: CLI server started v1.1.6
2026-04-19 18:55:17,956 [INFO] [MainThread] [cli_server/cli_server.py:106]: Log pipe server started
2026-04-19 18:55:18,477 [INFO] [MainThread] [root/service.py:41]: AudioInputService starting...
2026-04-19 18:55:18,560 [INFO] [MainThread] [root/service.py:52]: AudioOutputService starting...
2026-04-19 18:55:18,779 [INFO] [MainThread] [root/bar_manager.py:219]: Starting HotkeyListener...
2026-04-19 18:55:18,779 [INFO] [MainThread] [root/bar_manager.py:95]: Starting SystemEventListener...
2026-04-19 18:55:18,779 [INFO] [MainThread] [root/bar_manager.py:95]: Starting WindowsNotificationEventListener...
2026-04-19 18:55:18,780 [INFO] [MainThread] [root/watcher.py:65]: Watching directory: c:\users\mathe\.config\yasb
2026-04-19 18:55:18,781 [INFO] [MainThread] [root/watcher.py:104]: Created file watcher
2026-04-19 18:55:18,781 [DEBUG] [Dummy-8] [root/hotkeys.py:200]: Registered hotkey alt+shift+e
2026-04-19 18:55:18,833 [INFO] [MainThread] [root/update_service.py:429]: Background update checker started
2026-04-19 18:55:18,878 [DEBUG] [MainThread] [systray_widget/systray.py:614]: Loading state from C:\Users\mathe\AppData\Local\YASB\systray_state_APSF24M.json
2026-04-19 18:55:18,879 [DEBUG] [SystrayMonitor] [systray_widget/systray.py:63]: Systray monitor thread is starting...
2026-04-19 18:55:19,137 [DEBUG] [SystrayMonitor] [systray_widget/systray_monitor.py:119]: Adding TaskbandHWND prop to hwnd 1246132
2026-04-19 18:55:19,140 [DEBUG] [SystrayMonitor] [systray_widget/systray_monitor.py:197]: Finding real tray hwnd
2026-04-19 18:55:19,143 [DEBUG] [MainThread] [systray_widget/systray.py:261]: Sending TaskbarCreated message: 49252
2026-04-19 18:55:19,143 [DEBUG] [MainThread] [systray_widget/systray.py:263]: Systray icons refreshed
2026-04-19 22:12:06,007 [INFO] [MainThread] [root/controller.py:43]: Exiting Application...
2026-04-19 22:12:06,110 [INFO] [MainThread] [cli_server/cli_server.py:114]: Log pipe server stopped
2026-04-19 22:12:06,111 [DEBUG] [MainThread] [cli_server/cli_server.py:209]: CLI server stopped
2026-04-19 22:12:06,242 [INFO] [MainThread] [root/bar_manager.py:103]: Stopping HotkeyListener...
2026-04-19 22:12:06,244 [INFO] [MainThread] [root/bar_manager.py:111]: Stopping SystemEventListener...
2026-04-19 22:12:06,249 [INFO] [MainThread] [root/bar_manager.py:111]: Stopping WindowsNotificationEventListener...
2026-04-19 22:12:06,255 [DEBUG] [MainThread] [systray_widget/systray.py:596]: Saving state to C:\Users\mathe\AppData\Local\YASB\systray_state_APSF24M.json
2026-04-19 22:12:06,272 [DEBUG] [MainThread] [systray_widget/utils.py:154]: Destroying window 1246132
2026-04-19 22:12:06,272 [DEBUG] [SystrayMonitor] [systray_widget/systray_monitor.py:125]: WM_CLOSE received, destroying window 1246132
2026-04-19 22:12:06,273 [DEBUG] [SystrayMonitor] [systray_widget/systray_monitor.py:129]: WM_DESTROY received for window 1246132
2026-04-20 21:33:12,110 [INFO] [MainThread] [root/log.py:99]: YASB v1.9.1
2026-04-20 21:33:12,111 [INFO] [CLIPipeServer] [cli_server/cli_server.py:215]: CLI server started v1.1.6
2026-04-20 21:33:12,112 [INFO] [MainThread] [cli_server/cli_server.py:106]: Log pipe server started
2026-04-20 21:33:13,713 [INFO] [MainThread] [root/service.py:41]: AudioInputService starting...
2026-04-20 21:33:13,791 [INFO] [MainThread] [root/service.py:52]: AudioOutputService starting...
2026-04-20 21:33:13,976 [INFO] [MainThread] [root/bar_manager.py:219]: Starting HotkeyListener...
2026-04-20 21:33:13,976 [INFO] [MainThread] [root/bar_manager.py:95]: Starting WindowsNotificationEventListener...
2026-04-20 21:33:13,976 [INFO] [MainThread] [root/bar_manager.py:95]: Starting SystemEventListener...
2026-04-20 21:33:13,976 [DEBUG] [Dummy-6] [root/hotkeys.py:200]: Registered hotkey alt+shift+e
2026-04-20 21:33:13,977 [INFO] [MainThread] [root/watcher.py:65]: Watching directory: c:\users\mathe\.config\yasb
2026-04-20 21:33:13,977 [INFO] [MainThread] [root/watcher.py:104]: Created file watcher
2026-04-20 21:33:14,251 [INFO] [MainThread] [root/update_service.py:429]: Background update checker started
2026-04-20 21:33:14,353 [DEBUG] [MainThread] [systray_widget/systray.py:614]: Loading state from C:\Users\mathe\AppData\Local\YASB\systray_state_APSF24M.json
2026-04-20 21:33:14,363 [DEBUG] [SystrayMonitor] [systray_widget/systray.py:63]: Systray monitor thread is starting...
2026-04-20 21:33:14,581 [DEBUG] [SystrayMonitor] [systray_widget/systray_monitor.py:119]: Adding TaskbandHWND prop to hwnd 66524
2026-04-20 21:33:14,588 [DEBUG] [SystrayMonitor] [systray_widget/systray_monitor.py:197]: Finding real tray hwnd
2026-04-20 21:33:14,590 [DEBUG] [MainThread] [systray_widget/systray.py:261]: Sending TaskbarCreated message: 49272
2026-04-20 21:33:14,590 [DEBUG] [MainThread] [systray_widget/systray.py:263]: Systray icons refreshed
2026-04-20 21:33:17,711 [ERROR] [SystrayMonitor] [root/app_icons.py:282]: GetIconInfo failed: 0
2026-04-20 21:40:45,883 [DEBUG] [MainThread] [root/utilities.py:262]: Failed to get version info for C:\Program Files\Alacritty\alacritty.exe: (1813, 'GetFileVersionInfo:GetFileVersionInfoSize', 'Não foi possível encontrar o tipo de recurso especificado no arquivo de imagem.')
2026-04-21 01:57:19,537 [ERROR] [WiFiWorker] [wifi_widget/wifi_managers.py:148]: WiFiWorker error: [WinError -2147024809] Parâmetro incorreto.
2026-04-21 02:57:30,461 [INFO] [MainThread] [root/controller.py:43]: Exiting Application...
2026-04-21 02:57:30,565 [INFO] [MainThread] [cli_server/cli_server.py:114]: Log pipe server stopped
2026-04-21 02:57:30,566 [DEBUG] [MainThread] [cli_server/cli_server.py:209]: CLI server stopped
2026-04-21 02:57:30,651 [INFO] [MainThread] [root/bar_manager.py:103]: Stopping HotkeyListener...
2026-04-21 02:57:30,652 [INFO] [MainThread] [root/bar_manager.py:111]: Stopping WindowsNotificationEventListener...
2026-04-21 02:57:30,654 [INFO] [MainThread] [root/bar_manager.py:111]: Stopping SystemEventListener...
2026-04-21 02:57:30,657 [DEBUG] [MainThread] [systray_widget/systray.py:596]: Saving state to C:\Users\mathe\AppData\Local\YASB\systray_state_APSF24M.json
2026-04-21 02:57:30,667 [DEBUG] [MainThread] [systray_widget/utils.py:154]: Destroying window 66524
2026-04-21 02:57:30,667 [DEBUG] [SystrayMonitor] [systray_widget/systray_monitor.py:125]: WM_CLOSE received, destroying window 66524
2026-04-21 02:57:30,667 [DEBUG] [SystrayMonitor] [systray_widget/systray_monitor.py:129]: WM_DESTROY received for window 66524
2026-04-21 16:50:59,261 [INFO] [MainThread] [root/log.py:99]: YASB v1.9.1
2026-04-21 16:50:59,262 [INFO] [CLIPipeServer] [cli_server/cli_server.py:215]: CLI server started v1.1.6
2026-04-21 16:50:59,262 [INFO] [MainThread] [cli_server/cli_server.py:106]: Log pipe server started
2026-04-21 16:51:00,960 [INFO] [MainThread] [root/service.py:41]: AudioInputService starting...
2026-04-21 16:51:01,038 [INFO] [MainThread] [root/service.py:52]: AudioOutputService starting...
2026-04-21 16:51:01,227 [INFO] [MainThread] [root/bar_manager.py:219]: Starting HotkeyListener...
2026-04-21 16:51:01,227 [INFO] [MainThread] [root/bar_manager.py:95]: Starting WindowsNotificationEventListener...
2026-04-21 16:51:01,227 [INFO] [MainThread] [root/bar_manager.py:95]: Starting SystemEventListener...
2026-04-21 16:51:01,228 [DEBUG] [Dummy-6] [root/hotkeys.py:200]: Registered hotkey alt+shift+e
2026-04-21 16:51:01,229 [INFO] [MainThread] [root/watcher.py:65]: Watching directory: c:\users\mathe\.config\yasb
2026-04-21 16:51:01,229 [INFO] [MainThread] [root/watcher.py:104]: Created file watcher
2026-04-21 16:51:01,515 [INFO] [MainThread] [root/update_service.py:429]: Background update checker started
2026-04-21 16:51:01,617 [DEBUG] [MainThread] [systray_widget/systray.py:614]: Loading state from C:\Users\mathe\AppData\Local\YASB\systray_state_APSF24M.json
2026-04-21 16:51:01,628 [DEBUG] [SystrayMonitor] [systray_widget/systray.py:63]: Systray monitor thread is starting...
2026-04-21 16:51:01,850 [DEBUG] [SystrayMonitor] [systray_widget/systray_monitor.py:119]: Adding TaskbandHWND prop to hwnd 66540
2026-04-21 16:51:01,858 [DEBUG] [SystrayMonitor] [systray_widget/systray_monitor.py:197]: Finding real tray hwnd
2026-04-21 16:51:01,860 [DEBUG] [MainThread] [systray_widget/systray.py:261]: Sending TaskbarCreated message: 49273
2026-04-21 16:51:01,860 [DEBUG] [MainThread] [systray_widget/systray.py:263]: Systray icons refreshed
2026-04-21 16:51:04,506 [ERROR] [SystrayMonitor] [root/app_icons.py:282]: GetIconInfo failed: 0
2026-04-21 22:10:17,213 [INFO] [MainThread] [root/controller.py:43]: Exiting Application...
2026-04-21 22:10:17,324 [INFO] [MainThread] [cli_server/cli_server.py:114]: Log pipe server stopped
2026-04-21 22:10:17,324 [DEBUG] [MainThread] [cli_server/cli_server.py:209]: CLI server stopped
2026-04-21 22:10:17,476 [INFO] [MainThread] [root/bar_manager.py:103]: Stopping HotkeyListener...
2026-04-21 22:10:17,489 [INFO] [MainThread] [root/bar_manager.py:111]: Stopping WindowsNotificationEventListener...
2026-04-21 22:10:17,496 [INFO] [MainThread] [root/bar_manager.py:111]: Stopping SystemEventListener...
2026-04-21 22:10:17,511 [DEBUG] [MainThread] [systray_widget/systray.py:596]: Saving state to C:\Users\mathe\AppData\Local\YASB\systray_state_APSF24M.json
2026-04-21 22:10:17,523 [DEBUG] [MainThread] [systray_widget/utils.py:154]: Destroying window 66540
2026-04-21 22:10:17,524 [DEBUG] [SystrayMonitor] [systray_widget/systray_monitor.py:125]: WM_CLOSE received, destroying window 66540
2026-04-21 22:10:17,524 [DEBUG] [SystrayMonitor] [systray_widget/systray_monitor.py:129]: WM_DESTROY received for window 66540
2026-04-22 20:29:29,973 [INFO] [MainThread] [root/log.py:99]: YASB v1.9.1
2026-04-22 20:29:29,974 [INFO] [CLIPipeServer] [cli_server/cli_server.py:215]: CLI server started v1.1.6
2026-04-22 20:29:29,974 [INFO] [MainThread] [cli_server/cli_server.py:106]: Log pipe server started
2026-04-22 20:29:31,701 [INFO] [MainThread] [root/service.py:41]: AudioInputService starting...
2026-04-22 20:29:31,770 [INFO] [MainThread] [root/service.py:52]: AudioOutputService starting...
2026-04-22 20:29:31,998 [INFO] [MainThread] [root/bar_manager.py:219]: Starting HotkeyListener...
2026-04-22 20:29:31,998 [INFO] [MainThread] [root/bar_manager.py:95]: Starting WindowsNotificationEventListener...
2026-04-22 20:29:31,998 [DEBUG] [Dummy-6] [root/hotkeys.py:200]: Registered hotkey alt+shift+e
2026-04-22 20:29:31,999 [INFO] [MainThread] [root/bar_manager.py:95]: Starting SystemEventListener...
2026-04-22 20:29:32,000 [INFO] [MainThread] [root/watcher.py:65]: Watching directory: c:\users\mathe\.config\yasb
2026-04-22 20:29:32,000 [INFO] [MainThread] [root/watcher.py:104]: Created file watcher
2026-04-22 20:29:32,274 [INFO] [MainThread] [root/update_service.py:429]: Background update checker started
2026-04-22 20:29:32,382 [DEBUG] [MainThread] [systray_widget/systray.py:614]: Loading state from C:\Users\mathe\AppData\Local\YASB\systray_state_APSF24M.json
2026-04-22 20:29:32,392 [DEBUG] [SystrayMonitor] [systray_widget/systray.py:63]: Systray monitor thread is starting...
2026-04-22 20:29:32,628 [DEBUG] [SystrayMonitor] [systray_widget/systray_monitor.py:119]: Adding TaskbandHWND prop to hwnd 66536
2026-04-22 20:29:32,630 [DEBUG] [SystrayMonitor] [systray_widget/systray_monitor.py:197]: Finding real tray hwnd
2026-04-22 20:29:32,632 [DEBUG] [MainThread] [systray_widget/systray.py:261]: Sending TaskbarCreated message: 49272
2026-04-22 20:29:32,632 [DEBUG] [MainThread] [systray_widget/systray.py:263]: Systray icons refreshed
2026-04-22 20:29:34,737 [ERROR] [SystrayMonitor] [root/app_icons.py:282]: GetIconInfo failed: 0
2026-04-22 21:43:16,189 [ERROR] [WiFiWorker] [wifi_widget/wifi_managers.py:148]: WiFiWorker error: [WinError -2147024809] Parâmetro incorreto.
2026-04-22 21:59:49,836 [ERROR] [WiFiWorker] [wifi_widget/wifi_managers.py:148]: WiFiWorker error: [WinError -2147024809] Parâmetro incorreto.
2026-04-23 00:17:39,818 [INFO] [MainThread] [root/controller.py:43]: Exiting Application...
2026-04-23 00:17:39,918 [INFO] [MainThread] [cli_server/cli_server.py:114]: Log pipe server stopped
2026-04-23 00:17:39,919 [DEBUG] [MainThread] [cli_server/cli_server.py:209]: CLI server stopped
2026-04-23 00:17:40,025 [INFO] [MainThread] [root/bar_manager.py:103]: Stopping HotkeyListener...
2026-04-23 00:17:40,027 [INFO] [MainThread] [root/bar_manager.py:111]: Stopping WindowsNotificationEventListener...
2026-04-23 00:17:40,029 [INFO] [MainThread] [root/bar_manager.py:111]: Stopping SystemEventListener...
2026-04-23 00:17:40,034 [DEBUG] [MainThread] [systray_widget/systray.py:596]: Saving state to C:\Users\mathe\AppData\Local\YASB\systray_state_APSF24M.json
2026-04-23 00:17:40,047 [DEBUG] [MainThread] [systray_widget/utils.py:154]: Destroying window 66536
2026-04-23 00:17:40,047 [DEBUG] [SystrayMonitor] [systray_widget/systray_monitor.py:125]: WM_CLOSE received, destroying window 66536
2026-04-23 00:17:40,048 [DEBUG] [SystrayMonitor] [systray_widget/systray_monitor.py:129]: WM_DESTROY received for window 66536
2026-04-24 19:24:55,814 [INFO] [MainThread] [root/log.py:99]: YASB v1.9.1
2026-04-24 19:24:55,815 [INFO] [CLIPipeServer] [cli_server/cli_server.py:215]: CLI server started v1.1.6
2026-04-24 19:24:55,816 [INFO] [MainThread] [cli_server/cli_server.py:106]: Log pipe server started
2026-04-24 19:24:57,488 [INFO] [MainThread] [root/service.py:41]: AudioInputService starting...
2026-04-24 19:24:57,567 [INFO] [MainThread] [root/service.py:52]: AudioOutputService starting...
2026-04-24 19:24:57,757 [INFO] [MainThread] [root/bar_manager.py:219]: Starting HotkeyListener...
2026-04-24 19:24:57,757 [INFO] [MainThread] [root/bar_manager.py:95]: Starting WindowsNotificationEventListener...
2026-04-24 19:24:57,757 [INFO] [MainThread] [root/bar_manager.py:95]: Starting SystemEventListener...
2026-04-24 19:24:57,758 [DEBUG] [Dummy-6] [root/hotkeys.py:200]: Registered hotkey alt+shift+e
2026-04-24 19:24:57,759 [INFO] [MainThread] [root/watcher.py:65]: Watching directory: c:\users\mathe\.config\yasb
2026-04-24 19:24:57,759 [INFO] [MainThread] [root/watcher.py:104]: Created file watcher
2026-04-24 19:24:58,035 [INFO] [MainThread] [root/update_service.py:429]: Background update checker started
2026-04-24 19:24:58,136 [DEBUG] [MainThread] [systray_widget/systray.py:614]: Loading state from C:\Users\mathe\AppData\Local\YASB\systray_state_APSF24M.json
2026-04-24 19:24:58,145 [DEBUG] [SystrayMonitor] [systray_widget/systray.py:63]: Systray monitor thread is starting...
2026-04-24 19:24:58,337 [ERROR] [MainThread] [open_meteo/api.py:104]: No internet connection or host not found. Unable to fetch weather.
2026-04-24 19:24:58,338 [WARNING] [MainThread] [root/open_meteo.py:906]: Error processing Open-Meteo data: Weather data is empty.
2026-04-24 19:24:58,345 [WARNING] [UpdateChecker] [root/update_service.py:296]: Network error checking for updates: [Errno 11001] getaddrinfo failed
2026-04-24 19:24:58,345 [WARNING] [UpdateChecker] [root/update_service.py:425]: Background update check failed: <urlopen error [Errno 11001] getaddrinfo failed>
2026-04-24 19:24:58,346 [DEBUG] [SystrayMonitor] [systray_widget/systray_monitor.py:119]: Adding TaskbandHWND prop to hwnd 66460
2026-04-24 19:24:58,355 [DEBUG] [SystrayMonitor] [systray_widget/systray_monitor.py:197]: Finding real tray hwnd
2026-04-24 19:24:58,358 [DEBUG] [MainThread] [systray_widget/systray.py:261]: Sending TaskbarCreated message: 49272
2026-04-24 19:24:58,358 [DEBUG] [MainThread] [systray_widget/systray.py:263]: Systray icons refreshed
2026-04-24 19:25:03,313 [ERROR] [SystrayMonitor] [root/app_icons.py:282]: GetIconInfo failed: 0
2026-04-24 19:25:08,327 [ERROR] [MainThread] [open_meteo/api.py:104]: No internet connection or host not found. Unable to fetch weather.
2026-04-24 19:25:08,327 [WARNING] [MainThread] [root/open_meteo.py:906]: Error processing Open-Meteo data: Weather data is empty.
2026-04-24 19:25:18,351 [ERROR] [MainThread] [open_meteo/api.py:104]: No internet connection or host not found. Unable to fetch weather.
2026-04-24 19:25:18,351 [WARNING] [MainThread] [root/open_meteo.py:906]: Error processing Open-Meteo data: Weather data is empty.
2026-04-24 19:25:28,355 [ERROR] [MainThread] [open_meteo/api.py:104]: No internet connection or host not found. Unable to fetch weather.
2026-04-24 19:25:28,356 [WARNING] [MainThread] [root/open_meteo.py:906]: Error processing Open-Meteo data: Weather data is empty.
2026-04-24 19:25:38,349 [ERROR] [MainThread] [open_meteo/api.py:104]: No internet connection or host not found. Unable to fetch weather.
2026-04-24 19:25:38,349 [WARNING] [MainThread] [root/open_meteo.py:906]: Error processing Open-Meteo data: Weather data is empty.
2026-04-24 20:30:29,428 [INFO] [MainThread] [root/log.py:99]: YASB v1.9.1
2026-04-24 20:30:29,429 [INFO] [CLIPipeServer] [cli_server/cli_server.py:215]: CLI server started v1.1.6
2026-04-24 20:30:29,429 [INFO] [MainThread] [cli_server/cli_server.py:106]: Log pipe server started
2026-04-24 20:30:31,302 [INFO] [MainThread] [root/service.py:41]: AudioInputService starting...
2026-04-24 20:30:31,401 [INFO] [MainThread] [root/service.py:52]: AudioOutputService starting...
2026-04-24 20:30:31,875 [INFO] [MainThread] [root/bar_manager.py:219]: Starting HotkeyListener...
2026-04-24 20:30:31,876 [INFO] [MainThread] [root/bar_manager.py:95]: Starting SystemEventListener...
2026-04-24 20:30:31,876 [INFO] [MainThread] [root/bar_manager.py:95]: Starting WindowsNotificationEventListener...
2026-04-24 20:30:31,880 [INFO] [MainThread] [root/watcher.py:65]: Watching directory: c:\users\mathe\.config\yasb
2026-04-24 20:30:31,880 [INFO] [MainThread] [root/watcher.py:104]: Created file watcher
2026-04-24 20:30:31,880 [DEBUG] [Dummy-8] [root/hotkeys.py:200]: Registered hotkey alt+shift+e
2026-04-24 20:30:32,398 [INFO] [MainThread] [root/update_service.py:429]: Background update checker started
2026-04-24 20:30:32,521 [DEBUG] [MainThread] [systray_widget/systray.py:614]: Loading state from C:\Users\mathe\AppData\Local\YASB\systray_state_APSF24M.json
2026-04-24 20:30:32,540 [DEBUG] [SystrayMonitor] [systray_widget/systray.py:63]: Systray monitor thread is starting...
2026-04-24 20:30:33,113 [DEBUG] [SystrayMonitor] [systray_widget/systray_monitor.py:119]: Adding TaskbandHWND prop to hwnd 198208
2026-04-24 20:30:33,118 [DEBUG] [MainThread] [systray_widget/systray.py:261]: Sending TaskbarCreated message: 49272
2026-04-24 20:30:33,119 [DEBUG] [MainThread] [systray_widget/systray.py:263]: Systray icons refreshed
2026-04-24 20:30:36,630 [DEBUG] [SystrayMonitor] [systray_widget/systray_monitor.py:197]: Finding real tray hwnd
2026-04-24 23:25:55,072 [INFO] [MainThread] [root/bar_manager.py:103]: Stopping HotkeyListener...
2026-04-24 23:25:55,074 [INFO] [MainThread] [root/bar_manager.py:111]: Stopping SystemEventListener...
2026-04-24 23:25:55,079 [INFO] [MainThread] [root/bar_manager.py:111]: Stopping WindowsNotificationEventListener...
2026-04-24 23:25:55,096 [DEBUG] [MainThread] [systray_widget/systray.py:596]: Saving state to C:\Users\mathe\AppData\Local\YASB\systray_state_APSF24M.json
2026-04-24 23:25:55,104 [DEBUG] [MainThread] [systray_widget/utils.py:154]: Destroying window 198208
2026-04-24 23:25:55,105 [DEBUG] [SystrayMonitor] [systray_widget/systray_monitor.py:125]: WM_CLOSE received, destroying window 198208
2026-04-24 23:25:55,105 [DEBUG] [SystrayMonitor] [systray_widget/systray_monitor.py:129]: WM_DESTROY received for window 198208
2026-04-25 10:27:31,357 [INFO] [MainThread] [root/log.py:99]: YASB v1.9.1
2026-04-25 10:27:31,358 [INFO] [CLIPipeServer] [cli_server/cli_server.py:215]: CLI server started v1.1.6
2026-04-25 10:27:31,358 [INFO] [MainThread] [cli_server/cli_server.py:106]: Log pipe server started
2026-04-25 10:27:33,149 [INFO] [MainThread] [root/service.py:41]: AudioInputService starting...
2026-04-25 10:27:33,246 [INFO] [MainThread] [root/service.py:52]: AudioOutputService starting...
2026-04-25 10:27:33,439 [INFO] [MainThread] [root/bar_manager.py:219]: Starting HotkeyListener...
2026-04-25 10:27:33,439 [INFO] [MainThread] [root/bar_manager.py:95]: Starting WindowsNotificationEventListener...
2026-04-25 10:27:33,440 [INFO] [MainThread] [root/bar_manager.py:95]: Starting SystemEventListener...
2026-04-25 10:27:33,440 [DEBUG] [Dummy-7] [root/hotkeys.py:200]: Registered hotkey alt+shift+e
2026-04-25 10:27:33,440 [INFO] [MainThread] [root/watcher.py:65]: Watching directory: c:\users\mathe\.config\yasb
2026-04-25 10:27:33,441 [INFO] [MainThread] [root/watcher.py:104]: Created file watcher
2026-04-25 10:27:33,714 [INFO] [MainThread] [root/update_service.py:429]: Background update checker started
2026-04-25 10:27:33,825 [DEBUG] [MainThread] [systray_widget/systray.py:614]: Loading state from C:\Users\mathe\AppData\Local\YASB\systray_state_APSF24M.json
2026-04-25 10:27:33,836 [DEBUG] [SystrayMonitor] [systray_widget/systray.py:63]: Systray monitor thread is starting...
2026-04-25 10:27:34,025 [ERROR] [MainThread] [open_meteo/api.py:104]: No internet connection or host not found. Unable to fetch weather.
2026-04-25 10:27:34,025 [WARNING] [MainThread] [root/open_meteo.py:906]: Error processing Open-Meteo data: Weather data is empty.
2026-04-25 10:27:34,063 [WARNING] [UpdateChecker] [root/update_service.py:296]: Network error checking for updates: [Errno 11001] getaddrinfo failed
2026-04-25 10:27:34,063 [WARNING] [UpdateChecker] [root/update_service.py:425]: Background update check failed: <urlopen error [Errno 11001] getaddrinfo failed>
2026-04-25 10:27:34,212 [DEBUG] [SystrayMonitor] [systray_widget/systray_monitor.py:119]: Adding TaskbandHWND prop to hwnd 66574
2026-04-25 10:27:34,215 [DEBUG] [SystrayMonitor] [systray_widget/systray_monitor.py:197]: Finding real tray hwnd
2026-04-25 10:27:34,216 [DEBUG] [MainThread] [systray_widget/systray.py:261]: Sending TaskbarCreated message: 49267
2026-04-25 10:27:34,217 [DEBUG] [MainThread] [systray_widget/systray.py:263]: Systray icons refreshed
2026-04-25 10:27:37,454 [ERROR] [SystrayMonitor] [root/app_icons.py:282]: GetIconInfo failed: 0
2026-04-25 10:27:44,028 [ERROR] [MainThread] [open_meteo/api.py:104]: No internet connection or host not found. Unable to fetch weather.
2026-04-25 10:27:44,028 [WARNING] [MainThread] [root/open_meteo.py:906]: Error processing Open-Meteo data: Weather data is empty.
2026-04-25 12:27:33,824 [ERROR] [MainThread] [open_meteo/api.py:104]: No internet connection or host not found. Unable to fetch weather.
2026-04-25 12:27:33,829 [WARNING] [MainThread] [root/open_meteo.py:906]: Error processing Open-Meteo data: Weather data is empty.
2026-04-25 12:27:44,072 [ERROR] [MainThread] [open_meteo/api.py:104]: No internet connection or host not found. Unable to fetch weather.
2026-04-25 12:27:44,073 [WARNING] [MainThread] [root/open_meteo.py:906]: Error processing Open-Meteo data: Weather data is empty.
2026-04-25 12:27:54,068 [ERROR] [MainThread] [open_meteo/api.py:104]: No internet connection or host not found. Unable to fetch weather.
2026-04-25 12:27:54,068 [WARNING] [MainThread] [root/open_meteo.py:906]: Error processing Open-Meteo data: Weather data is empty.
2026-04-25 12:28:04,067 [ERROR] [MainThread] [open_meteo/api.py:104]: No internet connection or host not found. Unable to fetch weather.
2026-04-25 12:28:04,067 [WARNING] [MainThread] [root/open_meteo.py:906]: Error processing Open-Meteo data: Weather data is empty.
2026-04-25 12:28:14,066 [ERROR] [MainThread] [open_meteo/api.py:104]: No internet connection or host not found. Unable to fetch weather.
2026-04-25 12:28:14,066 [WARNING] [MainThread] [root/open_meteo.py:906]: Error processing Open-Meteo data: Weather data is empty.
2026-04-25 12:28:24,066 [ERROR] [MainThread] [open_meteo/api.py:104]: No internet connection or host not found. Unable to fetch weather.
2026-04-25 12:28:24,067 [WARNING] [MainThread] [root/open_meteo.py:906]: Error processing Open-Meteo data: Weather data is empty.
2026-04-25 12:28:34,065 [ERROR] [MainThread] [open_meteo/api.py:104]: No internet connection or host not found. Unable to fetch weather.
2026-04-25 12:28:34,065 [WARNING] [MainThread] [root/open_meteo.py:906]: Error processing Open-Meteo data: Weather data is empty.
2026-04-25 12:28:44,063 [ERROR] [MainThread] [open_meteo/api.py:104]: No internet connection or host not found. Unable to fetch weather.
2026-04-25 12:28:44,063 [WARNING] [MainThread] [root/open_meteo.py:906]: Error processing Open-Meteo data: Weather data is empty.
2026-04-25 12:28:54,060 [ERROR] [MainThread] [open_meteo/api.py:104]: No internet connection or host not found. Unable to fetch weather.
2026-04-25 12:28:54,060 [WARNING] [MainThread] [root/open_meteo.py:906]: Error processing Open-Meteo data: Weather data is empty.
2026-04-25 12:29:04,067 [ERROR] [MainThread] [open_meteo/api.py:104]: No internet connection or host not found. Unable to fetch weather.
2026-04-25 12:29:04,068 [WARNING] [MainThread] [root/open_meteo.py:906]: Error processing Open-Meteo data: Weather data is empty.
2026-04-25 12:29:14,069 [ERROR] [MainThread] [open_meteo/api.py:104]: No internet connection or host not found. Unable to fetch weather.
2026-04-25 12:29:14,069 [WARNING] [MainThread] [root/open_meteo.py:906]: Error processing Open-Meteo data: Weather data is empty.
2026-04-25 12:29:24,073 [ERROR] [MainThread] [open_meteo/api.py:104]: No internet connection or host not found. Unable to fetch weather.
2026-04-25 12:29:24,073 [WARNING] [MainThread] [root/open_meteo.py:906]: Error processing Open-Meteo data: Weather data is empty.
2026-04-25 12:29:34,061 [ERROR] [MainThread] [open_meteo/api.py:104]: No internet connection or host not found. Unable to fetch weather.
2026-04-25 12:29:34,061 [WARNING] [MainThread] [root/open_meteo.py:906]: Error processing Open-Meteo data: Weather data is empty.
2026-04-25 12:29:44,074 [ERROR] [MainThread] [open_meteo/api.py:104]: No internet connection or host not found. Unable to fetch weather.
2026-04-25 12:29:44,074 [WARNING] [MainThread] [root/open_meteo.py:906]: Error processing Open-Meteo data: Weather data is empty.
2026-04-25 12:29:54,066 [ERROR] [MainThread] [open_meteo/api.py:104]: No internet connection or host not found. Unable to fetch weather.
2026-04-25 12:29:54,066 [WARNING] [MainThread] [root/open_meteo.py:906]: Error processing Open-Meteo data: Weather data is empty.
2026-04-25 12:30:04,074 [ERROR] [MainThread] [open_meteo/api.py:104]: No internet connection or host not found. Unable to fetch weather.
2026-04-25 12:30:04,074 [WARNING] [MainThread] [root/open_meteo.py:906]: Error processing Open-Meteo data: Weather data is empty.
2026-04-25 12:30:14,083 [ERROR] [MainThread] [open_meteo/api.py:104]: No internet connection or host not found. Unable to fetch weather.
2026-04-25 12:30:14,083 [WARNING] [MainThread] [root/open_meteo.py:906]: Error processing Open-Meteo data: Weather data is empty.
2026-04-25 12:30:24,085 [ERROR] [MainThread] [open_meteo/api.py:104]: No internet connection or host not found. Unable to fetch weather.
2026-04-25 12:30:24,086 [WARNING] [MainThread] [root/open_meteo.py:906]: Error processing Open-Meteo data: Weather data is empty.
2026-04-25 12:30:34,081 [ERROR] [MainThread] [open_meteo/api.py:104]: No internet connection or host not found. Unable to fetch weather.
2026-04-25 12:30:34,081 [WARNING] [MainThread] [root/open_meteo.py:906]: Error processing Open-Meteo data: Weather data is empty.
2026-04-25 12:30:44,097 [ERROR] [MainThread] [open_meteo/api.py:104]: No internet connection or host not found. Unable to fetch weather.
2026-04-25 12:30:44,097 [WARNING] [MainThread] [root/open_meteo.py:906]: Error processing Open-Meteo data: Weather data is empty.
2026-04-25 12:30:54,111 [ERROR] [MainThread] [open_meteo/api.py:104]: No internet connection or host not found. Unable to fetch weather.
2026-04-25 12:30:54,112 [WARNING] [MainThread] [root/open_meteo.py:906]: Error processing Open-Meteo data: Weather data is empty.
2026-04-25 12:31:04,118 [ERROR] [MainThread] [open_meteo/api.py:104]: No internet connection or host not found. Unable to fetch weather.
2026-04-25 12:31:04,118 [WARNING] [MainThread] [root/open_meteo.py:906]: Error processing Open-Meteo data: Weather data is empty.
2026-04-25 12:31:14,112 [ERROR] [MainThread] [open_meteo/api.py:104]: No internet connection or host not found. Unable to fetch weather.
2026-04-25 12:31:14,112 [WARNING] [MainThread] [root/open_meteo.py:906]: Error processing Open-Meteo data: Weather data is empty.
2026-04-25 12:31:24,111 [ERROR] [MainThread] [open_meteo/api.py:104]: No internet connection or host not found. Unable to fetch weather.
2026-04-25 12:31:24,111 [WARNING] [MainThread] [root/open_meteo.py:906]: Error processing Open-Meteo data: Weather data is empty.
2026-04-25 12:31:34,119 [ERROR] [MainThread] [open_meteo/api.py:104]: No internet connection or host not found. Unable to fetch weather.
2026-04-25 12:31:34,120 [WARNING] [MainThread] [root/open_meteo.py:906]: Error processing Open-Meteo data: Weather data is empty.
2026-04-25 12:31:44,120 [ERROR] [MainThread] [open_meteo/api.py:104]: No internet connection or host not found. Unable to fetch weather.
2026-04-25 12:31:44,120 [WARNING] [MainThread] [root/open_meteo.py:906]: Error processing Open-Meteo data: Weather data is empty.
2026-04-25 12:31:54,112 [ERROR] [MainThread] [open_meteo/api.py:104]: No internet connection or host not found. Unable to fetch weather.
2026-04-25 12:31:54,112 [WARNING] [MainThread] [root/open_meteo.py:906]: Error processing Open-Meteo data: Weather data is empty.
2026-04-25 12:32:04,113 [ERROR] [MainThread] [open_meteo/api.py:104]: No internet connection or host not found. Unable to fetch weather.
2026-04-25 12:32:04,113 [WARNING] [MainThread] [root/open_meteo.py:906]: Error processing Open-Meteo data: Weather data is empty.
2026-04-25 12:32:14,121 [ERROR] [MainThread] [open_meteo/api.py:104]: No internet connection or host not found. Unable to fetch weather.
2026-04-25 12:32:14,121 [WARNING] [MainThread] [root/open_meteo.py:906]: Error processing Open-Meteo data: Weather data is empty.
2026-04-25 12:32:24,147 [ERROR] [MainThread] [open_meteo/api.py:104]: No internet connection or host not found. Unable to fetch weather.
2026-04-25 12:32:24,147 [WARNING] [MainThread] [root/open_meteo.py:906]: Error processing Open-Meteo data: Weather data is empty.
2026-04-25 12:32:34,150 [ERROR] [MainThread] [open_meteo/api.py:104]: No internet connection or host not found. Unable to fetch weather.
2026-04-25 12:32:34,150 [WARNING] [MainThread] [root/open_meteo.py:906]: Error processing Open-Meteo data: Weather data is empty.
2026-04-25 12:32:44,152 [ERROR] [MainThread] [open_meteo/api.py:104]: No internet connection or host not found. Unable to fetch weather.
2026-04-25 12:32:44,153 [WARNING] [MainThread] [root/open_meteo.py:906]: Error processing Open-Meteo data: Weather data is empty.
2026-04-25 12:32:54,149 [ERROR] [MainThread] [open_meteo/api.py:104]: No internet connection or host not found. Unable to fetch weather.
2026-04-25 12:32:54,149 [WARNING] [MainThread] [root/open_meteo.py:906]: Error processing Open-Meteo data: Weather data is empty.
2026-04-25 12:33:04,138 [ERROR] [MainThread] [open_meteo/api.py:104]: No internet connection or host not found. Unable to fetch weather.
2026-04-25 12:33:04,138 [WARNING] [MainThread] [root/open_meteo.py:906]: Error processing Open-Meteo data: Weather data is empty.
2026-04-25 12:33:14,145 [ERROR] [MainThread] [open_meteo/api.py:104]: No internet connection or host not found. Unable to fetch weather.
2026-04-25 12:33:14,145 [WARNING] [MainThread] [root/open_meteo.py:906]: Error processing Open-Meteo data: Weather data is empty.
2026-04-25 12:33:24,148 [ERROR] [MainThread] [open_meteo/api.py:104]: No internet connection or host not found. Unable to fetch weather.
2026-04-25 12:33:24,149 [WARNING] [MainThread] [root/open_meteo.py:906]: Error processing Open-Meteo data: Weather data is empty.
2026-04-25 12:33:34,153 [ERROR] [MainThread] [open_meteo/api.py:104]: No internet connection or host not found. Unable to fetch weather.
2026-04-25 12:33:34,153 [WARNING] [MainThread] [root/open_meteo.py:906]: Error processing Open-Meteo data: Weather data is empty.
2026-04-25 12:33:44,158 [ERROR] [MainThread] [open_meteo/api.py:104]: No internet connection or host not found. Unable to fetch weather.
2026-04-25 12:33:44,159 [WARNING] [MainThread] [root/open_meteo.py:906]: Error processing Open-Meteo data: Weather data is empty.
2026-04-25 12:33:54,184 [ERROR] [MainThread] [open_meteo/api.py:104]: No internet connection or host not found. Unable to fetch weather.
2026-04-25 12:33:54,184 [WARNING] [MainThread] [root/open_meteo.py:906]: Error processing Open-Meteo data: Weather data is empty.
2026-04-25 12:34:04,199 [ERROR] [MainThread] [open_meteo/api.py:104]: No internet connection or host not found. Unable to fetch weather.
2026-04-25 12:34:04,199 [WARNING] [MainThread] [root/open_meteo.py:906]: Error processing Open-Meteo data: Weather data is empty.
2026-04-25 12:34:14,200 [ERROR] [MainThread] [open_meteo/api.py:104]: No internet connection or host not found. Unable to fetch weather.
2026-04-25 12:34:14,200 [WARNING] [MainThread] [root/open_meteo.py:906]: Error processing Open-Meteo data: Weather data is empty.
2026-04-25 12:34:24,212 [ERROR] [MainThread] [open_meteo/api.py:104]: No internet connection or host not found. Unable to fetch weather.
2026-04-25 12:34:24,213 [WARNING] [MainThread] [root/open_meteo.py:906]: Error processing Open-Meteo data: Weather data is empty.
2026-04-25 12:34:34,205 [ERROR] [MainThread] [open_meteo/api.py:104]: No internet connection or host not found. Unable to fetch weather.
2026-04-25 12:34:34,205 [WARNING] [MainThread] [root/open_meteo.py:906]: Error processing Open-Meteo data: Weather data is empty.
2026-04-25 12:34:44,229 [ERROR] [MainThread] [open_meteo/api.py:104]: No internet connection or host not found. Unable to fetch weather.
2026-04-25 12:34:44,229 [WARNING] [MainThread] [root/open_meteo.py:906]: Error processing Open-Meteo data: Weather data is empty.
2026-04-25 12:34:54,228 [ERROR] [MainThread] [open_meteo/api.py:104]: No internet connection or host not found. Unable to fetch weather.
2026-04-25 12:34:54,228 [WARNING] [MainThread] [root/open_meteo.py:906]: Error processing Open-Meteo data: Weather data is empty.
2026-04-25 12:35:04,222 [ERROR] [MainThread] [open_meteo/api.py:104]: No internet connection or host not found. Unable to fetch weather.
2026-04-25 12:35:04,222 [WARNING] [MainThread] [root/open_meteo.py:906]: Error processing Open-Meteo data: Weather data is empty.
2026-04-25 12:35:14,227 [ERROR] [MainThread] [open_meteo/api.py:104]: No internet connection or host not found. Unable to fetch weather.
2026-04-25 12:35:14,227 [WARNING] [MainThread] [root/open_meteo.py:906]: Error processing Open-Meteo data: Weather data is empty.
2026-04-25 12:35:24,244 [ERROR] [MainThread] [open_meteo/api.py:104]: No internet connection or host not found. Unable to fetch weather.
2026-04-25 12:35:24,244 [WARNING] [MainThread] [root/open_meteo.py:906]: Error processing Open-Meteo data: Weather data is empty.
2026-04-25 12:35:34,236 [ERROR] [MainThread] [open_meteo/api.py:104]: No internet connection or host not found. Unable to fetch weather.
2026-04-25 12:35:34,236 [WARNING] [MainThread] [root/open_meteo.py:906]: Error processing Open-Meteo data: Weather data is empty.
2026-04-25 12:35:44,245 [ERROR] [MainThread] [open_meteo/api.py:104]: No internet connection or host not found. Unable to fetch weather.
2026-04-25 12:35:44,245 [WARNING] [MainThread] [root/open_meteo.py:906]: Error processing Open-Meteo data: Weather data is empty.
2026-04-25 12:35:54,244 [ERROR] [MainThread] [open_meteo/api.py:104]: No internet connection or host not found. Unable to fetch weather.
2026-04-25 12:35:54,244 [WARNING] [MainThread] [root/open_meteo.py:906]: Error processing Open-Meteo data: Weather data is empty.
2026-04-25 12:36:04,243 [ERROR] [MainThread] [open_meteo/api.py:104]: No internet connection or host not found. Unable to fetch weather.
2026-04-25 12:36:04,243 [WARNING] [MainThread] [root/open_meteo.py:906]: Error processing Open-Meteo data: Weather data is empty.
2026-04-25 12:36:14,232 [ERROR] [MainThread] [open_meteo/api.py:104]: No internet connection or host not found. Unable to fetch weather.
2026-04-25 12:36:14,233 [WARNING] [MainThread] [root/open_meteo.py:906]: Error processing Open-Meteo data: Weather data is empty.
2026-04-25 12:36:24,243 [ERROR] [MainThread] [open_meteo/api.py:104]: No internet connection or host not found. Unable to fetch weather.
2026-04-25 12:36:24,243 [WARNING] [MainThread] [root/open_meteo.py:906]: Error processing Open-Meteo data: Weather data is empty.
2026-04-25 12:36:34,245 [ERROR] [MainThread] [open_meteo/api.py:104]: No internet connection or host not found. Unable to fetch weather.
2026-04-25 12:36:34,245 [WARNING] [MainThread] [root/open_meteo.py:906]: Error processing Open-Meteo data: Weather data is empty.
2026-04-25 12:36:44,242 [ERROR] [MainThread] [open_meteo/api.py:104]: No internet connection or host not found. Unable to fetch weather.
2026-04-25 12:36:44,242 [WARNING] [MainThread] [root/open_meteo.py:906]: Error processing Open-Meteo data: Weather data is empty.
2026-04-25 12:36:54,247 [ERROR] [MainThread] [open_meteo/api.py:104]: No internet connection or host not found. Unable to fetch weather.
2026-04-25 12:36:54,247 [WARNING] [MainThread] [root/open_meteo.py:906]: Error processing Open-Meteo data: Weather data is empty.
2026-04-25 12:37:04,255 [ERROR] [MainThread] [open_meteo/api.py:104]: No internet connection or host not found. Unable to fetch weather.
2026-04-25 12:37:04,255 [WARNING] [MainThread] [root/open_meteo.py:906]: Error processing Open-Meteo data: Weather data is empty.
2026-04-25 12:37:14,271 [ERROR] [MainThread] [open_meteo/api.py:104]: No internet connection or host not found. Unable to fetch weather.
2026-04-25 12:37:14,271 [WARNING] [MainThread] [root/open_meteo.py:906]: Error processing Open-Meteo data: Weather data is empty.
2026-04-25 12:37:24,271 [ERROR] [MainThread] [open_meteo/api.py:104]: No internet connection or host not found. Unable to fetch weather.
2026-04-25 12:37:24,271 [WARNING] [MainThread] [root/open_meteo.py:906]: Error processing Open-Meteo data: Weather data is empty.
2026-04-25 12:37:33,811 [ERROR] [MainThread] [open_meteo/api.py:104]: No internet connection or host not found. Unable to fetch weather.
2026-04-25 12:37:33,812 [WARNING] [MainThread] [root/open_meteo.py:906]: Error processing Open-Meteo data: Weather data is empty.
2026-04-25 12:37:34,275 [ERROR] [MainThread] [open_meteo/api.py:104]: No internet connection or host not found. Unable to fetch weather.
2026-04-25 12:37:34,275 [WARNING] [MainThread] [root/open_meteo.py:906]: Error processing Open-Meteo data: Weather data is empty.
2026-04-25 12:37:44,270 [ERROR] [MainThread] [open_meteo/api.py:104]: No internet connection or host not found. Unable to fetch weather.
2026-04-25 12:37:44,271 [WARNING] [MainThread] [root/open_meteo.py:906]: Error processing Open-Meteo data: Weather data is empty.
2026-04-25 12:37:54,267 [ERROR] [MainThread] [open_meteo/api.py:104]: No internet connection or host not found. Unable to fetch weather.
2026-04-25 12:37:54,268 [WARNING] [MainThread] [root/open_meteo.py:906]: Error processing Open-Meteo data: Weather data is empty.
2026-04-25 12:38:04,267 [ERROR] [MainThread] [open_meteo/api.py:104]: No internet connection or host not found. Unable to fetch weather.
2026-04-25 12:38:04,267 [WARNING] [MainThread] [root/open_meteo.py:906]: Error processing Open-Meteo data: Weather data is empty.
2026-04-25 12:38:14,271 [ERROR] [MainThread] [open_meteo/api.py:104]: No internet connection or host not found. Unable to fetch weather.
2026-04-25 12:38:14,272 [WARNING] [MainThread] [root/open_meteo.py:906]: Error processing Open-Meteo data: Weather data is empty.
2026-04-25 12:38:24,271 [ERROR] [MainThread] [open_meteo/api.py:104]: No internet connection or host not found. Unable to fetch weather.
2026-04-25 12:38:24,272 [WARNING] [MainThread] [root/open_meteo.py:906]: Error processing Open-Meteo data: Weather data is empty.
2026-04-25 12:38:34,276 [ERROR] [MainThread] [open_meteo/api.py:104]: No internet connection or host not found. Unable to fetch weather.
2026-04-25 12:38:34,276 [WARNING] [MainThread] [root/open_meteo.py:906]: Error processing Open-Meteo data: Weather data is empty.
2026-04-25 12:38:44,265 [ERROR] [MainThread] [open_meteo/api.py:104]: No internet connection or host not found. Unable to fetch weather.
2026-04-25 12:38:44,265 [WARNING] [MainThread] [root/open_meteo.py:906]: Error processing Open-Meteo data: Weather data is empty.
2026-04-25 12:38:54,278 [ERROR] [MainThread] [open_meteo/api.py:104]: No internet connection or host not found. Unable to fetch weather.
2026-04-25 12:38:54,278 [WARNING] [MainThread] [root/open_meteo.py:906]: Error processing Open-Meteo data: Weather data is empty.
2026-04-25 12:39:04,287 [ERROR] [MainThread] [open_meteo/api.py:104]: No internet connection or host not found. Unable to fetch weather.
2026-04-25 12:39:04,287 [WARNING] [MainThread] [root/open_meteo.py:906]: Error processing Open-Meteo data: Weather data is empty.
2026-04-25 12:39:14,287 [ERROR] [MainThread] [open_meteo/api.py:104]: No internet connection or host not found. Unable to fetch weather.
2026-04-25 12:39:14,288 [WARNING] [MainThread] [root/open_meteo.py:906]: Error processing Open-Meteo data: Weather data is empty.
2026-04-25 12:39:24,285 [ERROR] [MainThread] [open_meteo/api.py:104]: No internet connection or host not found. Unable to fetch weather.
2026-04-25 12:39:24,286 [WARNING] [MainThread] [root/open_meteo.py:906]: Error processing Open-Meteo data: Weather data is empty.
2026-04-25 12:39:34,280 [ERROR] [MainThread] [open_meteo/api.py:104]: No internet connection or host not found. Unable to fetch weather.
2026-04-25 12:39:34,280 [WARNING] [MainThread] [root/open_meteo.py:906]: Error processing Open-Meteo data: Weather data is empty.
2026-04-25 12:39:44,284 [ERROR] [MainThread] [open_meteo/api.py:104]: No internet connection or host not found. Unable to fetch weather.
2026-04-25 12:39:44,284 [WARNING] [MainThread] [root/open_meteo.py:906]: Error processing Open-Meteo data: Weather data is empty.
2026-04-25 12:39:54,308 [ERROR] [MainThread] [open_meteo/api.py:104]: No internet connection or host not found. Unable to fetch weather.
2026-04-25 12:39:54,308 [WARNING] [MainThread] [root/open_meteo.py:906]: Error processing Open-Meteo data: Weather data is empty.
2026-04-25 12:40:04,317 [ERROR] [MainThread] [open_meteo/api.py:104]: No internet connection or host not found. Unable to fetch weather.
2026-04-25 12:40:04,317 [WARNING] [MainThread] [root/open_meteo.py:906]: Error processing Open-Meteo data: Weather data is empty.
2026-04-25 12:40:14,315 [ERROR] [MainThread] [open_meteo/api.py:104]: No internet connection or host not found. Unable to fetch weather.
2026-04-25 12:40:14,315 [WARNING] [MainThread] [root/open_meteo.py:906]: Error processing Open-Meteo data: Weather data is empty.
2026-04-25 12:40:24,311 [ERROR] [MainThread] [open_meteo/api.py:104]: No internet connection or host not found. Unable to fetch weather.
2026-04-25 12:40:24,311 [WARNING] [MainThread] [root/open_meteo.py:906]: Error processing Open-Meteo data: Weather data is empty.
2026-04-25 12:40:34,323 [ERROR] [MainThread] [open_meteo/api.py:104]: No internet connection or host not found. Unable to fetch weather.
2026-04-25 12:40:34,323 [WARNING] [MainThread] [root/open_meteo.py:906]: Error processing Open-Meteo data: Weather data is empty.
2026-04-25 12:40:44,311 [ERROR] [MainThread] [open_meteo/api.py:104]: No internet connection or host not found. Unable to fetch weather.
2026-04-25 12:40:44,311 [WARNING] [MainThread] [root/open_meteo.py:906]: Error processing Open-Meteo data: Weather data is empty.
2026-04-25 12:40:54,321 [ERROR] [MainThread] [open_meteo/api.py:104]: No internet connection or host not found. Unable to fetch weather.
2026-04-25 12:40:54,321 [WARNING] [MainThread] [root/open_meteo.py:906]: Error processing Open-Meteo data: Weather data is empty.
2026-04-25 12:41:04,316 [ERROR] [MainThread] [open_meteo/api.py:104]: No internet connection or host not found. Unable to fetch weather.
2026-04-25 12:41:04,317 [WARNING] [MainThread] [root/open_meteo.py:906]: Error processing Open-Meteo data: Weather data is empty.
2026-04-25 12:41:14,320 [ERROR] [MainThread] [open_meteo/api.py:104]: No internet connection or host not found. Unable to fetch weather.
2026-04-25 12:41:14,320 [WARNING] [MainThread] [root/open_meteo.py:906]: Error processing Open-Meteo data: Weather data is empty.
2026-04-25 12:41:24,313 [ERROR] [MainThread] [open_meteo/api.py:104]: No internet connection or host not found. Unable to fetch weather.
2026-04-25 12:41:24,313 [WARNING] [MainThread] [root/open_meteo.py:906]: Error processing Open-Meteo data: Weather data is empty.
2026-04-25 12:41:34,313 [ERROR] [MainThread] [open_meteo/api.py:104]: No internet connection or host not found. Unable to fetch weather.
2026-04-25 12:41:34,313 [WARNING] [MainThread] [root/open_meteo.py:906]: Error processing Open-Meteo data: Weather data is empty.
2026-04-25 12:41:44,321 [ERROR] [MainThread] [open_meteo/api.py:104]: No internet connection or host not found. Unable to fetch weather.
2026-04-25 12:41:44,321 [WARNING] [MainThread] [root/open_meteo.py:906]: Error processing Open-Meteo data: Weather data is empty.
2026-04-25 12:41:54,322 [ERROR] [MainThread] [open_meteo/api.py:104]: No internet connection or host not found. Unable to fetch weather.
2026-04-25 12:41:54,322 [WARNING] [MainThread] [root/open_meteo.py:906]: Error processing Open-Meteo data: Weather data is empty.
2026-04-25 12:42:04,320 [ERROR] [MainThread] [open_meteo/api.py:104]: No internet connection or host not found. Unable to fetch weather.
2026-04-25 12:42:04,320 [WARNING] [MainThread] [root/open_meteo.py:906]: Error processing Open-Meteo data: Weather data is empty.
2026-04-25 12:42:14,325 [ERROR] [MainThread] [open_meteo/api.py:104]: No internet connection or host not found. Unable to fetch weather.
2026-04-25 12:42:14,325 [WARNING] [MainThread] [root/open_meteo.py:906]: Error processing Open-Meteo data: Weather data is empty.
2026-04-25 12:42:24,331 [ERROR] [MainThread] [open_meteo/api.py:104]: No internet connection or host not found. Unable to fetch weather.
2026-04-25 12:42:24,331 [WARNING] [MainThread] [root/open_meteo.py:906]: Error processing Open-Meteo data: Weather data is empty.
2026-04-25 12:42:34,347 [ERROR] [MainThread] [open_meteo/api.py:104]: No internet connection or host not found. Unable to fetch weather.
2026-04-25 12:42:34,347 [WARNING] [MainThread] [root/open_meteo.py:906]: Error processing Open-Meteo data: Weather data is empty.
2026-04-25 12:42:44,354 [ERROR] [MainThread] [open_meteo/api.py:104]: No internet connection or host not found. Unable to fetch weather.
2026-04-25 12:42:44,355 [WARNING] [MainThread] [root/open_meteo.py:906]: Error processing Open-Meteo data: Weather data is empty.
2026-04-25 12:42:54,356 [ERROR] [MainThread] [open_meteo/api.py:104]: No internet connection or host not found. Unable to fetch weather.
2026-04-25 12:42:54,356 [WARNING] [MainThread] [root/open_meteo.py:906]: Error processing Open-Meteo data: Weather data is empty.
2026-04-25 12:43:04,368 [ERROR] [MainThread] [open_meteo/api.py:104]: No internet connection or host not found. Unable to fetch weather.
2026-04-25 12:43:04,369 [WARNING] [MainThread] [root/open_meteo.py:906]: Error processing Open-Meteo data: Weather data is empty.
2026-04-25 12:43:14,367 [ERROR] [MainThread] [open_meteo/api.py:104]: No internet connection or host not found. Unable to fetch weather.
2026-04-25 12:43:14,367 [WARNING] [MainThread] [root/open_meteo.py:906]: Error processing Open-Meteo data: Weather data is empty.
2026-04-25 12:43:24,375 [ERROR] [MainThread] [open_meteo/api.py:104]: No internet connection or host not found. Unable to fetch weather.
2026-04-25 12:43:24,375 [WARNING] [MainThread] [root/open_meteo.py:906]: Error processing Open-Meteo data: Weather data is empty.
2026-04-25 12:43:34,388 [ERROR] [MainThread] [open_meteo/api.py:104]: No internet connection or host not found. Unable to fetch weather.
2026-04-25 12:43:34,388 [WARNING] [MainThread] [root/open_meteo.py:906]: Error processing Open-Meteo data: Weather data is empty.
2026-04-25 12:43:44,408 [ERROR] [MainThread] [open_meteo/api.py:104]: No internet connection or host not found. Unable to fetch weather.
2026-04-25 12:43:44,408 [WARNING] [MainThread] [root/open_meteo.py:906]: Error processing Open-Meteo data: Weather data is empty.
2026-04-25 12:43:54,406 [ERROR] [MainThread] [open_meteo/api.py:104]: No internet connection or host not found. Unable to fetch weather.
2026-04-25 12:43:54,406 [WARNING] [MainThread] [root/open_meteo.py:906]: Error processing Open-Meteo data: Weather data is empty.
2026-04-25 12:44:04,423 [ERROR] [MainThread] [open_meteo/api.py:104]: No internet connection or host not found. Unable to fetch weather.
2026-04-25 12:44:04,423 [WARNING] [MainThread] [root/open_meteo.py:906]: Error processing Open-Meteo data: Weather data is empty.
2026-04-25 12:44:14,432 [ERROR] [MainThread] [open_meteo/api.py:104]: No internet connection or host not found. Unable to fetch weather.
2026-04-25 12:44:14,432 [WARNING] [MainThread] [root/open_meteo.py:906]: Error processing Open-Meteo data: Weather data is empty.
2026-04-25 12:44:24,427 [ERROR] [MainThread] [open_meteo/api.py:104]: No internet connection or host not found. Unable to fetch weather.
2026-04-25 12:44:24,427 [WARNING] [MainThread] [root/open_meteo.py:906]: Error processing Open-Meteo data: Weather data is empty.
2026-04-25 12:44:34,447 [ERROR] [MainThread] [open_meteo/api.py:104]: No internet connection or host not found. Unable to fetch weather.
2026-04-25 12:44:34,447 [WARNING] [MainThread] [root/open_meteo.py:906]: Error processing Open-Meteo data: Weather data is empty.
2026-04-25 12:44:44,441 [ERROR] [MainThread] [open_meteo/api.py:104]: No internet connection or host not found. Unable to fetch weather.
2026-04-25 12:44:44,441 [WARNING] [MainThread] [root/open_meteo.py:906]: Error processing Open-Meteo data: Weather data is empty.
2026-04-25 12:44:54,440 [ERROR] [MainThread] [open_meteo/api.py:104]: No internet connection or host not found. Unable to fetch weather.
2026-04-25 12:44:54,440 [WARNING] [MainThread] [root/open_meteo.py:906]: Error processing Open-Meteo data: Weather data is empty.
2026-04-25 12:45:04,445 [ERROR] [MainThread] [open_meteo/api.py:104]: No internet connection or host not found. Unable to fetch weather.
2026-04-25 12:45:04,446 [WARNING] [MainThread] [root/open_meteo.py:906]: Error processing Open-Meteo data: Weather data is empty.
2026-04-25 12:45:14,443 [ERROR] [MainThread] [open_meteo/api.py:104]: No internet connection or host not found. Unable to fetch weather.
2026-04-25 12:45:14,443 [WARNING] [MainThread] [root/open_meteo.py:906]: Error processing Open-Meteo data: Weather data is empty.
2026-04-25 12:45:24,437 [ERROR] [MainThread] [open_meteo/api.py:104]: No internet connection or host not found. Unable to fetch weather.
2026-04-25 12:45:24,437 [WARNING] [MainThread] [root/open_meteo.py:906]: Error processing Open-Meteo data: Weather data is empty.
2026-04-25 12:45:34,440 [ERROR] [MainThread] [open_meteo/api.py:104]: No internet connection or host not found. Unable to fetch weather.
2026-04-25 12:45:34,440 [WARNING] [MainThread] [root/open_meteo.py:906]: Error processing Open-Meteo data: Weather data is empty.
2026-04-25 12:45:44,437 [ERROR] [MainThread] [open_meteo/api.py:104]: No internet connection or host not found. Unable to fetch weather.
2026-04-25 12:45:44,437 [WARNING] [MainThread] [root/open_meteo.py:906]: Error processing Open-Meteo data: Weather data is empty.
2026-04-25 12:45:54,442 [ERROR] [MainThread] [open_meteo/api.py:104]: No internet connection or host not found. Unable to fetch weather.
2026-04-25 12:45:54,442 [WARNING] [MainThread] [root/open_meteo.py:906]: Error processing Open-Meteo data: Weather data is empty.
2026-04-25 12:46:04,446 [ERROR] [MainThread] [open_meteo/api.py:104]: No internet connection or host not found. Unable to fetch weather.
2026-04-25 12:46:04,446 [WARNING] [MainThread] [root/open_meteo.py:906]: Error processing Open-Meteo data: Weather data is empty.
2026-04-25 12:46:14,448 [ERROR] [MainThread] [open_meteo/api.py:104]: No internet connection or host not found. Unable to fetch weather.
2026-04-25 12:46:14,448 [WARNING] [MainThread] [root/open_meteo.py:906]: Error processing Open-Meteo data: Weather data is empty.
2026-04-25 12:46:24,443 [ERROR] [MainThread] [open_meteo/api.py:104]: No internet connection or host not found. Unable to fetch weather.
2026-04-25 12:46:24,443 [WARNING] [MainThread] [root/open_meteo.py:906]: Error processing Open-Meteo data: Weather data is empty.
2026-04-25 12:46:34,449 [ERROR] [MainThread] [open_meteo/api.py:104]: No internet connection or host not found. Unable to fetch weather.
2026-04-25 12:46:34,449 [WARNING] [MainThread] [root/open_meteo.py:906]: Error processing Open-Meteo data: Weather data is empty.
2026-04-25 12:46:44,463 [ERROR] [MainThread] [open_meteo/api.py:104]: No internet connection or host not found. Unable to fetch weather.
2026-04-25 12:46:44,463 [WARNING] [MainThread] [root/open_meteo.py:906]: Error processing Open-Meteo data: Weather data is empty.
2026-04-25 12:46:54,479 [ERROR] [MainThread] [open_meteo/api.py:104]: No internet connection or host not found. Unable to fetch weather.
2026-04-25 12:46:54,479 [WARNING] [MainThread] [root/open_meteo.py:906]: Error processing Open-Meteo data: Weather data is empty.
2026-04-25 12:47:04,481 [ERROR] [MainThread] [open_meteo/api.py:104]: No internet connection or host not found. Unable to fetch weather.
2026-04-25 12:47:04,482 [WARNING] [MainThread] [root/open_meteo.py:906]: Error processing Open-Meteo data: Weather data is empty.
2026-04-25 12:47:14,491 [ERROR] [MainThread] [open_meteo/api.py:104]: No internet connection or host not found. Unable to fetch weather.
2026-04-25 12:47:14,491 [WARNING] [MainThread] [root/open_meteo.py:906]: Error processing Open-Meteo data: Weather data is empty.
2026-04-25 12:47:24,496 [ERROR] [MainThread] [open_meteo/api.py:104]: No internet connection or host not found. Unable to fetch weather.
2026-04-25 12:47:24,497 [WARNING] [MainThread] [root/open_meteo.py:906]: Error processing Open-Meteo data: Weather data is empty.
2026-04-25 12:47:33,823 [ERROR] [MainThread] [open_meteo/api.py:104]: No internet connection or host not found. Unable to fetch weather.
2026-04-25 12:47:33,823 [WARNING] [MainThread] [root/open_meteo.py:906]: Error processing Open-Meteo data: Weather data is empty.
2026-04-25 12:47:34,508 [ERROR] [MainThread] [open_meteo/api.py:104]: No internet connection or host not found. Unable to fetch weather.
2026-04-25 12:47:34,508 [WARNING] [MainThread] [root/open_meteo.py:906]: Error processing Open-Meteo data: Weather data is empty.
2026-04-25 12:47:44,526 [ERROR] [MainThread] [open_meteo/api.py:104]: No internet connection or host not found. Unable to fetch weather.
2026-04-25 12:47:44,526 [WARNING] [MainThread] [root/open_meteo.py:906]: Error processing Open-Meteo data: Weather data is empty.
2026-04-25 12:47:54,530 [ERROR] [MainThread] [open_meteo/api.py:104]: No internet connection or host not found. Unable to fetch weather.
2026-04-25 12:47:54,530 [WARNING] [MainThread] [root/open_meteo.py:906]: Error processing Open-Meteo data: Weather data is empty.
2026-04-25 12:48:04,530 [ERROR] [MainThread] [open_meteo/api.py:104]: No internet connection or host not found. Unable to fetch weather.
2026-04-25 12:48:04,530 [WARNING] [MainThread] [root/open_meteo.py:906]: Error processing Open-Meteo data: Weather data is empty.
2026-04-25 12:48:14,555 [ERROR] [MainThread] [open_meteo/api.py:104]: No internet connection or host not found. Unable to fetch weather.
2026-04-25 12:48:14,555 [WARNING] [MainThread] [root/open_meteo.py:906]: Error processing Open-Meteo data: Weather data is empty.
2026-04-25 12:48:24,547 [ERROR] [MainThread] [open_meteo/api.py:104]: No internet connection or host not found. Unable to fetch weather.
2026-04-25 12:48:24,547 [WARNING] [MainThread] [root/open_meteo.py:906]: Error processing Open-Meteo data: Weather data is empty.
2026-04-25 12:48:34,546 [ERROR] [MainThread] [open_meteo/api.py:104]: No internet connection or host not found. Unable to fetch weather.
2026-04-25 12:48:34,546 [WARNING] [MainThread] [root/open_meteo.py:906]: Error processing Open-Meteo data: Weather data is empty.
2026-04-25 12:48:44,553 [ERROR] [MainThread] [open_meteo/api.py:104]: No internet connection or host not found. Unable to fetch weather.
2026-04-25 12:48:44,553 [WARNING] [MainThread] [root/open_meteo.py:906]: Error processing Open-Meteo data: Weather data is empty.
2026-04-25 12:48:54,573 [ERROR] [MainThread] [open_meteo/api.py:104]: No internet connection or host not found. Unable to fetch weather.
2026-04-25 12:48:54,573 [WARNING] [MainThread] [root/open_meteo.py:906]: Error processing Open-Meteo data: Weather data is empty.
2026-04-25 12:49:04,573 [ERROR] [MainThread] [open_meteo/api.py:104]: No internet connection or host not found. Unable to fetch weather.
2026-04-25 12:49:04,573 [WARNING] [MainThread] [root/open_meteo.py:906]: Error processing Open-Meteo data: Weather data is empty.
2026-04-25 12:49:14,567 [ERROR] [MainThread] [open_meteo/api.py:104]: No internet connection or host not found. Unable to fetch weather.
2026-04-25 12:49:14,567 [WARNING] [MainThread] [root/open_meteo.py:906]: Error processing Open-Meteo data: Weather data is empty.
2026-04-25 12:49:24,571 [ERROR] [MainThread] [open_meteo/api.py:104]: No internet connection or host not found. Unable to fetch weather.
2026-04-25 12:49:24,571 [WARNING] [MainThread] [root/open_meteo.py:906]: Error processing Open-Meteo data: Weather data is empty.
2026-04-25 12:49:34,575 [ERROR] [MainThread] [open_meteo/api.py:104]: No internet connection or host not found. Unable to fetch weather.
2026-04-25 12:49:34,576 [WARNING] [MainThread] [root/open_meteo.py:906]: Error processing Open-Meteo data: Weather data is empty.
2026-04-25 12:49:44,590 [ERROR] [MainThread] [open_meteo/api.py:104]: No internet connection or host not found. Unable to fetch weather.
2026-04-25 12:49:44,590 [WARNING] [MainThread] [root/open_meteo.py:906]: Error processing Open-Meteo data: Weather data is empty.
2026-04-25 12:49:54,609 [ERROR] [MainThread] [open_meteo/api.py:104]: No internet connection or host not found. Unable to fetch weather.
2026-04-25 12:49:54,609 [WARNING] [MainThread] [root/open_meteo.py:906]: Error processing Open-Meteo data: Weather data is empty.
2026-04-25 12:50:04,611 [ERROR] [MainThread] [open_meteo/api.py:104]: No internet connection or host not found. Unable to fetch weather.
2026-04-25 12:50:04,611 [WARNING] [MainThread] [root/open_meteo.py:906]: Error processing Open-Meteo data: Weather data is empty.
2026-04-25 12:50:14,610 [ERROR] [MainThread] [open_meteo/api.py:104]: No internet connection or host not found. Unable to fetch weather.
2026-04-25 12:50:14,610 [WARNING] [MainThread] [root/open_meteo.py:906]: Error processing Open-Meteo data: Weather data is empty.
2026-04-25 12:50:24,611 [ERROR] [MainThread] [open_meteo/api.py:104]: No internet connection or host not found. Unable to fetch weather.
2026-04-25 12:50:24,611 [WARNING] [MainThread] [root/open_meteo.py:906]: Error processing Open-Meteo data: Weather data is empty.
2026-04-25 12:50:34,617 [ERROR] [MainThread] [open_meteo/api.py:104]: No internet connection or host not found. Unable to fetch weather.
2026-04-25 12:50:34,617 [WARNING] [MainThread] [root/open_meteo.py:906]: Error processing Open-Meteo data: Weather data is empty.
2026-04-25 12:50:44,611 [ERROR] [MainThread] [open_meteo/api.py:104]: No internet connection or host not found. Unable to fetch weather.
2026-04-25 12:50:44,611 [WARNING] [MainThread] [root/open_meteo.py:906]: Error processing Open-Meteo data: Weather data is empty.
2026-04-25 12:50:54,610 [ERROR] [MainThread] [open_meteo/api.py:104]: No internet connection or host not found. Unable to fetch weather.
2026-04-25 12:50:54,610 [WARNING] [MainThread] [root/open_meteo.py:906]: Error processing Open-Meteo data: Weather data is empty.
2026-04-25 12:51:04,621 [ERROR] [MainThread] [open_meteo/api.py:104]: No internet connection or host not found. Unable to fetch weather.
2026-04-25 12:51:04,622 [WARNING] [MainThread] [root/open_meteo.py:906]: Error processing Open-Meteo data: Weather data is empty.
2026-04-25 12:51:14,629 [ERROR] [MainThread] [open_meteo/api.py:104]: No internet connection or host not found. Unable to fetch weather.
2026-04-25 12:51:14,629 [WARNING] [MainThread] [root/open_meteo.py:906]: Error processing Open-Meteo data: Weather data is empty.
2026-04-25 12:51:24,636 [ERROR] [MainThread] [open_meteo/api.py:104]: No internet connection or host not found. Unable to fetch weather.
2026-04-25 12:51:24,636 [WARNING] [MainThread] [root/open_meteo.py:906]: Error processing Open-Meteo data: Weather data is empty.
2026-04-25 12:51:34,647 [ERROR] [MainThread] [open_meteo/api.py:104]: No internet connection or host not found. Unable to fetch weather.
2026-04-25 12:51:34,647 [WARNING] [MainThread] [root/open_meteo.py:906]: Error processing Open-Meteo data: Weather data is empty.
2026-04-25 12:51:44,652 [ERROR] [MainThread] [open_meteo/api.py:104]: No internet connection or host not found. Unable to fetch weather.
2026-04-25 12:51:44,652 [WARNING] [MainThread] [root/open_meteo.py:906]: Error processing Open-Meteo data: Weather data is empty.
2026-04-25 12:51:54,659 [ERROR] [MainThread] [open_meteo/api.py:104]: No internet connection or host not found. Unable to fetch weather.
2026-04-25 12:51:54,660 [WARNING] [MainThread] [root/open_meteo.py:906]: Error processing Open-Meteo data: Weather data is empty.
2026-04-25 12:52:04,665 [ERROR] [MainThread] [open_meteo/api.py:104]: No internet connection or host not found. Unable to fetch weather.
2026-04-25 12:52:04,665 [WARNING] [MainThread] [root/open_meteo.py:906]: Error processing Open-Meteo data: Weather data is empty.
2026-04-25 12:52:14,667 [ERROR] [MainThread] [open_meteo/api.py:104]: No internet connection or host not found. Unable to fetch weather.
2026-04-25 12:52:14,667 [WARNING] [MainThread] [root/open_meteo.py:906]: Error processing Open-Meteo data: Weather data is empty.
2026-04-25 12:52:24,676 [ERROR] [MainThread] [open_meteo/api.py:104]: No internet connection or host not found. Unable to fetch weather.
2026-04-25 12:52:24,676 [WARNING] [MainThread] [root/open_meteo.py:906]: Error processing Open-Meteo data: Weather data is empty.
2026-04-25 12:52:34,672 [ERROR] [MainThread] [open_meteo/api.py:104]: No internet connection or host not found. Unable to fetch weather.
2026-04-25 12:52:34,672 [WARNING] [MainThread] [root/open_meteo.py:906]: Error processing Open-Meteo data: Weather data is empty.
2026-04-25 12:52:44,670 [ERROR] [MainThread] [open_meteo/api.py:104]: No internet connection or host not found. Unable to fetch weather.
2026-04-25 12:52:44,670 [WARNING] [MainThread] [root/open_meteo.py:906]: Error processing Open-Meteo data: Weather data is empty.
2026-04-25 12:52:54,694 [ERROR] [MainThread] [open_meteo/api.py:104]: No internet connection or host not found. Unable to fetch weather.
2026-04-25 12:52:54,694 [WARNING] [MainThread] [root/open_meteo.py:906]: Error processing Open-Meteo data: Weather data is empty.
2026-04-25 12:53:04,696 [ERROR] [MainThread] [open_meteo/api.py:104]: No internet connection or host not found. Unable to fetch weather.
2026-04-25 12:53:04,696 [WARNING] [MainThread] [root/open_meteo.py:906]: Error processing Open-Meteo data: Weather data is empty.
2026-04-25 12:53:14,710 [ERROR] [MainThread] [open_meteo/api.py:104]: No internet connection or host not found. Unable to fetch weather.
2026-04-25 12:53:14,710 [WARNING] [MainThread] [root/open_meteo.py:906]: Error processing Open-Meteo data: Weather data is empty.
2026-04-25 12:53:24,706 [ERROR] [MainThread] [open_meteo/api.py:104]: No internet connection or host not found. Unable to fetch weather.
2026-04-25 12:53:24,707 [WARNING] [MainThread] [root/open_meteo.py:906]: Error processing Open-Meteo data: Weather data is empty.
2026-04-25 12:53:34,730 [ERROR] [MainThread] [open_meteo/api.py:104]: No internet connection or host not found. Unable to fetch weather.
2026-04-25 12:53:34,730 [WARNING] [MainThread] [root/open_meteo.py:906]: Error processing Open-Meteo data: Weather data is empty.
2026-04-25 12:53:44,747 [ERROR] [MainThread] [open_meteo/api.py:104]: No internet connection or host not found. Unable to fetch weather.
2026-04-25 12:53:44,748 [WARNING] [MainThread] [root/open_meteo.py:906]: Error processing Open-Meteo data: Weather data is empty.
2026-04-25 12:53:54,758 [ERROR] [MainThread] [open_meteo/api.py:104]: No internet connection or host not found. Unable to fetch weather.
2026-04-25 12:53:54,759 [WARNING] [MainThread] [root/open_meteo.py:906]: Error processing Open-Meteo data: Weather data is empty.
2026-04-25 12:54:04,751 [ERROR] [MainThread] [open_meteo/api.py:104]: No internet connection or host not found. Unable to fetch weather.
2026-04-25 12:54:04,751 [WARNING] [MainThread] [root/open_meteo.py:906]: Error processing Open-Meteo data: Weather data is empty.
2026-04-25 12:54:14,762 [ERROR] [MainThread] [open_meteo/api.py:104]: No internet connection or host not found. Unable to fetch weather.
2026-04-25 12:54:14,762 [WARNING] [MainThread] [root/open_meteo.py:906]: Error processing Open-Meteo data: Weather data is empty.
2026-04-25 12:54:24,770 [ERROR] [MainThread] [open_meteo/api.py:104]: No internet connection or host not found. Unable to fetch weather.
2026-04-25 12:54:24,771 [WARNING] [MainThread] [root/open_meteo.py:906]: Error processing Open-Meteo data: Weather data is empty.
2026-04-25 12:54:34,776 [ERROR] [MainThread] [open_meteo/api.py:104]: No internet connection or host not found. Unable to fetch weather.
2026-04-25 12:54:34,776 [WARNING] [MainThread] [root/open_meteo.py:906]: Error processing Open-Meteo data: Weather data is empty.
2026-04-25 12:54:44,779 [ERROR] [MainThread] [open_meteo/api.py:104]: No internet connection or host not found. Unable to fetch weather.
2026-04-25 12:54:44,779 [WARNING] [MainThread] [root/open_meteo.py:906]: Error processing Open-Meteo data: Weather data is empty.
2026-04-25 12:54:54,782 [ERROR] [MainThread] [open_meteo/api.py:104]: No internet connection or host not found. Unable to fetch weather.
2026-04-25 12:54:54,783 [WARNING] [MainThread] [root/open_meteo.py:906]: Error processing Open-Meteo data: Weather data is empty.
2026-04-25 12:55:04,785 [ERROR] [MainThread] [open_meteo/api.py:104]: No internet connection or host not found. Unable to fetch weather.
2026-04-25 12:55:04,785 [WARNING] [MainThread] [root/open_meteo.py:906]: Error processing Open-Meteo data: Weather data is empty.
2026-04-25 12:55:14,781 [ERROR] [MainThread] [open_meteo/api.py:104]: No internet connection or host not found. Unable to fetch weather.
2026-04-25 12:55:14,781 [WARNING] [MainThread] [root/open_meteo.py:906]: Error processing Open-Meteo data: Weather data is empty.
2026-04-25 12:55:24,793 [ERROR] [MainThread] [open_meteo/api.py:104]: No internet connection or host not found. Unable to fetch weather.
2026-04-25 12:55:24,793 [WARNING] [MainThread] [root/open_meteo.py:906]: Error processing Open-Meteo data: Weather data is empty.
2026-04-25 12:55:34,786 [ERROR] [MainThread] [open_meteo/api.py:104]: No internet connection or host not found. Unable to fetch weather.
2026-04-25 12:55:34,786 [WARNING] [MainThread] [root/open_meteo.py:906]: Error processing Open-Meteo data: Weather data is empty.
2026-04-25 12:55:44,788 [ERROR] [MainThread] [open_meteo/api.py:104]: No internet connection or host not found. Unable to fetch weather.
2026-04-25 12:55:44,788 [WARNING] [MainThread] [root/open_meteo.py:906]: Error processing Open-Meteo data: Weather data is empty.
2026-04-25 12:55:54,785 [ERROR] [MainThread] [open_meteo/api.py:104]: No internet connection or host not found. Unable to fetch weather.
2026-04-25 12:55:54,785 [WARNING] [MainThread] [root/open_meteo.py:906]: Error processing Open-Meteo data: Weather data is empty.
2026-04-25 12:56:04,793 [ERROR] [MainThread] [open_meteo/api.py:104]: No internet connection or host not found. Unable to fetch weather.
2026-04-25 12:56:04,794 [WARNING] [MainThread] [root/open_meteo.py:906]: Error processing Open-Meteo data: Weather data is empty.
2026-04-25 12:56:14,798 [ERROR] [MainThread] [open_meteo/api.py:104]: No internet connection or host not found. Unable to fetch weather.
2026-04-25 12:56:14,798 [WARNING] [MainThread] [root/open_meteo.py:906]: Error processing Open-Meteo data: Weather data is empty.
2026-04-25 12:56:24,805 [ERROR] [MainThread] [open_meteo/api.py:104]: No internet connection or host not found. Unable to fetch weather.
2026-04-25 12:56:24,805 [WARNING] [MainThread] [root/open_meteo.py:906]: Error processing Open-Meteo data: Weather data is empty.
2026-04-25 12:56:34,824 [ERROR] [MainThread] [open_meteo/api.py:104]: No internet connection or host not found. Unable to fetch weather.
2026-04-25 12:56:34,824 [WARNING] [MainThread] [root/open_meteo.py:906]: Error processing Open-Meteo data: Weather data is empty.
2026-04-25 12:56:44,839 [ERROR] [MainThread] [open_meteo/api.py:104]: No internet connection or host not found. Unable to fetch weather.
2026-04-25 12:56:44,839 [WARNING] [MainThread] [root/open_meteo.py:906]: Error processing Open-Meteo data: Weather data is empty.
2026-04-25 12:56:54,858 [ERROR] [MainThread] [open_meteo/api.py:104]: No internet connection or host not found. Unable to fetch weather.
2026-04-25 12:56:54,858 [WARNING] [MainThread] [root/open_meteo.py:906]: Error processing Open-Meteo data: Weather data is empty.
2026-04-25 12:57:04,865 [ERROR] [MainThread] [open_meteo/api.py:104]: No internet connection or host not found. Unable to fetch weather.
2026-04-25 12:57:04,865 [WARNING] [MainThread] [root/open_meteo.py:906]: Error processing Open-Meteo data: Weather data is empty.
2026-04-25 12:57:14,859 [ERROR] [MainThread] [open_meteo/api.py:104]: No internet connection or host not found. Unable to fetch weather.
2026-04-25 12:57:14,859 [WARNING] [MainThread] [root/open_meteo.py:906]: Error processing Open-Meteo data: Weather data is empty.
2026-04-25 12:57:24,869 [ERROR] [MainThread] [open_meteo/api.py:104]: No internet connection or host not found. Unable to fetch weather.
2026-04-25 12:57:24,869 [WARNING] [MainThread] [root/open_meteo.py:906]: Error processing Open-Meteo data: Weather data is empty.
2026-04-25 12:57:33,812 [ERROR] [MainThread] [open_meteo/api.py:104]: No internet connection or host not found. Unable to fetch weather.
2026-04-25 12:57:33,812 [WARNING] [MainThread] [root/open_meteo.py:906]: Error processing Open-Meteo data: Weather data is empty.
2026-04-25 12:57:34,872 [ERROR] [MainThread] [open_meteo/api.py:104]: No internet connection or host not found. Unable to fetch weather.
2026-04-25 12:57:34,872 [WARNING] [MainThread] [root/open_meteo.py:906]: Error processing Open-Meteo data: Weather data is empty.
2026-04-25 12:57:44,882 [ERROR] [MainThread] [open_meteo/api.py:104]: No internet connection or host not found. Unable to fetch weather.
2026-04-25 12:57:44,882 [WARNING] [MainThread] [root/open_meteo.py:906]: Error processing Open-Meteo data: Weather data is empty.
2026-04-25 12:57:54,888 [ERROR] [MainThread] [open_meteo/api.py:104]: No internet connection or host not found. Unable to fetch weather.
2026-04-25 12:57:54,888 [WARNING] [MainThread] [root/open_meteo.py:906]: Error processing Open-Meteo data: Weather data is empty.
2026-04-25 12:58:04,889 [ERROR] [MainThread] [open_meteo/api.py:104]: No internet connection or host not found. Unable to fetch weather.
2026-04-25 12:58:04,889 [WARNING] [MainThread] [root/open_meteo.py:906]: Error processing Open-Meteo data: Weather data is empty.
2026-04-25 12:58:14,902 [ERROR] [MainThread] [open_meteo/api.py:104]: No internet connection or host not found. Unable to fetch weather.
2026-04-25 12:58:14,902 [WARNING] [MainThread] [root/open_meteo.py:906]: Error processing Open-Meteo data: Weather data is empty.
2026-04-25 12:58:24,916 [ERROR] [MainThread] [open_meteo/api.py:104]: No internet connection or host not found. Unable to fetch weather.
2026-04-25 12:58:24,916 [WARNING] [MainThread] [root/open_meteo.py:906]: Error processing Open-Meteo data: Weather data is empty.
2026-04-25 12:58:34,906 [ERROR] [MainThread] [open_meteo/api.py:104]: No internet connection or host not found. Unable to fetch weather.
2026-04-25 12:58:34,906 [WARNING] [MainThread] [root/open_meteo.py:906]: Error processing Open-Meteo data: Weather data is empty.
2026-04-25 12:58:44,907 [ERROR] [MainThread] [open_meteo/api.py:104]: No internet connection or host not found. Unable to fetch weather.
2026-04-25 12:58:44,907 [WARNING] [MainThread] [root/open_meteo.py:906]: Error processing Open-Meteo data: Weather data is empty.
2026-04-25 12:58:54,916 [ERROR] [MainThread] [open_meteo/api.py:104]: No internet connection or host not found. Unable to fetch weather.
2026-04-25 12:58:54,916 [WARNING] [MainThread] [root/open_meteo.py:906]: Error processing Open-Meteo data: Weather data is empty.
2026-04-25 12:59:04,908 [ERROR] [MainThread] [open_meteo/api.py:104]: No internet connection or host not found. Unable to fetch weather.
2026-04-25 12:59:04,908 [WARNING] [MainThread] [root/open_meteo.py:906]: Error processing Open-Meteo data: Weather data is empty.
2026-04-25 12:59:14,931 [ERROR] [MainThread] [open_meteo/api.py:104]: No internet connection or host not found. Unable to fetch weather.
2026-04-25 12:59:14,932 [WARNING] [MainThread] [root/open_meteo.py:906]: Error processing Open-Meteo data: Weather data is empty.
2026-04-25 12:59:24,938 [ERROR] [MainThread] [open_meteo/api.py:104]: No internet connection or host not found. Unable to fetch weather.
2026-04-25 12:59:24,938 [WARNING] [MainThread] [root/open_meteo.py:906]: Error processing Open-Meteo data: Weather data is empty.
2026-04-25 12:59:34,953 [ERROR] [MainThread] [open_meteo/api.py:104]: No internet connection or host not found. Unable to fetch weather.
2026-04-25 12:59:34,953 [WARNING] [MainThread] [root/open_meteo.py:906]: Error processing Open-Meteo data: Weather data is empty.
2026-04-25 12:59:44,974 [ERROR] [MainThread] [open_meteo/api.py:104]: No internet connection or host not found. Unable to fetch weather.
2026-04-25 12:59:44,975 [WARNING] [MainThread] [root/open_meteo.py:906]: Error processing Open-Meteo data: Weather data is empty.
2026-04-25 12:59:54,977 [ERROR] [MainThread] [open_meteo/api.py:104]: No internet connection or host not found. Unable to fetch weather.
2026-04-25 12:59:54,977 [WARNING] [MainThread] [root/open_meteo.py:906]: Error processing Open-Meteo data: Weather data is empty.
2026-04-25 13:00:04,969 [ERROR] [MainThread] [open_meteo/api.py:104]: No internet connection or host not found. Unable to fetch weather.
2026-04-25 13:00:04,969 [WARNING] [MainThread] [root/open_meteo.py:906]: Error processing Open-Meteo data: Weather data is empty.
2026-04-25 13:00:14,972 [ERROR] [MainThread] [open_meteo/api.py:104]: No internet connection or host not found. Unable to fetch weather.
2026-04-25 13:00:14,972 [WARNING] [MainThread] [root/open_meteo.py:906]: Error processing Open-Meteo data: Weather data is empty.
2026-04-25 13:00:24,967 [ERROR] [MainThread] [open_meteo/api.py:104]: No internet connection or host not found. Unable to fetch weather.
2026-04-25 13:00:24,967 [WARNING] [MainThread] [root/open_meteo.py:906]: Error processing Open-Meteo data: Weather data is empty.
2026-04-25 13:00:34,976 [ERROR] [MainThread] [open_meteo/api.py:104]: No internet connection or host not found. Unable to fetch weather.
2026-04-25 13:00:34,976 [WARNING] [MainThread] [root/open_meteo.py:906]: Error processing Open-Meteo data: Weather data is empty.
2026-04-25 13:00:44,990 [ERROR] [MainThread] [open_meteo/api.py:104]: No internet connection or host not found. Unable to fetch weather.
2026-04-25 13:00:44,990 [WARNING] [MainThread] [root/open_meteo.py:906]: Error processing Open-Meteo data: Weather data is empty.
2026-04-25 13:00:54,985 [ERROR] [MainThread] [open_meteo/api.py:104]: No internet connection or host not found. Unable to fetch weather.
2026-04-25 13:00:54,986 [WARNING] [MainThread] [root/open_meteo.py:906]: Error processing Open-Meteo data: Weather data is empty.
2026-04-25 13:01:04,990 [ERROR] [MainThread] [open_meteo/api.py:104]: No internet connection or host not found. Unable to fetch weather.
2026-04-25 13:01:04,990 [WARNING] [MainThread] [root/open_meteo.py:906]: Error processing Open-Meteo data: Weather data is empty.
2026-04-25 13:01:14,995 [ERROR] [MainThread] [open_meteo/api.py:104]: No internet connection or host not found. Unable to fetch weather.
2026-04-25 13:01:14,995 [WARNING] [MainThread] [root/open_meteo.py:906]: Error processing Open-Meteo data: Weather data is empty.
2026-04-25 13:01:24,985 [ERROR] [MainThread] [open_meteo/api.py:104]: No internet connection or host not found. Unable to fetch weather.
2026-04-25 13:01:24,985 [WARNING] [MainThread] [root/open_meteo.py:906]: Error processing Open-Meteo data: Weather data is empty.
2026-04-25 13:01:34,988 [ERROR] [MainThread] [open_meteo/api.py:104]: No internet connection or host not found. Unable to fetch weather.
2026-04-25 13:01:34,988 [WARNING] [MainThread] [root/open_meteo.py:906]: Error processing Open-Meteo data: Weather data is empty.
2026-04-25 13:01:44,991 [ERROR] [MainThread] [open_meteo/api.py:104]: No internet connection or host not found. Unable to fetch weather.
2026-04-25 13:01:44,991 [WARNING] [MainThread] [root/open_meteo.py:906]: Error processing Open-Meteo data: Weather data is empty.
2026-04-25 13:01:54,988 [ERROR] [MainThread] [open_meteo/api.py:104]: No internet connection or host not found. Unable to fetch weather.
2026-04-25 13:01:54,988 [WARNING] [MainThread] [root/open_meteo.py:906]: Error processing Open-Meteo data: Weather data is empty.
2026-04-25 13:02:04,988 [ERROR] [MainThread] [open_meteo/api.py:104]: No internet connection or host not found. Unable to fetch weather.
2026-04-25 13:02:04,988 [WARNING] [MainThread] [root/open_meteo.py:906]: Error processing Open-Meteo data: Weather data is empty.
2026-04-25 13:02:14,988 [ERROR] [MainThread] [open_meteo/api.py:104]: No internet connection or host not found. Unable to fetch weather.
2026-04-25 13:02:14,988 [WARNING] [MainThread] [root/open_meteo.py:906]: Error processing Open-Meteo data: Weather data is empty.
2026-04-25 13:02:24,995 [ERROR] [MainThread] [open_meteo/api.py:104]: No internet connection or host not found. Unable to fetch weather.
2026-04-25 13:02:24,995 [WARNING] [MainThread] [root/open_meteo.py:906]: Error processing Open-Meteo data: Weather data is empty.
2026-04-25 13:02:34,985 [ERROR] [MainThread] [open_meteo/api.py:104]: No internet connection or host not found. Unable to fetch weather.
2026-04-25 13:02:34,986 [WARNING] [MainThread] [root/open_meteo.py:906]: Error processing Open-Meteo data: Weather data is empty.
2026-04-25 13:02:44,994 [ERROR] [MainThread] [open_meteo/api.py:104]: No internet connection or host not found. Unable to fetch weather.
2026-04-25 13:02:44,994 [WARNING] [MainThread] [root/open_meteo.py:906]: Error processing Open-Meteo data: Weather data is empty.
2026-04-25 13:02:54,994 [ERROR] [MainThread] [open_meteo/api.py:104]: No internet connection or host not found. Unable to fetch weather.
2026-04-25 13:02:54,994 [WARNING] [MainThread] [root/open_meteo.py:906]: Error processing Open-Meteo data: Weather data is empty.
2026-04-25 13:03:04,982 [ERROR] [MainThread] [open_meteo/api.py:104]: No internet connection or host not found. Unable to fetch weather.
2026-04-25 13:03:04,983 [WARNING] [MainThread] [root/open_meteo.py:906]: Error processing Open-Meteo data: Weather data is empty.
2026-04-25 13:03:14,989 [ERROR] [MainThread] [open_meteo/api.py:104]: No internet connection or host not found. Unable to fetch weather.
2026-04-25 13:03:14,989 [WARNING] [MainThread] [root/open_meteo.py:906]: Error processing Open-Meteo data: Weather data is empty.
2026-04-25 13:03:25,009 [ERROR] [MainThread] [open_meteo/api.py:104]: No internet connection or host not found. Unable to fetch weather.
2026-04-25 13:03:25,010 [WARNING] [MainThread] [root/open_meteo.py:906]: Error processing Open-Meteo data: Weather data is empty.
2026-04-25 13:03:35,026 [ERROR] [MainThread] [open_meteo/api.py:104]: No internet connection or host not found. Unable to fetch weather.
2026-04-25 13:03:35,026 [WARNING] [MainThread] [root/open_meteo.py:906]: Error processing Open-Meteo data: Weather data is empty.
2026-04-25 13:03:45,022 [ERROR] [MainThread] [open_meteo/api.py:104]: No internet connection or host not found. Unable to fetch weather.
2026-04-25 13:03:45,022 [WARNING] [MainThread] [root/open_meteo.py:906]: Error processing Open-Meteo data: Weather data is empty.
2026-04-25 13:03:55,017 [ERROR] [MainThread] [open_meteo/api.py:104]: No internet connection or host not found. Unable to fetch weather.
2026-04-25 13:03:55,017 [WARNING] [MainThread] [root/open_meteo.py:906]: Error processing Open-Meteo data: Weather data is empty.
2026-04-25 13:04:05,016 [ERROR] [MainThread] [open_meteo/api.py:104]: No internet connection or host not found. Unable to fetch weather.
2026-04-25 13:04:05,016 [WARNING] [MainThread] [root/open_meteo.py:906]: Error processing Open-Meteo data: Weather data is empty.
2026-04-25 13:04:15,028 [ERROR] [MainThread] [open_meteo/api.py:104]: No internet connection or host not found. Unable to fetch weather.
2026-04-25 13:04:15,029 [WARNING] [MainThread] [root/open_meteo.py:906]: Error processing Open-Meteo data: Weather data is empty.
2026-04-25 13:04:25,039 [ERROR] [MainThread] [open_meteo/api.py:104]: No internet connection or host not found. Unable to fetch weather.
2026-04-25 13:04:25,039 [WARNING] [MainThread] [root/open_meteo.py:906]: Error processing Open-Meteo data: Weather data is empty.
2026-04-25 13:04:35,035 [ERROR] [MainThread] [open_meteo/api.py:104]: No internet connection or host not found. Unable to fetch weather.
2026-04-25 13:04:35,035 [WARNING] [MainThread] [root/open_meteo.py:906]: Error processing Open-Meteo data: Weather data is empty.
2026-04-25 13:04:45,033 [ERROR] [MainThread] [open_meteo/api.py:104]: No internet connection or host not found. Unable to fetch weather.
2026-04-25 13:04:45,033 [WARNING] [MainThread] [root/open_meteo.py:906]: Error processing Open-Meteo data: Weather data is empty.
2026-04-25 13:04:55,055 [ERROR] [MainThread] [open_meteo/api.py:104]: No internet connection or host not found. Unable to fetch weather.
2026-04-25 13:04:55,055 [WARNING] [MainThread] [root/open_meteo.py:906]: Error processing Open-Meteo data: Weather data is empty.
2026-04-25 13:05:05,053 [ERROR] [MainThread] [open_meteo/api.py:104]: No internet connection or host not found. Unable to fetch weather.
2026-04-25 13:05:05,053 [WARNING] [MainThread] [root/open_meteo.py:906]: Error processing Open-Meteo data: Weather data is empty.
2026-04-25 13:05:15,059 [ERROR] [MainThread] [open_meteo/api.py:104]: No internet connection or host not found. Unable to fetch weather.
2026-04-25 13:05:15,059 [WARNING] [MainThread] [root/open_meteo.py:906]: Error processing Open-Meteo data: Weather data is empty.
2026-04-25 13:05:25,068 [ERROR] [MainThread] [open_meteo/api.py:104]: No internet connection or host not found. Unable to fetch weather.
2026-04-25 13:05:25,068 [WARNING] [MainThread] [root/open_meteo.py:906]: Error processing Open-Meteo data: Weather data is empty.
2026-04-25 13:05:35,072 [ERROR] [MainThread] [open_meteo/api.py:104]: No internet connection or host not found. Unable to fetch weather.
2026-04-25 13:05:35,072 [WARNING] [MainThread] [root/open_meteo.py:906]: Error processing Open-Meteo data: Weather data is empty.
2026-04-25 13:05:45,076 [ERROR] [MainThread] [open_meteo/api.py:104]: No internet connection or host not found. Unable to fetch weather.
2026-04-25 13:05:45,076 [WARNING] [MainThread] [root/open_meteo.py:906]: Error processing Open-Meteo data: Weather data is empty.
2026-04-25 13:05:55,087 [ERROR] [MainThread] [open_meteo/api.py:104]: No internet connection or host not found. Unable to fetch weather.
2026-04-25 13:05:55,087 [WARNING] [MainThread] [root/open_meteo.py:906]: Error processing Open-Meteo data: Weather data is empty.
2026-04-25 13:06:05,077 [ERROR] [MainThread] [open_meteo/api.py:104]: No internet connection or host not found. Unable to fetch weather.
2026-04-25 13:06:05,077 [WARNING] [MainThread] [root/open_meteo.py:906]: Error processing Open-Meteo data: Weather data is empty.
2026-04-25 13:06:15,096 [ERROR] [MainThread] [open_meteo/api.py:104]: No internet connection or host not found. Unable to fetch weather.
2026-04-25 13:06:15,096 [WARNING] [MainThread] [root/open_meteo.py:906]: Error processing Open-Meteo data: Weather data is empty.
2026-04-25 13:06:25,099 [ERROR] [MainThread] [open_meteo/api.py:104]: No internet connection or host not found. Unable to fetch weather.
2026-04-25 13:06:25,099 [WARNING] [MainThread] [root/open_meteo.py:906]: Error processing Open-Meteo data: Weather data is empty.
2026-04-25 13:06:35,117 [ERROR] [MainThread] [open_meteo/api.py:104]: No internet connection or host not found. Unable to fetch weather.
2026-04-25 13:06:35,117 [WARNING] [MainThread] [root/open_meteo.py:906]: Error processing Open-Meteo data: Weather data is empty.
2026-04-25 13:06:45,121 [ERROR] [MainThread] [open_meteo/api.py:104]: No internet connection or host not found. Unable to fetch weather.
2026-04-25 13:06:45,122 [WARNING] [MainThread] [root/open_meteo.py:906]: Error processing Open-Meteo data: Weather data is empty.
2026-04-25 13:06:55,129 [ERROR] [MainThread] [open_meteo/api.py:104]: No internet connection or host not found. Unable to fetch weather.
2026-04-25 13:06:55,130 [WARNING] [MainThread] [root/open_meteo.py:906]: Error processing Open-Meteo data: Weather data is empty.
2026-04-25 13:07:05,147 [ERROR] [MainThread] [open_meteo/api.py:104]: No internet connection or host not found. Unable to fetch weather.
2026-04-25 13:07:05,147 [WARNING] [MainThread] [root/open_meteo.py:906]: Error processing Open-Meteo data: Weather data is empty.
2026-04-25 13:07:15,146 [ERROR] [MainThread] [open_meteo/api.py:104]: No internet connection or host not found. Unable to fetch weather.
2026-04-25 13:07:15,146 [WARNING] [MainThread] [root/open_meteo.py:906]: Error processing Open-Meteo data: Weather data is empty.
2026-04-25 13:07:25,150 [ERROR] [MainThread] [open_meteo/api.py:104]: No internet connection or host not found. Unable to fetch weather.
2026-04-25 13:07:25,150 [WARNING] [MainThread] [root/open_meteo.py:906]: Error processing Open-Meteo data: Weather data is empty.
2026-04-25 13:07:33,821 [ERROR] [MainThread] [open_meteo/api.py:104]: No internet connection or host not found. Unable to fetch weather.
2026-04-25 13:07:33,821 [WARNING] [MainThread] [root/open_meteo.py:906]: Error processing Open-Meteo data: Weather data is empty.
2026-04-25 13:07:35,146 [ERROR] [MainThread] [open_meteo/api.py:104]: No internet connection or host not found. Unable to fetch weather.
2026-04-25 13:07:35,146 [WARNING] [MainThread] [root/open_meteo.py:906]: Error processing Open-Meteo data: Weather data is empty.
2026-04-25 13:07:45,142 [ERROR] [MainThread] [open_meteo/api.py:104]: No internet connection or host not found. Unable to fetch weather.
2026-04-25 13:07:45,143 [WARNING] [MainThread] [root/open_meteo.py:906]: Error processing Open-Meteo data: Weather data is empty.
2026-04-25 13:07:55,147 [ERROR] [MainThread] [open_meteo/api.py:104]: No internet connection or host not found. Unable to fetch weather.
2026-04-25 13:07:55,147 [WARNING] [MainThread] [root/open_meteo.py:906]: Error processing Open-Meteo data: Weather data is empty.
2026-04-25 13:08:05,138 [ERROR] [MainThread] [open_meteo/api.py:104]: No internet connection or host not found. Unable to fetch weather.
2026-04-25 13:08:05,138 [WARNING] [MainThread] [root/open_meteo.py:906]: Error processing Open-Meteo data: Weather data is empty.
2026-04-25 13:08:15,150 [ERROR] [MainThread] [open_meteo/api.py:104]: No internet connection or host not found. Unable to fetch weather.
2026-04-25 13:08:15,150 [WARNING] [MainThread] [root/open_meteo.py:906]: Error processing Open-Meteo data: Weather data is empty.
2026-04-25 13:08:25,149 [ERROR] [MainThread] [open_meteo/api.py:104]: No internet connection or host not found. Unable to fetch weather.
2026-04-25 13:08:25,149 [WARNING] [MainThread] [root/open_meteo.py:906]: Error processing Open-Meteo data: Weather data is empty.
2026-04-25 13:08:35,149 [ERROR] [MainThread] [open_meteo/api.py:104]: No internet connection or host not found. Unable to fetch weather.
2026-04-25 13:08:35,150 [WARNING] [MainThread] [root/open_meteo.py:906]: Error processing Open-Meteo data: Weather data is empty.
2026-04-25 13:08:45,148 [ERROR] [MainThread] [open_meteo/api.py:104]: No internet connection or host not found. Unable to fetch weather.
2026-04-25 13:08:45,148 [WARNING] [MainThread] [root/open_meteo.py:906]: Error processing Open-Meteo data: Weather data is empty.
2026-04-25 13:08:55,140 [ERROR] [MainThread] [open_meteo/api.py:104]: No internet connection or host not found. Unable to fetch weather.
2026-04-25 13:08:55,140 [WARNING] [MainThread] [root/open_meteo.py:906]: Error processing Open-Meteo data: Weather data is empty.
2026-04-25 13:09:05,147 [ERROR] [MainThread] [open_meteo/api.py:104]: No internet connection or host not found. Unable to fetch weather.
2026-04-25 13:09:05,147 [WARNING] [MainThread] [root/open_meteo.py:906]: Error processing Open-Meteo data: Weather data is empty.
2026-04-25 13:09:15,144 [ERROR] [MainThread] [open_meteo/api.py:104]: No internet connection or host not found. Unable to fetch weather.
2026-04-25 13:09:15,144 [WARNING] [MainThread] [root/open_meteo.py:906]: Error processing Open-Meteo data: Weather data is empty.
2026-04-25 13:09:25,141 [ERROR] [MainThread] [open_meteo/api.py:104]: No internet connection or host not found. Unable to fetch weather.
2026-04-25 13:09:25,141 [WARNING] [MainThread] [root/open_meteo.py:906]: Error processing Open-Meteo data: Weather data is empty.
2026-04-25 13:09:35,145 [ERROR] [MainThread] [open_meteo/api.py:104]: No internet connection or host not found. Unable to fetch weather.
2026-04-25 13:09:35,145 [WARNING] [MainThread] [root/open_meteo.py:906]: Error processing Open-Meteo data: Weather data is empty.
2026-04-25 13:09:45,139 [ERROR] [MainThread] [open_meteo/api.py:104]: No internet connection or host not found. Unable to fetch weather.
2026-04-25 13:09:45,139 [WARNING] [MainThread] [root/open_meteo.py:906]: Error processing Open-Meteo data: Weather data is empty.
2026-04-25 13:09:55,153 [ERROR] [MainThread] [open_meteo/api.py:104]: No internet connection or host not found. Unable to fetch weather.
2026-04-25 13:09:55,153 [WARNING] [MainThread] [root/open_meteo.py:906]: Error processing Open-Meteo data: Weather data is empty.
2026-04-25 13:10:05,164 [ERROR] [MainThread] [open_meteo/api.py:104]: No internet connection or host not found. Unable to fetch weather.
2026-04-25 13:10:05,164 [WARNING] [MainThread] [root/open_meteo.py:906]: Error processing Open-Meteo data: Weather data is empty.
2026-04-25 13:10:15,181 [ERROR] [MainThread] [open_meteo/api.py:104]: No internet connection or host not found. Unable to fetch weather.
2026-04-25 13:10:15,181 [WARNING] [MainThread] [root/open_meteo.py:906]: Error processing Open-Meteo data: Weather data is empty.
2026-04-25 13:10:25,178 [ERROR] [MainThread] [open_meteo/api.py:104]: No internet connection or host not found. Unable to fetch weather.
2026-04-25 13:10:25,179 [WARNING] [MainThread] [root/open_meteo.py:906]: Error processing Open-Meteo data: Weather data is empty.
2026-04-25 13:10:35,200 [ERROR] [MainThread] [open_meteo/api.py:104]: No internet connection or host not found. Unable to fetch weather.
2026-04-25 13:10:35,200 [WARNING] [MainThread] [root/open_meteo.py:906]: Error processing Open-Meteo data: Weather data is empty.
2026-04-25 13:10:45,203 [ERROR] [MainThread] [open_meteo/api.py:104]: No internet connection or host not found. Unable to fetch weather.
2026-04-25 13:10:45,203 [WARNING] [MainThread] [root/open_meteo.py:906]: Error processing Open-Meteo data: Weather data is empty.
2026-04-25 13:10:55,206 [ERROR] [MainThread] [open_meteo/api.py:104]: No internet connection or host not found. Unable to fetch weather.
2026-04-25 13:10:55,206 [WARNING] [MainThread] [root/open_meteo.py:906]: Error processing Open-Meteo data: Weather data is empty.
2026-04-25 13:11:05,222 [ERROR] [MainThread] [open_meteo/api.py:104]: No internet connection or host not found. Unable to fetch weather.
2026-04-25 13:11:05,222 [WARNING] [MainThread] [root/open_meteo.py:906]: Error processing Open-Meteo data: Weather data is empty.
2026-04-25 13:11:15,226 [ERROR] [MainThread] [open_meteo/api.py:104]: No internet connection or host not found. Unable to fetch weather.
2026-04-25 13:11:15,226 [WARNING] [MainThread] [root/open_meteo.py:906]: Error processing Open-Meteo data: Weather data is empty.
2026-04-25 13:11:25,224 [ERROR] [MainThread] [open_meteo/api.py:104]: No internet connection or host not found. Unable to fetch weather.
2026-04-25 13:11:25,224 [WARNING] [MainThread] [root/open_meteo.py:906]: Error processing Open-Meteo data: Weather data is empty.
2026-04-25 13:11:35,244 [ERROR] [MainThread] [open_meteo/api.py:104]: No internet connection or host not found. Unable to fetch weather.
2026-04-25 13:11:35,244 [WARNING] [MainThread] [root/open_meteo.py:906]: Error processing Open-Meteo data: Weather data is empty.
2026-04-25 13:11:45,240 [ERROR] [MainThread] [open_meteo/api.py:104]: No internet connection or host not found. Unable to fetch weather.
2026-04-25 13:11:45,240 [WARNING] [MainThread] [root/open_meteo.py:906]: Error processing Open-Meteo data: Weather data is empty.
2026-04-25 13:11:55,244 [ERROR] [MainThread] [open_meteo/api.py:104]: No internet connection or host not found. Unable to fetch weather.
2026-04-25 13:11:55,244 [WARNING] [MainThread] [root/open_meteo.py:906]: Error processing Open-Meteo data: Weather data is empty.
2026-04-25 13:12:05,234 [ERROR] [MainThread] [open_meteo/api.py:104]: No internet connection or host not found. Unable to fetch weather.
2026-04-25 13:12:05,234 [WARNING] [MainThread] [root/open_meteo.py:906]: Error processing Open-Meteo data: Weather data is empty.
2026-04-25 13:12:15,246 [ERROR] [MainThread] [open_meteo/api.py:104]: No internet connection or host not found. Unable to fetch weather.
2026-04-25 13:12:15,246 [WARNING] [MainThread] [root/open_meteo.py:906]: Error processing Open-Meteo data: Weather data is empty.
2026-04-25 13:12:25,259 [ERROR] [MainThread] [open_meteo/api.py:104]: No internet connection or host not found. Unable to fetch weather.
2026-04-25 13:12:25,259 [WARNING] [MainThread] [root/open_meteo.py:906]: Error processing Open-Meteo data: Weather data is empty.
2026-04-25 13:12:35,251 [ERROR] [MainThread] [open_meteo/api.py:104]: No internet connection or host not found. Unable to fetch weather.
2026-04-25 13:12:35,251 [WARNING] [MainThread] [root/open_meteo.py:906]: Error processing Open-Meteo data: Weather data is empty.
2026-04-25 13:12:45,257 [ERROR] [MainThread] [open_meteo/api.py:104]: No internet connection or host not found. Unable to fetch weather.
2026-04-25 13:12:45,257 [WARNING] [MainThread] [root/open_meteo.py:906]: Error processing Open-Meteo data: Weather data is empty.
2026-04-25 13:12:55,261 [ERROR] [MainThread] [open_meteo/api.py:104]: No internet connection or host not found. Unable to fetch weather.
2026-04-25 13:12:55,261 [WARNING] [MainThread] [root/open_meteo.py:906]: Error processing Open-Meteo data: Weather data is empty.
2026-04-25 13:13:05,272 [ERROR] [MainThread] [open_meteo/api.py:104]: No internet connection or host not found. Unable to fetch weather.
2026-04-25 13:13:05,272 [WARNING] [MainThread] [root/open_meteo.py:906]: Error processing Open-Meteo data: Weather data is empty.
2026-04-25 13:13:15,274 [ERROR] [MainThread] [open_meteo/api.py:104]: No internet connection or host not found. Unable to fetch weather.
2026-04-25 13:13:15,274 [WARNING] [MainThread] [root/open_meteo.py:906]: Error processing Open-Meteo data: Weather data is empty.
2026-04-25 13:13:25,270 [ERROR] [MainThread] [open_meteo/api.py:104]: No internet connection or host not found. Unable to fetch weather.
2026-04-25 13:13:25,270 [WARNING] [MainThread] [root/open_meteo.py:906]: Error processing Open-Meteo data: Weather data is empty.
2026-04-25 13:13:35,268 [ERROR] [MainThread] [open_meteo/api.py:104]: No internet connection or host not found. Unable to fetch weather.
2026-04-25 13:13:35,269 [WARNING] [MainThread] [root/open_meteo.py:906]: Error processing Open-Meteo data: Weather data is empty.
2026-04-25 13:13:45,276 [ERROR] [MainThread] [open_meteo/api.py:104]: No internet connection or host not found. Unable to fetch weather.
2026-04-25 13:13:45,276 [WARNING] [MainThread] [root/open_meteo.py:906]: Error processing Open-Meteo data: Weather data is empty.
2026-04-25 13:13:55,289 [ERROR] [MainThread] [open_meteo/api.py:104]: No internet connection or host not found. Unable to fetch weather.
2026-04-25 13:13:55,289 [WARNING] [MainThread] [root/open_meteo.py:906]: Error processing Open-Meteo data: Weather data is empty.
2026-04-25 13:14:05,302 [ERROR] [MainThread] [open_meteo/api.py:104]: No internet connection or host not found. Unable to fetch weather.
2026-04-25 13:14:05,302 [WARNING] [MainThread] [root/open_meteo.py:906]: Error processing Open-Meteo data: Weather data is empty.
2026-04-25 13:14:15,307 [ERROR] [MainThread] [open_meteo/api.py:104]: No internet connection or host not found. Unable to fetch weather.
2026-04-25 13:14:15,307 [WARNING] [MainThread] [root/open_meteo.py:906]: Error processing Open-Meteo data: Weather data is empty.
2026-04-25 13:14:25,323 [ERROR] [MainThread] [open_meteo/api.py:104]: No internet connection or host not found. Unable to fetch weather.
2026-04-25 13:14:25,323 [WARNING] [MainThread] [root/open_meteo.py:906]: Error processing Open-Meteo data: Weather data is empty.
2026-04-25 13:14:35,331 [ERROR] [MainThread] [open_meteo/api.py:104]: No internet connection or host not found. Unable to fetch weather.
2026-04-25 13:14:35,331 [WARNING] [MainThread] [root/open_meteo.py:906]: Error processing Open-Meteo data: Weather data is empty.
2026-04-25 13:14:45,340 [ERROR] [MainThread] [open_meteo/api.py:104]: No internet connection or host not found. Unable to fetch weather.
2026-04-25 13:14:45,340 [WARNING] [MainThread] [root/open_meteo.py:906]: Error processing Open-Meteo data: Weather data is empty.
2026-04-25 13:14:55,361 [ERROR] [MainThread] [open_meteo/api.py:104]: No internet connection or host not found. Unable to fetch weather.
2026-04-25 13:14:55,361 [WARNING] [MainThread] [root/open_meteo.py:906]: Error processing Open-Meteo data: Weather data is empty.
2026-04-25 13:15:05,358 [ERROR] [MainThread] [open_meteo/api.py:104]: No internet connection or host not found. Unable to fetch weather.
2026-04-25 13:15:05,358 [WARNING] [MainThread] [root/open_meteo.py:906]: Error processing Open-Meteo data: Weather data is empty.
2026-04-25 13:15:15,363 [ERROR] [MainThread] [open_meteo/api.py:104]: No internet connection or host not found. Unable to fetch weather.
2026-04-25 13:15:15,363 [WARNING] [MainThread] [root/open_meteo.py:906]: Error processing Open-Meteo data: Weather data is empty.
2026-04-25 13:15:25,358 [ERROR] [MainThread] [open_meteo/api.py:104]: No internet connection or host not found. Unable to fetch weather.
2026-04-25 13:15:25,358 [WARNING] [MainThread] [root/open_meteo.py:906]: Error processing Open-Meteo data: Weather data is empty.
2026-04-25 13:15:35,367 [ERROR] [MainThread] [open_meteo/api.py:104]: No internet connection or host not found. Unable to fetch weather.
2026-04-25 13:15:35,367 [WARNING] [MainThread] [root/open_meteo.py:906]: Error processing Open-Meteo data: Weather data is empty.
2026-04-25 13:15:45,363 [ERROR] [MainThread] [open_meteo/api.py:104]: No internet connection or host not found. Unable to fetch weather.
2026-04-25 13:15:45,364 [WARNING] [MainThread] [root/open_meteo.py:906]: Error processing Open-Meteo data: Weather data is empty.
2026-04-25 13:15:55,360 [ERROR] [MainThread] [open_meteo/api.py:104]: No internet connection or host not found. Unable to fetch weather.
2026-04-25 13:15:55,360 [WARNING] [MainThread] [root/open_meteo.py:906]: Error processing Open-Meteo data: Weather data is empty.
2026-04-25 13:16:05,367 [ERROR] [MainThread] [open_meteo/api.py:104]: No internet connection or host not found. Unable to fetch weather.
2026-04-25 13:16:05,367 [WARNING] [MainThread] [root/open_meteo.py:906]: Error processing Open-Meteo data: Weather data is empty.
2026-04-25 13:16:15,372 [ERROR] [MainThread] [open_meteo/api.py:104]: No internet connection or host not found. Unable to fetch weather.
2026-04-25 13:16:15,372 [WARNING] [MainThread] [root/open_meteo.py:906]: Error processing Open-Meteo data: Weather data is empty.
2026-04-25 13:16:25,392 [ERROR] [MainThread] [open_meteo/api.py:104]: No internet connection or host not found. Unable to fetch weather.
2026-04-25 13:16:25,392 [WARNING] [MainThread] [root/open_meteo.py:906]: Error processing Open-Meteo data: Weather data is empty.
2026-04-25 13:16:35,395 [ERROR] [MainThread] [open_meteo/api.py:104]: No internet connection or host not found. Unable to fetch weather.
2026-04-25 13:16:35,395 [WARNING] [MainThread] [root/open_meteo.py:906]: Error processing Open-Meteo data: Weather data is empty.
2026-04-25 13:16:45,393 [ERROR] [MainThread] [open_meteo/api.py:104]: No internet connection or host not found. Unable to fetch weather.
2026-04-25 13:16:45,394 [WARNING] [MainThread] [root/open_meteo.py:906]: Error processing Open-Meteo data: Weather data is empty.
2026-04-25 13:16:55,393 [ERROR] [MainThread] [open_meteo/api.py:104]: No internet connection or host not found. Unable to fetch weather.
2026-04-25 13:16:55,394 [WARNING] [MainThread] [root/open_meteo.py:906]: Error processing Open-Meteo data: Weather data is empty.
2026-04-25 13:17:05,401 [ERROR] [MainThread] [open_meteo/api.py:104]: No internet connection or host not found. Unable to fetch weather.
2026-04-25 13:17:05,402 [WARNING] [MainThread] [root/open_meteo.py:906]: Error processing Open-Meteo data: Weather data is empty.
2026-04-25 13:17:15,407 [ERROR] [MainThread] [open_meteo/api.py:104]: No internet connection or host not found. Unable to fetch weather.
2026-04-25 13:17:15,408 [WARNING] [MainThread] [root/open_meteo.py:906]: Error processing Open-Meteo data: Weather data is empty.
2026-04-25 13:17:25,404 [ERROR] [MainThread] [open_meteo/api.py:104]: No internet connection or host not found. Unable to fetch weather.
2026-04-25 13:17:25,404 [WARNING] [MainThread] [root/open_meteo.py:906]: Error processing Open-Meteo data: Weather data is empty.
2026-04-25 13:17:33,821 [ERROR] [MainThread] [open_meteo/api.py:104]: No internet connection or host not found. Unable to fetch weather.
2026-04-25 13:17:33,821 [WARNING] [MainThread] [root/open_meteo.py:906]: Error processing Open-Meteo data: Weather data is empty.
2026-04-25 13:17:35,406 [ERROR] [MainThread] [open_meteo/api.py:104]: No internet connection or host not found. Unable to fetch weather.
2026-04-25 13:17:35,406 [WARNING] [MainThread] [root/open_meteo.py:906]: Error processing Open-Meteo data: Weather data is empty.
2026-04-25 13:17:45,418 [ERROR] [MainThread] [open_meteo/api.py:104]: No internet connection or host not found. Unable to fetch weather.
2026-04-25 13:17:45,418 [WARNING] [MainThread] [root/open_meteo.py:906]: Error processing Open-Meteo data: Weather data is empty.
2026-04-25 13:17:55,433 [ERROR] [MainThread] [open_meteo/api.py:104]: No internet connection or host not found. Unable to fetch weather.
2026-04-25 13:17:55,433 [WARNING] [MainThread] [root/open_meteo.py:906]: Error processing Open-Meteo data: Weather data is empty.
2026-04-25 13:18:05,439 [ERROR] [MainThread] [open_meteo/api.py:104]: No internet connection or host not found. Unable to fetch weather.
2026-04-25 13:18:05,440 [WARNING] [MainThread] [root/open_meteo.py:906]: Error processing Open-Meteo data: Weather data is empty.
2026-04-25 13:18:15,438 [ERROR] [MainThread] [open_meteo/api.py:104]: No internet connection or host not found. Unable to fetch weather.
2026-04-25 13:18:15,439 [WARNING] [MainThread] [root/open_meteo.py:906]: Error processing Open-Meteo data: Weather data is empty.
2026-04-25 13:18:25,448 [ERROR] [MainThread] [open_meteo/api.py:104]: No internet connection or host not found. Unable to fetch weather.
2026-04-25 13:18:25,449 [WARNING] [MainThread] [root/open_meteo.py:906]: Error processing Open-Meteo data: Weather data is empty.
2026-04-25 13:18:35,481 [ERROR] [MainThread] [open_meteo/api.py:104]: No internet connection or host not found. Unable to fetch weather.
2026-04-25 13:18:35,481 [WARNING] [MainThread] [root/open_meteo.py:906]: Error processing Open-Meteo data: Weather data is empty.
2026-04-25 13:18:45,491 [ERROR] [MainThread] [open_meteo/api.py:104]: No internet connection or host not found. Unable to fetch weather.
2026-04-25 13:18:45,491 [WARNING] [MainThread] [root/open_meteo.py:906]: Error processing Open-Meteo data: Weather data is empty.
2026-04-25 13:18:55,487 [ERROR] [MainThread] [open_meteo/api.py:104]: No internet connection or host not found. Unable to fetch weather.
2026-04-25 13:18:55,487 [WARNING] [MainThread] [root/open_meteo.py:906]: Error processing Open-Meteo data: Weather data is empty.
2026-04-25 13:19:05,485 [ERROR] [MainThread] [open_meteo/api.py:104]: No internet connection or host not found. Unable to fetch weather.
2026-04-25 13:19:05,485 [WARNING] [MainThread] [root/open_meteo.py:906]: Error processing Open-Meteo data: Weather data is empty.
2026-04-25 13:19:15,489 [ERROR] [MainThread] [open_meteo/api.py:104]: No internet connection or host not found. Unable to fetch weather.
2026-04-25 13:19:15,489 [WARNING] [MainThread] [root/open_meteo.py:906]: Error processing Open-Meteo data: Weather data is empty.
2026-04-25 13:19:25,490 [ERROR] [MainThread] [open_meteo/api.py:104]: No internet connection or host not found. Unable to fetch weather.
2026-04-25 13:19:25,490 [WARNING] [MainThread] [root/open_meteo.py:906]: Error processing Open-Meteo data: Weather data is empty.
2026-04-25 13:19:35,485 [ERROR] [MainThread] [open_meteo/api.py:104]: No internet connection or host not found. Unable to fetch weather.
2026-04-25 13:19:35,485 [WARNING] [MainThread] [root/open_meteo.py:906]: Error processing Open-Meteo data: Weather data is empty.
2026-04-25 13:19:45,499 [ERROR] [MainThread] [open_meteo/api.py:104]: No internet connection or host not found. Unable to fetch weather.
2026-04-25 13:19:45,499 [WARNING] [MainThread] [root/open_meteo.py:906]: Error processing Open-Meteo data: Weather data is empty.
2026-04-25 13:19:55,526 [ERROR] [MainThread] [open_meteo/api.py:104]: No internet connection or host not found. Unable to fetch weather.
2026-04-25 13:19:55,526 [WARNING] [MainThread] [root/open_meteo.py:906]: Error processing Open-Meteo data: Weather data is empty.
2026-04-25 13:20:05,539 [ERROR] [MainThread] [open_meteo/api.py:104]: No internet connection or host not found. Unable to fetch weather.
2026-04-25 13:20:05,539 [WARNING] [MainThread] [root/open_meteo.py:906]: Error processing Open-Meteo data: Weather data is empty.
2026-04-25 13:20:15,532 [ERROR] [MainThread] [open_meteo/api.py:104]: No internet connection or host not found. Unable to fetch weather.
2026-04-25 13:20:15,532 [WARNING] [MainThread] [root/open_meteo.py:906]: Error processing Open-Meteo data: Weather data is empty.
2026-04-25 13:20:25,537 [ERROR] [MainThread] [open_meteo/api.py:104]: No internet connection or host not found. Unable to fetch weather.
2026-04-25 13:20:25,537 [WARNING] [MainThread] [root/open_meteo.py:906]: Error processing Open-Meteo data: Weather data is empty.
2026-04-25 13:20:35,542 [ERROR] [MainThread] [open_meteo/api.py:104]: No internet connection or host not found. Unable to fetch weather.
2026-04-25 13:20:35,542 [WARNING] [MainThread] [root/open_meteo.py:906]: Error processing Open-Meteo data: Weather data is empty.
2026-04-25 13:20:45,548 [ERROR] [MainThread] [open_meteo/api.py:104]: No internet connection or host not found. Unable to fetch weather.
2026-04-25 13:20:45,549 [WARNING] [MainThread] [root/open_meteo.py:906]: Error processing Open-Meteo data: Weather data is empty.
2026-04-25 13:20:55,548 [ERROR] [MainThread] [open_meteo/api.py:104]: No internet connection or host not found. Unable to fetch weather.
2026-04-25 13:20:55,548 [WARNING] [MainThread] [root/open_meteo.py:906]: Error processing Open-Meteo data: Weather data is empty.
2026-04-25 13:21:05,566 [ERROR] [MainThread] [open_meteo/api.py:104]: No internet connection or host not found. Unable to fetch weather.
2026-04-25 13:21:05,566 [WARNING] [MainThread] [root/open_meteo.py:906]: Error processing Open-Meteo data: Weather data is empty.
2026-04-25 13:21:15,572 [ERROR] [MainThread] [open_meteo/api.py:104]: No internet connection or host not found. Unable to fetch weather.
2026-04-25 13:21:15,572 [WARNING] [MainThread] [root/open_meteo.py:906]: Error processing Open-Meteo data: Weather data is empty.
2026-04-25 13:21:25,572 [ERROR] [MainThread] [open_meteo/api.py:104]: No internet connection or host not found. Unable to fetch weather.
2026-04-25 13:21:25,572 [WARNING] [MainThread] [root/open_meteo.py:906]: Error processing Open-Meteo data: Weather data is empty.
2026-04-25 13:21:35,564 [ERROR] [MainThread] [open_meteo/api.py:104]: No internet connection or host not found. Unable to fetch weather.
2026-04-25 13:21:35,564 [WARNING] [MainThread] [root/open_meteo.py:906]: Error processing Open-Meteo data: Weather data is empty.
2026-04-25 13:21:45,573 [ERROR] [MainThread] [open_meteo/api.py:104]: No internet connection or host not found. Unable to fetch weather.
2026-04-25 13:21:45,573 [WARNING] [MainThread] [root/open_meteo.py:906]: Error processing Open-Meteo data: Weather data is empty.
2026-04-25 13:21:55,590 [ERROR] [MainThread] [open_meteo/api.py:104]: No internet connection or host not found. Unable to fetch weather.
2026-04-25 13:21:55,590 [WARNING] [MainThread] [root/open_meteo.py:906]: Error processing Open-Meteo data: Weather data is empty.
2026-04-25 13:22:05,601 [ERROR] [MainThread] [open_meteo/api.py:104]: No internet connection or host not found. Unable to fetch weather.
2026-04-25 13:22:05,601 [WARNING] [MainThread] [root/open_meteo.py:906]: Error processing Open-Meteo data: Weather data is empty.
2026-04-25 13:22:15,598 [ERROR] [MainThread] [open_meteo/api.py:104]: No internet connection or host not found. Unable to fetch weather.
2026-04-25 13:22:15,598 [WARNING] [MainThread] [root/open_meteo.py:906]: Error processing Open-Meteo data: Weather data is empty.
2026-04-25 13:22:25,602 [ERROR] [MainThread] [open_meteo/api.py:104]: No internet connection or host not found. Unable to fetch weather.
2026-04-25 13:22:25,602 [WARNING] [MainThread] [root/open_meteo.py:906]: Error processing Open-Meteo data: Weather data is empty.
2026-04-25 13:22:35,597 [ERROR] [MainThread] [open_meteo/api.py:104]: No internet connection or host not found. Unable to fetch weather.
2026-04-25 13:22:35,597 [WARNING] [MainThread] [root/open_meteo.py:906]: Error processing Open-Meteo data: Weather data is empty.
2026-04-25 13:22:45,614 [ERROR] [MainThread] [open_meteo/api.py:104]: No internet connection or host not found. Unable to fetch weather.
2026-04-25 13:22:45,614 [WARNING] [MainThread] [root/open_meteo.py:906]: Error processing Open-Meteo data: Weather data is empty.
2026-04-25 13:22:55,611 [ERROR] [MainThread] [open_meteo/api.py:104]: No internet connection or host not found. Unable to fetch weather.
2026-04-25 13:22:55,611 [WARNING] [MainThread] [root/open_meteo.py:906]: Error processing Open-Meteo data: Weather data is empty.
2026-04-25 13:23:05,619 [ERROR] [MainThread] [open_meteo/api.py:104]: No internet connection or host not found. Unable to fetch weather.
2026-04-25 13:23:05,619 [WARNING] [MainThread] [root/open_meteo.py:906]: Error processing Open-Meteo data: Weather data is empty.
2026-04-25 13:23:15,608 [ERROR] [MainThread] [open_meteo/api.py:104]: No internet connection or host not found. Unable to fetch weather.
2026-04-25 13:23:15,608 [WARNING] [MainThread] [root/open_meteo.py:906]: Error processing Open-Meteo data: Weather data is empty.
2026-04-25 13:23:25,610 [ERROR] [MainThread] [open_meteo/api.py:104]: No internet connection or host not found. Unable to fetch weather.
2026-04-25 13:23:25,610 [WARNING] [MainThread] [root/open_meteo.py:906]: Error processing Open-Meteo data: Weather data is empty.
2026-04-25 13:23:35,619 [ERROR] [MainThread] [open_meteo/api.py:104]: No internet connection or host not found. Unable to fetch weather.
2026-04-25 13:23:35,619 [WARNING] [MainThread] [root/open_meteo.py:906]: Error processing Open-Meteo data: Weather data is empty.
2026-04-25 13:23:45,621 [ERROR] [MainThread] [open_meteo/api.py:104]: No internet connection or host not found. Unable to fetch weather.
2026-04-25 13:23:45,622 [WARNING] [MainThread] [root/open_meteo.py:906]: Error processing Open-Meteo data: Weather data is empty.
2026-04-25 13:23:55,629 [ERROR] [MainThread] [open_meteo/api.py:104]: No internet connection or host not found. Unable to fetch weather.
2026-04-25 13:23:55,629 [WARNING] [MainThread] [root/open_meteo.py:906]: Error processing Open-Meteo data: Weather data is empty.
2026-04-25 13:24:05,640 [ERROR] [MainThread] [open_meteo/api.py:104]: No internet connection or host not found. Unable to fetch weather.
2026-04-25 13:24:05,640 [WARNING] [MainThread] [root/open_meteo.py:906]: Error processing Open-Meteo data: Weather data is empty.
2026-04-25 13:24:15,639 [ERROR] [MainThread] [open_meteo/api.py:104]: No internet connection or host not found. Unable to fetch weather.
2026-04-25 13:24:15,639 [WARNING] [MainThread] [root/open_meteo.py:906]: Error processing Open-Meteo data: Weather data is empty.
2026-04-25 13:24:25,639 [ERROR] [MainThread] [open_meteo/api.py:104]: No internet connection or host not found. Unable to fetch weather.
2026-04-25 13:24:25,639 [WARNING] [MainThread] [root/open_meteo.py:906]: Error processing Open-Meteo data: Weather data is empty.
2026-04-25 13:24:35,641 [ERROR] [MainThread] [open_meteo/api.py:104]: No internet connection or host not found. Unable to fetch weather.
2026-04-25 13:24:35,641 [WARNING] [MainThread] [root/open_meteo.py:906]: Error processing Open-Meteo data: Weather data is empty.
2026-04-25 13:24:45,650 [ERROR] [MainThread] [open_meteo/api.py:104]: No internet connection or host not found. Unable to fetch weather.
2026-04-25 13:24:45,650 [WARNING] [MainThread] [root/open_meteo.py:906]: Error processing Open-Meteo data: Weather data is empty.
2026-04-25 13:24:55,642 [ERROR] [MainThread] [open_meteo/api.py:104]: No internet connection or host not found. Unable to fetch weather.
2026-04-25 13:24:55,642 [WARNING] [MainThread] [root/open_meteo.py:906]: Error processing Open-Meteo data: Weather data is empty.
2026-04-25 13:25:05,657 [ERROR] [MainThread] [open_meteo/api.py:104]: No internet connection or host not found. Unable to fetch weather.
2026-04-25 13:25:05,657 [WARNING] [MainThread] [root/open_meteo.py:906]: Error processing Open-Meteo data: Weather data is empty.
2026-04-25 13:25:15,655 [ERROR] [MainThread] [open_meteo/api.py:104]: No internet connection or host not found. Unable to fetch weather.
2026-04-25 13:25:15,655 [WARNING] [MainThread] [root/open_meteo.py:906]: Error processing Open-Meteo data: Weather data is empty.
2026-04-25 13:25:25,669 [ERROR] [MainThread] [open_meteo/api.py:104]: No internet connection or host not found. Unable to fetch weather.
2026-04-25 13:25:25,669 [WARNING] [MainThread] [root/open_meteo.py:906]: Error processing Open-Meteo data: Weather data is empty.
2026-04-25 13:25:35,694 [ERROR] [MainThread] [open_meteo/api.py:104]: No internet connection or host not found. Unable to fetch weather.
2026-04-25 13:25:35,694 [WARNING] [MainThread] [root/open_meteo.py:906]: Error processing Open-Meteo data: Weather data is empty.
2026-04-25 13:25:45,693 [ERROR] [MainThread] [open_meteo/api.py:104]: No internet connection or host not found. Unable to fetch weather.
2026-04-25 13:25:45,693 [WARNING] [MainThread] [root/open_meteo.py:906]: Error processing Open-Meteo data: Weather data is empty.
2026-04-25 13:25:55,690 [ERROR] [MainThread] [open_meteo/api.py:104]: No internet connection or host not found. Unable to fetch weather.
2026-04-25 13:25:55,691 [WARNING] [MainThread] [root/open_meteo.py:906]: Error processing Open-Meteo data: Weather data is empty.
2026-04-25 13:26:05,688 [ERROR] [MainThread] [open_meteo/api.py:104]: No internet connection or host not found. Unable to fetch weather.
2026-04-25 13:26:05,688 [WARNING] [MainThread] [root/open_meteo.py:906]: Error processing Open-Meteo data: Weather data is empty.
2026-04-25 13:26:15,690 [ERROR] [MainThread] [open_meteo/api.py:104]: No internet connection or host not found. Unable to fetch weather.
2026-04-25 13:26:15,690 [WARNING] [MainThread] [root/open_meteo.py:906]: Error processing Open-Meteo data: Weather data is empty.
2026-04-25 13:26:25,691 [ERROR] [MainThread] [open_meteo/api.py:104]: No internet connection or host not found. Unable to fetch weather.
2026-04-25 13:26:25,691 [WARNING] [MainThread] [root/open_meteo.py:906]: Error processing Open-Meteo data: Weather data is empty.
2026-04-25 13:26:35,695 [ERROR] [MainThread] [open_meteo/api.py:104]: No internet connection or host not found. Unable to fetch weather.
2026-04-25 13:26:35,695 [WARNING] [MainThread] [root/open_meteo.py:906]: Error processing Open-Meteo data: Weather data is empty.
2026-04-25 13:26:45,695 [ERROR] [MainThread] [open_meteo/api.py:104]: No internet connection or host not found. Unable to fetch weather.
2026-04-25 13:26:45,695 [WARNING] [MainThread] [root/open_meteo.py:906]: Error processing Open-Meteo data: Weather data is empty.
2026-04-25 13:26:55,693 [ERROR] [MainThread] [open_meteo/api.py:104]: No internet connection or host not found. Unable to fetch weather.
2026-04-25 13:26:55,693 [WARNING] [MainThread] [root/open_meteo.py:906]: Error processing Open-Meteo data: Weather data is empty.
2026-04-25 13:27:05,686 [ERROR] [MainThread] [open_meteo/api.py:104]: No internet connection or host not found. Unable to fetch weather.
2026-04-25 13:27:05,686 [WARNING] [MainThread] [root/open_meteo.py:906]: Error processing Open-Meteo data: Weather data is empty.
2026-04-25 13:27:15,691 [ERROR] [MainThread] [open_meteo/api.py:104]: No internet connection or host not found. Unable to fetch weather.
2026-04-25 13:27:15,691 [WARNING] [MainThread] [root/open_meteo.py:906]: Error processing Open-Meteo data: Weather data is empty.
2026-04-25 13:27:25,686 [ERROR] [MainThread] [open_meteo/api.py:104]: No internet connection or host not found. Unable to fetch weather.
2026-04-25 13:27:25,686 [WARNING] [MainThread] [root/open_meteo.py:906]: Error processing Open-Meteo data: Weather data is empty.
2026-04-25 13:27:33,824 [ERROR] [MainThread] [open_meteo/api.py:104]: No internet connection or host not found. Unable to fetch weather.
2026-04-25 13:27:33,824 [WARNING] [MainThread] [root/open_meteo.py:906]: Error processing Open-Meteo data: Weather data is empty.
2026-04-25 13:27:35,690 [ERROR] [MainThread] [open_meteo/api.py:104]: No internet connection or host not found. Unable to fetch weather.
2026-04-25 13:27:35,690 [WARNING] [MainThread] [root/open_meteo.py:906]: Error processing Open-Meteo data: Weather data is empty.
2026-04-25 13:27:45,691 [ERROR] [MainThread] [open_meteo/api.py:104]: No internet connection or host not found. Unable to fetch weather.
2026-04-25 13:27:45,691 [WARNING] [MainThread] [root/open_meteo.py:906]: Error processing Open-Meteo data: Weather data is empty.
2026-04-25 13:27:55,686 [ERROR] [MainThread] [open_meteo/api.py:104]: No internet connection or host not found. Unable to fetch weather.
2026-04-25 13:27:55,686 [WARNING] [MainThread] [root/open_meteo.py:906]: Error processing Open-Meteo data: Weather data is empty.
2026-04-25 13:28:05,692 [ERROR] [MainThread] [open_meteo/api.py:104]: No internet connection or host not found. Unable to fetch weather.
2026-04-25 13:28:05,692 [WARNING] [MainThread] [root/open_meteo.py:906]: Error processing Open-Meteo data: Weather data is empty.
2026-04-25 13:28:15,690 [ERROR] [MainThread] [open_meteo/api.py:104]: No internet connection or host not found. Unable to fetch weather.
2026-04-25 13:28:15,690 [WARNING] [MainThread] [root/open_meteo.py:906]: Error processing Open-Meteo data: Weather data is empty.
2026-04-25 13:28:25,688 [ERROR] [MainThread] [open_meteo/api.py:104]: No internet connection or host not found. Unable to fetch weather.
2026-04-25 13:28:25,688 [WARNING] [MainThread] [root/open_meteo.py:906]: Error processing Open-Meteo data: Weather data is empty.
2026-04-25 13:28:35,691 [ERROR] [MainThread] [open_meteo/api.py:104]: No internet connection or host not found. Unable to fetch weather.
2026-04-25 13:28:35,691 [WARNING] [MainThread] [root/open_meteo.py:906]: Error processing Open-Meteo data: Weather data is empty.
2026-04-25 13:28:45,699 [ERROR] [MainThread] [open_meteo/api.py:104]: No internet connection or host not found. Unable to fetch weather.
2026-04-25 13:28:45,699 [WARNING] [MainThread] [root/open_meteo.py:906]: Error processing Open-Meteo data: Weather data is empty.
2026-04-25 13:28:55,706 [ERROR] [MainThread] [open_meteo/api.py:104]: No internet connection or host not found. Unable to fetch weather.
2026-04-25 13:28:55,706 [WARNING] [MainThread] [root/open_meteo.py:906]: Error processing Open-Meteo data: Weather data is empty.
2026-04-25 13:29:05,705 [ERROR] [MainThread] [open_meteo/api.py:104]: No internet connection or host not found. Unable to fetch weather.
2026-04-25 13:29:05,705 [WARNING] [MainThread] [root/open_meteo.py:906]: Error processing Open-Meteo data: Weather data is empty.
2026-04-25 13:29:15,713 [ERROR] [MainThread] [open_meteo/api.py:104]: No internet connection or host not found. Unable to fetch weather.
2026-04-25 13:29:15,713 [WARNING] [MainThread] [root/open_meteo.py:906]: Error processing Open-Meteo data: Weather data is empty.
2026-04-25 13:29:25,717 [ERROR] [MainThread] [open_meteo/api.py:104]: No internet connection or host not found. Unable to fetch weather.
2026-04-25 13:29:25,717 [WARNING] [MainThread] [root/open_meteo.py:906]: Error processing Open-Meteo data: Weather data is empty.
2026-04-25 13:29:35,718 [ERROR] [MainThread] [open_meteo/api.py:104]: No internet connection or host not found. Unable to fetch weather.
2026-04-25 13:29:35,718 [WARNING] [MainThread] [root/open_meteo.py:906]: Error processing Open-Meteo data: Weather data is empty.
2026-04-25 13:29:45,727 [ERROR] [MainThread] [open_meteo/api.py:104]: No internet connection or host not found. Unable to fetch weather.
2026-04-25 13:29:45,727 [WARNING] [MainThread] [root/open_meteo.py:906]: Error processing Open-Meteo data: Weather data is empty.
2026-04-25 13:29:55,745 [ERROR] [MainThread] [open_meteo/api.py:104]: No internet connection or host not found. Unable to fetch weather.
2026-04-25 13:29:55,745 [WARNING] [MainThread] [root/open_meteo.py:906]: Error processing Open-Meteo data: Weather data is empty.
2026-04-25 13:30:05,751 [ERROR] [MainThread] [open_meteo/api.py:104]: No internet connection or host not found. Unable to fetch weather.
2026-04-25 13:30:05,751 [WARNING] [MainThread] [root/open_meteo.py:906]: Error processing Open-Meteo data: Weather data is empty.
2026-04-25 13:30:15,769 [ERROR] [MainThread] [open_meteo/api.py:104]: No internet connection or host not found. Unable to fetch weather.
2026-04-25 13:30:15,770 [WARNING] [MainThread] [root/open_meteo.py:906]: Error processing Open-Meteo data: Weather data is empty.
2026-04-25 13:30:25,772 [ERROR] [MainThread] [open_meteo/api.py:104]: No internet connection or host not found. Unable to fetch weather.
2026-04-25 13:30:25,772 [WARNING] [MainThread] [root/open_meteo.py:906]: Error processing Open-Meteo data: Weather data is empty.
2026-04-25 13:30:35,774 [ERROR] [MainThread] [open_meteo/api.py:104]: No internet connection or host not found. Unable to fetch weather.
2026-04-25 13:30:35,774 [WARNING] [MainThread] [root/open_meteo.py:906]: Error processing Open-Meteo data: Weather data is empty.
2026-04-25 13:30:45,772 [ERROR] [MainThread] [open_meteo/api.py:104]: No internet connection or host not found. Unable to fetch weather.
2026-04-25 13:30:45,772 [WARNING] [MainThread] [root/open_meteo.py:906]: Error processing Open-Meteo data: Weather data is empty.
2026-04-25 13:30:55,777 [ERROR] [MainThread] [open_meteo/api.py:104]: No internet connection or host not found. Unable to fetch weather.
2026-04-25 13:30:55,777 [WARNING] [MainThread] [root/open_meteo.py:906]: Error processing Open-Meteo data: Weather data is empty.
2026-04-25 13:31:05,784 [ERROR] [MainThread] [open_meteo/api.py:104]: No internet connection or host not found. Unable to fetch weather.
2026-04-25 13:31:05,784 [WARNING] [MainThread] [root/open_meteo.py:906]: Error processing Open-Meteo data: Weather data is empty.
2026-04-25 13:31:15,789 [ERROR] [MainThread] [open_meteo/api.py:104]: No internet connection or host not found. Unable to fetch weather.
2026-04-25 13:31:15,789 [WARNING] [MainThread] [root/open_meteo.py:906]: Error processing Open-Meteo data: Weather data is empty.
2026-04-25 13:31:25,782 [ERROR] [MainThread] [open_meteo/api.py:104]: No internet connection or host not found. Unable to fetch weather.
2026-04-25 13:31:25,782 [WARNING] [MainThread] [root/open_meteo.py:906]: Error processing Open-Meteo data: Weather data is empty.
2026-04-25 13:31:35,806 [ERROR] [MainThread] [open_meteo/api.py:104]: No internet connection or host not found. Unable to fetch weather.
2026-04-25 13:31:35,806 [WARNING] [MainThread] [root/open_meteo.py:906]: Error processing Open-Meteo data: Weather data is empty.
2026-04-25 13:31:45,797 [ERROR] [MainThread] [open_meteo/api.py:104]: No internet connection or host not found. Unable to fetch weather.
2026-04-25 13:31:45,797 [WARNING] [MainThread] [root/open_meteo.py:906]: Error processing Open-Meteo data: Weather data is empty.
2026-04-25 13:31:55,805 [ERROR] [MainThread] [open_meteo/api.py:104]: No internet connection or host not found. Unable to fetch weather.
2026-04-25 13:31:55,806 [WARNING] [MainThread] [root/open_meteo.py:906]: Error processing Open-Meteo data: Weather data is empty.
2026-04-25 13:32:05,798 [ERROR] [MainThread] [open_meteo/api.py:104]: No internet connection or host not found. Unable to fetch weather.
2026-04-25 13:32:05,798 [WARNING] [MainThread] [root/open_meteo.py:906]: Error processing Open-Meteo data: Weather data is empty.
2026-04-25 13:32:15,826 [ERROR] [MainThread] [open_meteo/api.py:104]: No internet connection or host not found. Unable to fetch weather.
2026-04-25 13:32:15,826 [WARNING] [MainThread] [root/open_meteo.py:906]: Error processing Open-Meteo data: Weather data is empty.
2026-04-25 13:32:25,826 [ERROR] [MainThread] [open_meteo/api.py:104]: No internet connection or host not found. Unable to fetch weather.
2026-04-25 13:32:25,826 [WARNING] [MainThread] [root/open_meteo.py:906]: Error processing Open-Meteo data: Weather data is empty.
2026-04-25 13:32:35,848 [ERROR] [MainThread] [open_meteo/api.py:104]: No internet connection or host not found. Unable to fetch weather.
2026-04-25 13:32:35,848 [WARNING] [MainThread] [root/open_meteo.py:906]: Error processing Open-Meteo data: Weather data is empty.
2026-04-25 13:32:45,855 [ERROR] [MainThread] [open_meteo/api.py:104]: No internet connection or host not found. Unable to fetch weather.
2026-04-25 13:32:45,856 [WARNING] [MainThread] [root/open_meteo.py:906]: Error processing Open-Meteo data: Weather data is empty.
2026-04-25 13:32:55,871 [ERROR] [MainThread] [open_meteo/api.py:104]: No internet connection or host not found. Unable to fetch weather.
2026-04-25 13:32:55,871 [WARNING] [MainThread] [root/open_meteo.py:906]: Error processing Open-Meteo data: Weather data is empty.
2026-04-25 13:33:05,891 [ERROR] [MainThread] [open_meteo/api.py:104]: No internet connection or host not found. Unable to fetch weather.
2026-04-25 13:33:05,891 [WARNING] [MainThread] [root/open_meteo.py:906]: Error processing Open-Meteo data: Weather data is empty.
2026-04-25 13:33:15,893 [ERROR] [MainThread] [open_meteo/api.py:104]: No internet connection or host not found. Unable to fetch weather.
2026-04-25 13:33:15,894 [WARNING] [MainThread] [root/open_meteo.py:906]: Error processing Open-Meteo data: Weather data is empty.
2026-04-25 13:33:25,900 [ERROR] [MainThread] [open_meteo/api.py:104]: No internet connection or host not found. Unable to fetch weather.
2026-04-25 13:33:25,900 [WARNING] [MainThread] [root/open_meteo.py:906]: Error processing Open-Meteo data: Weather data is empty.
2026-04-25 13:33:35,921 [ERROR] [MainThread] [open_meteo/api.py:104]: No internet connection or host not found. Unable to fetch weather.
2026-04-25 13:33:35,922 [WARNING] [MainThread] [root/open_meteo.py:906]: Error processing Open-Meteo data: Weather data is empty.
2026-04-25 13:33:45,939 [ERROR] [MainThread] [open_meteo/api.py:104]: No internet connection or host not found. Unable to fetch weather.
2026-04-25 13:33:45,939 [WARNING] [MainThread] [root/open_meteo.py:906]: Error processing Open-Meteo data: Weather data is empty.
2026-04-25 13:33:55,945 [ERROR] [MainThread] [open_meteo/api.py:104]: No internet connection or host not found. Unable to fetch weather.
2026-04-25 13:33:55,946 [WARNING] [MainThread] [root/open_meteo.py:906]: Error processing Open-Meteo data: Weather data is empty.
2026-04-25 13:34:05,944 [ERROR] [MainThread] [open_meteo/api.py:104]: No internet connection or host not found. Unable to fetch weather.
2026-04-25 13:34:05,944 [WARNING] [MainThread] [root/open_meteo.py:906]: Error processing Open-Meteo data: Weather data is empty.
2026-04-25 13:34:15,949 [ERROR] [MainThread] [open_meteo/api.py:104]: No internet connection or host not found. Unable to fetch weather.
2026-04-25 13:34:15,949 [WARNING] [MainThread] [root/open_meteo.py:906]: Error processing Open-Meteo data: Weather data is empty.
2026-04-25 13:34:25,960 [ERROR] [MainThread] [open_meteo/api.py:104]: No internet connection or host not found. Unable to fetch weather.
2026-04-25 13:34:25,960 [WARNING] [MainThread] [root/open_meteo.py:906]: Error processing Open-Meteo data: Weather data is empty.
2026-04-25 13:34:35,959 [ERROR] [MainThread] [open_meteo/api.py:104]: No internet connection or host not found. Unable to fetch weather.
2026-04-25 13:34:35,959 [WARNING] [MainThread] [root/open_meteo.py:906]: Error processing Open-Meteo data: Weather data is empty.
2026-04-25 13:34:45,956 [ERROR] [MainThread] [open_meteo/api.py:104]: No internet connection or host not found. Unable to fetch weather.
2026-04-25 13:34:45,957 [WARNING] [MainThread] [root/open_meteo.py:906]: Error processing Open-Meteo data: Weather data is empty.
2026-04-25 13:34:55,959 [ERROR] [MainThread] [open_meteo/api.py:104]: No internet connection or host not found. Unable to fetch weather.
2026-04-25 13:34:55,959 [WARNING] [MainThread] [root/open_meteo.py:906]: Error processing Open-Meteo data: Weather data is empty.
2026-04-25 13:35:05,966 [ERROR] [MainThread] [open_meteo/api.py:104]: No internet connection or host not found. Unable to fetch weather.
2026-04-25 13:35:05,966 [WARNING] [MainThread] [root/open_meteo.py:906]: Error processing Open-Meteo data: Weather data is empty.
2026-04-25 13:35:15,988 [ERROR] [MainThread] [open_meteo/api.py:104]: No internet connection or host not found. Unable to fetch weather.
2026-04-25 13:35:15,989 [WARNING] [MainThread] [root/open_meteo.py:906]: Error processing Open-Meteo data: Weather data is empty.
2026-04-25 13:35:25,987 [ERROR] [MainThread] [open_meteo/api.py:104]: No internet connection or host not found. Unable to fetch weather.
2026-04-25 13:35:25,987 [WARNING] [MainThread] [root/open_meteo.py:906]: Error processing Open-Meteo data: Weather data is empty.
2026-04-25 13:35:35,983 [ERROR] [MainThread] [open_meteo/api.py:104]: No internet connection or host not found. Unable to fetch weather.
2026-04-25 13:35:35,983 [WARNING] [MainThread] [root/open_meteo.py:906]: Error processing Open-Meteo data: Weather data is empty.
2026-04-25 13:35:45,984 [ERROR] [MainThread] [open_meteo/api.py:104]: No internet connection or host not found. Unable to fetch weather.
2026-04-25 13:35:45,984 [WARNING] [MainThread] [root/open_meteo.py:906]: Error processing Open-Meteo data: Weather data is empty.
2026-04-25 13:35:55,989 [ERROR] [MainThread] [open_meteo/api.py:104]: No internet connection or host not found. Unable to fetch weather.
2026-04-25 13:35:55,989 [WARNING] [MainThread] [root/open_meteo.py:906]: Error processing Open-Meteo data: Weather data is empty.
2026-04-25 13:36:05,997 [ERROR] [MainThread] [open_meteo/api.py:104]: No internet connection or host not found. Unable to fetch weather.
2026-04-25 13:36:05,997 [WARNING] [MainThread] [root/open_meteo.py:906]: Error processing Open-Meteo data: Weather data is empty.
2026-04-25 13:36:16,004 [ERROR] [MainThread] [open_meteo/api.py:104]: No internet connection or host not found. Unable to fetch weather.
2026-04-25 13:36:16,004 [WARNING] [MainThread] [root/open_meteo.py:906]: Error processing Open-Meteo data: Weather data is empty.
2026-04-25 13:36:26,022 [ERROR] [MainThread] [open_meteo/api.py:104]: No internet connection or host not found. Unable to fetch weather.
2026-04-25 13:36:26,022 [WARNING] [MainThread] [root/open_meteo.py:906]: Error processing Open-Meteo data: Weather data is empty.
2026-04-25 13:36:36,017 [ERROR] [MainThread] [open_meteo/api.py:104]: No internet connection or host not found. Unable to fetch weather.
2026-04-25 13:36:36,017 [WARNING] [MainThread] [root/open_meteo.py:906]: Error processing Open-Meteo data: Weather data is empty.
2026-04-25 13:36:46,021 [ERROR] [MainThread] [open_meteo/api.py:104]: No internet connection or host not found. Unable to fetch weather.
2026-04-25 13:36:46,021 [WARNING] [MainThread] [root/open_meteo.py:906]: Error processing Open-Meteo data: Weather data is empty.
2026-04-25 13:36:56,022 [ERROR] [MainThread] [open_meteo/api.py:104]: No internet connection or host not found. Unable to fetch weather.
2026-04-25 13:36:56,022 [WARNING] [MainThread] [root/open_meteo.py:906]: Error processing Open-Meteo data: Weather data is empty.
2026-04-25 13:37:06,025 [ERROR] [MainThread] [open_meteo/api.py:104]: No internet connection or host not found. Unable to fetch weather.
2026-04-25 13:37:06,025 [WARNING] [MainThread] [root/open_meteo.py:906]: Error processing Open-Meteo data: Weather data is empty.
2026-04-25 13:37:16,059 [ERROR] [MainThread] [open_meteo/api.py:104]: No internet connection or host not found. Unable to fetch weather.
2026-04-25 13:37:16,059 [WARNING] [MainThread] [root/open_meteo.py:906]: Error processing Open-Meteo data: Weather data is empty.
2026-04-25 13:37:26,074 [ERROR] [MainThread] [open_meteo/api.py:104]: No internet connection or host not found. Unable to fetch weather.
2026-04-25 13:37:26,074 [WARNING] [MainThread] [root/open_meteo.py:906]: Error processing Open-Meteo data: Weather data is empty.
2026-04-25 13:37:33,822 [ERROR] [MainThread] [open_meteo/api.py:104]: No internet connection or host not found. Unable to fetch weather.
2026-04-25 13:37:33,822 [WARNING] [MainThread] [root/open_meteo.py:906]: Error processing Open-Meteo data: Weather data is empty.
2026-04-25 13:37:36,091 [ERROR] [MainThread] [open_meteo/api.py:104]: No internet connection or host not found. Unable to fetch weather.
2026-04-25 13:37:36,091 [WARNING] [MainThread] [root/open_meteo.py:906]: Error processing Open-Meteo data: Weather data is empty.
2026-04-25 13:37:46,113 [ERROR] [MainThread] [open_meteo/api.py:104]: No internet connection or host not found. Unable to fetch weather.
2026-04-25 13:37:46,113 [WARNING] [MainThread] [root/open_meteo.py:906]: Error processing Open-Meteo data: Weather data is empty.
2026-04-25 13:37:56,111 [ERROR] [MainThread] [open_meteo/api.py:104]: No internet connection or host not found. Unable to fetch weather.
2026-04-25 13:37:56,111 [WARNING] [MainThread] [root/open_meteo.py:906]: Error processing Open-Meteo data: Weather data is empty.
2026-04-25 13:38:06,121 [ERROR] [MainThread] [open_meteo/api.py:104]: No internet connection or host not found. Unable to fetch weather.
2026-04-25 13:38:06,122 [WARNING] [MainThread] [root/open_meteo.py:906]: Error processing Open-Meteo data: Weather data is empty.
2026-04-25 13:38:16,135 [ERROR] [MainThread] [open_meteo/api.py:104]: No internet connection or host not found. Unable to fetch weather.
2026-04-25 13:38:16,135 [WARNING] [MainThread] [root/open_meteo.py:906]: Error processing Open-Meteo data: Weather data is empty.
2026-04-25 13:38:26,167 [ERROR] [MainThread] [open_meteo/api.py:104]: No internet connection or host not found. Unable to fetch weather.
2026-04-25 13:38:26,167 [WARNING] [MainThread] [root/open_meteo.py:906]: Error processing Open-Meteo data: Weather data is empty.
2026-04-25 13:38:36,173 [ERROR] [MainThread] [open_meteo/api.py:104]: No internet connection or host not found. Unable to fetch weather.
2026-04-25 13:38:36,173 [WARNING] [MainThread] [root/open_meteo.py:906]: Error processing Open-Meteo data: Weather data is empty.
2026-04-25 13:38:46,186 [ERROR] [MainThread] [open_meteo/api.py:104]: No internet connection or host not found. Unable to fetch weather.
2026-04-25 13:38:46,186 [WARNING] [MainThread] [root/open_meteo.py:906]: Error processing Open-Meteo data: Weather data is empty.
2026-04-25 13:38:56,196 [ERROR] [MainThread] [open_meteo/api.py:104]: No internet connection or host not found. Unable to fetch weather.
2026-04-25 13:38:56,196 [WARNING] [MainThread] [root/open_meteo.py:906]: Error processing Open-Meteo data: Weather data is empty.
2026-04-25 13:39:06,193 [ERROR] [MainThread] [open_meteo/api.py:104]: No internet connection or host not found. Unable to fetch weather.
2026-04-25 13:39:06,193 [WARNING] [MainThread] [root/open_meteo.py:906]: Error processing Open-Meteo data: Weather data is empty.
2026-04-25 13:39:16,186 [ERROR] [MainThread] [open_meteo/api.py:104]: No internet connection or host not found. Unable to fetch weather.
2026-04-25 13:39:16,186 [WARNING] [MainThread] [root/open_meteo.py:906]: Error processing Open-Meteo data: Weather data is empty.
2026-04-25 13:39:26,198 [ERROR] [MainThread] [open_meteo/api.py:104]: No internet connection or host not found. Unable to fetch weather.
2026-04-25 13:39:26,198 [WARNING] [MainThread] [root/open_meteo.py:906]: Error processing Open-Meteo data: Weather data is empty.
2026-04-25 13:39:36,208 [ERROR] [MainThread] [open_meteo/api.py:104]: No internet connection or host not found. Unable to fetch weather.
2026-04-25 13:39:36,208 [WARNING] [MainThread] [root/open_meteo.py:906]: Error processing Open-Meteo data: Weather data is empty.
2026-04-25 13:39:46,210 [ERROR] [MainThread] [open_meteo/api.py:104]: No internet connection or host not found. Unable to fetch weather.
2026-04-25 13:39:46,210 [WARNING] [MainThread] [root/open_meteo.py:906]: Error processing Open-Meteo data: Weather data is empty.
2026-04-25 13:39:56,213 [ERROR] [MainThread] [open_meteo/api.py:104]: No internet connection or host not found. Unable to fetch weather.
2026-04-25 13:39:56,213 [WARNING] [MainThread] [root/open_meteo.py:906]: Error processing Open-Meteo data: Weather data is empty.
2026-04-25 13:40:06,227 [ERROR] [MainThread] [open_meteo/api.py:104]: No internet connection or host not found. Unable to fetch weather.
2026-04-25 13:40:06,227 [WARNING] [MainThread] [root/open_meteo.py:906]: Error processing Open-Meteo data: Weather data is empty.
2026-04-25 13:40:16,232 [ERROR] [MainThread] [open_meteo/api.py:104]: No internet connection or host not found. Unable to fetch weather.
2026-04-25 13:40:16,232 [WARNING] [MainThread] [root/open_meteo.py:906]: Error processing Open-Meteo data: Weather data is empty.
2026-04-25 13:40:26,234 [ERROR] [MainThread] [open_meteo/api.py:104]: No internet connection or host not found. Unable to fetch weather.
2026-04-25 13:40:26,234 [WARNING] [MainThread] [root/open_meteo.py:906]: Error processing Open-Meteo data: Weather data is empty.
2026-04-25 13:40:36,236 [ERROR] [MainThread] [open_meteo/api.py:104]: No internet connection or host not found. Unable to fetch weather.
2026-04-25 13:40:36,237 [WARNING] [MainThread] [root/open_meteo.py:906]: Error processing Open-Meteo data: Weather data is empty.
2026-04-25 13:40:46,235 [ERROR] [MainThread] [open_meteo/api.py:104]: No internet connection or host not found. Unable to fetch weather.
2026-04-25 13:40:46,235 [WARNING] [MainThread] [root/open_meteo.py:906]: Error processing Open-Meteo data: Weather data is empty.
2026-04-25 13:40:56,245 [ERROR] [MainThread] [open_meteo/api.py:104]: No internet connection or host not found. Unable to fetch weather.
2026-04-25 13:40:56,245 [WARNING] [MainThread] [root/open_meteo.py:906]: Error processing Open-Meteo data: Weather data is empty.
2026-04-25 13:41:06,252 [ERROR] [MainThread] [open_meteo/api.py:104]: No internet connection or host not found. Unable to fetch weather.
2026-04-25 13:41:06,252 [WARNING] [MainThread] [root/open_meteo.py:906]: Error processing Open-Meteo data: Weather data is empty.
2026-04-25 13:41:16,263 [ERROR] [MainThread] [open_meteo/api.py:104]: No internet connection or host not found. Unable to fetch weather.
2026-04-25 13:41:16,264 [WARNING] [MainThread] [root/open_meteo.py:906]: Error processing Open-Meteo data: Weather data is empty.
2026-04-25 13:41:26,282 [ERROR] [MainThread] [open_meteo/api.py:104]: No internet connection or host not found. Unable to fetch weather.
2026-04-25 13:41:26,282 [WARNING] [MainThread] [root/open_meteo.py:906]: Error processing Open-Meteo data: Weather data is empty.
2026-04-25 13:41:36,301 [ERROR] [MainThread] [open_meteo/api.py:104]: No internet connection or host not found. Unable to fetch weather.
2026-04-25 13:41:36,301 [WARNING] [MainThread] [root/open_meteo.py:906]: Error processing Open-Meteo data: Weather data is empty.
2026-04-25 13:41:46,301 [ERROR] [MainThread] [open_meteo/api.py:104]: No internet connection or host not found. Unable to fetch weather.
2026-04-25 13:41:46,302 [WARNING] [MainThread] [root/open_meteo.py:906]: Error processing Open-Meteo data: Weather data is empty.
2026-04-25 13:41:56,312 [ERROR] [MainThread] [open_meteo/api.py:104]: No internet connection or host not found. Unable to fetch weather.
2026-04-25 13:41:56,312 [WARNING] [MainThread] [root/open_meteo.py:906]: Error processing Open-Meteo data: Weather data is empty.
2026-04-25 13:42:06,324 [ERROR] [MainThread] [open_meteo/api.py:104]: No internet connection or host not found. Unable to fetch weather.
2026-04-25 13:42:06,324 [WARNING] [MainThread] [root/open_meteo.py:906]: Error processing Open-Meteo data: Weather data is empty.
2026-04-25 13:42:16,335 [ERROR] [MainThread] [open_meteo/api.py:104]: No internet connection or host not found. Unable to fetch weather.
2026-04-25 13:42:16,335 [WARNING] [MainThread] [root/open_meteo.py:906]: Error processing Open-Meteo data: Weather data is empty.
2026-04-25 13:42:26,335 [ERROR] [MainThread] [open_meteo/api.py:104]: No internet connection or host not found. Unable to fetch weather.
2026-04-25 13:42:26,335 [WARNING] [MainThread] [root/open_meteo.py:906]: Error processing Open-Meteo data: Weather data is empty.
2026-04-25 13:42:36,337 [ERROR] [MainThread] [open_meteo/api.py:104]: No internet connection or host not found. Unable to fetch weather.
2026-04-25 13:42:36,337 [WARNING] [MainThread] [root/open_meteo.py:906]: Error processing Open-Meteo data: Weather data is empty.
2026-04-25 13:42:46,346 [ERROR] [MainThread] [open_meteo/api.py:104]: No internet connection or host not found. Unable to fetch weather.
2026-04-25 13:42:46,346 [WARNING] [MainThread] [root/open_meteo.py:906]: Error processing Open-Meteo data: Weather data is empty.
2026-04-25 13:42:56,354 [ERROR] [MainThread] [open_meteo/api.py:104]: No internet connection or host not found. Unable to fetch weather.
2026-04-25 13:42:56,354 [WARNING] [MainThread] [root/open_meteo.py:906]: Error processing Open-Meteo data: Weather data is empty.
2026-04-25 13:43:06,361 [ERROR] [MainThread] [open_meteo/api.py:104]: No internet connection or host not found. Unable to fetch weather.
2026-04-25 13:43:06,362 [WARNING] [MainThread] [root/open_meteo.py:906]: Error processing Open-Meteo data: Weather data is empty.
2026-04-25 13:43:16,369 [ERROR] [MainThread] [open_meteo/api.py:104]: No internet connection or host not found. Unable to fetch weather.
2026-04-25 13:43:16,370 [WARNING] [MainThread] [root/open_meteo.py:906]: Error processing Open-Meteo data: Weather data is empty.
2026-04-25 13:43:26,376 [ERROR] [MainThread] [open_meteo/api.py:104]: No internet connection or host not found. Unable to fetch weather.
2026-04-25 13:43:26,376 [WARNING] [MainThread] [root/open_meteo.py:906]: Error processing Open-Meteo data: Weather data is empty.
2026-04-25 13:43:36,398 [ERROR] [MainThread] [open_meteo/api.py:104]: No internet connection or host not found. Unable to fetch weather.
2026-04-25 13:43:36,398 [WARNING] [MainThread] [root/open_meteo.py:906]: Error processing Open-Meteo data: Weather data is empty.
2026-04-25 13:43:46,393 [ERROR] [MainThread] [open_meteo/api.py:104]: No internet connection or host not found. Unable to fetch weather.
2026-04-25 13:43:46,394 [WARNING] [MainThread] [root/open_meteo.py:906]: Error processing Open-Meteo data: Weather data is empty.
2026-04-25 13:43:56,395 [ERROR] [MainThread] [open_meteo/api.py:104]: No internet connection or host not found. Unable to fetch weather.
2026-04-25 13:43:56,395 [WARNING] [MainThread] [root/open_meteo.py:906]: Error processing Open-Meteo data: Weather data is empty.
2026-04-25 13:44:06,406 [ERROR] [MainThread] [open_meteo/api.py:104]: No internet connection or host not found. Unable to fetch weather.
2026-04-25 13:44:06,406 [WARNING] [MainThread] [root/open_meteo.py:906]: Error processing Open-Meteo data: Weather data is empty.
2026-04-25 13:44:16,418 [ERROR] [MainThread] [open_meteo/api.py:104]: No internet connection or host not found. Unable to fetch weather.
2026-04-25 13:44:16,419 [WARNING] [MainThread] [root/open_meteo.py:906]: Error processing Open-Meteo data: Weather data is empty.
2026-04-25 13:44:26,431 [ERROR] [MainThread] [open_meteo/api.py:104]: No internet connection or host not found. Unable to fetch weather.
2026-04-25 13:44:26,431 [WARNING] [MainThread] [root/open_meteo.py:906]: Error processing Open-Meteo data: Weather data is empty.
2026-04-25 13:44:36,440 [ERROR] [MainThread] [open_meteo/api.py:104]: No internet connection or host not found. Unable to fetch weather.
2026-04-25 13:44:36,440 [WARNING] [MainThread] [root/open_meteo.py:906]: Error processing Open-Meteo data: Weather data is empty.
2026-04-25 13:44:46,448 [ERROR] [MainThread] [open_meteo/api.py:104]: No internet connection or host not found. Unable to fetch weather.
2026-04-25 13:44:46,448 [WARNING] [MainThread] [root/open_meteo.py:906]: Error processing Open-Meteo data: Weather data is empty.
2026-04-25 13:44:56,479 [ERROR] [MainThread] [open_meteo/api.py:104]: No internet connection or host not found. Unable to fetch weather.
2026-04-25 13:44:56,479 [WARNING] [MainThread] [root/open_meteo.py:906]: Error processing Open-Meteo data: Weather data is empty.
2026-04-25 13:45:06,490 [ERROR] [MainThread] [open_meteo/api.py:104]: No internet connection or host not found. Unable to fetch weather.
2026-04-25 13:45:06,490 [WARNING] [MainThread] [root/open_meteo.py:906]: Error processing Open-Meteo data: Weather data is empty.
2026-04-25 13:45:16,493 [ERROR] [MainThread] [open_meteo/api.py:104]: No internet connection or host not found. Unable to fetch weather.
2026-04-25 13:45:16,493 [WARNING] [MainThread] [root/open_meteo.py:906]: Error processing Open-Meteo data: Weather data is empty.
2026-04-25 13:45:26,482 [ERROR] [MainThread] [open_meteo/api.py:104]: No internet connection or host not found. Unable to fetch weather.
2026-04-25 13:45:26,483 [WARNING] [MainThread] [root/open_meteo.py:906]: Error processing Open-Meteo data: Weather data is empty.
2026-04-25 13:45:36,494 [ERROR] [MainThread] [open_meteo/api.py:104]: No internet connection or host not found. Unable to fetch weather.
2026-04-25 13:45:36,494 [WARNING] [MainThread] [root/open_meteo.py:906]: Error processing Open-Meteo data: Weather data is empty.
2026-04-25 13:45:46,504 [ERROR] [MainThread] [open_meteo/api.py:104]: No internet connection or host not found. Unable to fetch weather.
2026-04-25 13:45:46,504 [WARNING] [MainThread] [root/open_meteo.py:906]: Error processing Open-Meteo data: Weather data is empty.
2026-04-25 13:45:56,512 [ERROR] [MainThread] [open_meteo/api.py:104]: No internet connection or host not found. Unable to fetch weather.
2026-04-25 13:45:56,512 [WARNING] [MainThread] [root/open_meteo.py:906]: Error processing Open-Meteo data: Weather data is empty.
2026-04-25 13:46:06,531 [ERROR] [MainThread] [open_meteo/api.py:104]: No internet connection or host not found. Unable to fetch weather.
2026-04-25 13:46:06,531 [WARNING] [MainThread] [root/open_meteo.py:906]: Error processing Open-Meteo data: Weather data is empty.
2026-04-25 13:46:16,536 [ERROR] [MainThread] [open_meteo/api.py:104]: No internet connection or host not found. Unable to fetch weather.
2026-04-25 13:46:16,536 [WARNING] [MainThread] [root/open_meteo.py:906]: Error processing Open-Meteo data: Weather data is empty.
2026-04-25 13:46:26,538 [ERROR] [MainThread] [open_meteo/api.py:104]: No internet connection or host not found. Unable to fetch weather.
2026-04-25 13:46:26,538 [WARNING] [MainThread] [root/open_meteo.py:906]: Error processing Open-Meteo data: Weather data is empty.
2026-04-25 13:46:36,559 [ERROR] [MainThread] [open_meteo/api.py:104]: No internet connection or host not found. Unable to fetch weather.
2026-04-25 13:46:36,559 [WARNING] [MainThread] [root/open_meteo.py:906]: Error processing Open-Meteo data: Weather data is empty.
2026-04-25 13:46:46,569 [ERROR] [MainThread] [open_meteo/api.py:104]: No internet connection or host not found. Unable to fetch weather.
2026-04-25 13:46:46,569 [WARNING] [MainThread] [root/open_meteo.py:906]: Error processing Open-Meteo data: Weather data is empty.
2026-04-25 13:46:56,573 [ERROR] [MainThread] [open_meteo/api.py:104]: No internet connection or host not found. Unable to fetch weather.
2026-04-25 13:46:56,573 [WARNING] [MainThread] [root/open_meteo.py:906]: Error processing Open-Meteo data: Weather data is empty.
2026-04-25 13:47:06,602 [ERROR] [MainThread] [open_meteo/api.py:104]: No internet connection or host not found. Unable to fetch weather.
2026-04-25 13:47:06,602 [WARNING] [MainThread] [root/open_meteo.py:906]: Error processing Open-Meteo data: Weather data is empty.
2026-04-25 13:47:16,601 [ERROR] [MainThread] [open_meteo/api.py:104]: No internet connection or host not found. Unable to fetch weather.
2026-04-25 13:47:16,601 [WARNING] [MainThread] [root/open_meteo.py:906]: Error processing Open-Meteo data: Weather data is empty.
2026-04-25 13:47:26,595 [ERROR] [MainThread] [open_meteo/api.py:104]: No internet connection or host not found. Unable to fetch weather.
2026-04-25 13:47:26,595 [WARNING] [MainThread] [root/open_meteo.py:906]: Error processing Open-Meteo data: Weather data is empty.
2026-04-25 13:47:33,818 [ERROR] [MainThread] [open_meteo/api.py:104]: No internet connection or host not found. Unable to fetch weather.
2026-04-25 13:47:33,818 [WARNING] [MainThread] [root/open_meteo.py:906]: Error processing Open-Meteo data: Weather data is empty.
2026-04-25 13:47:36,605 [ERROR] [MainThread] [open_meteo/api.py:104]: No internet connection or host not found. Unable to fetch weather.
2026-04-25 13:47:36,605 [WARNING] [MainThread] [root/open_meteo.py:906]: Error processing Open-Meteo data: Weather data is empty.
2026-04-25 13:47:46,615 [ERROR] [MainThread] [open_meteo/api.py:104]: No internet connection or host not found. Unable to fetch weather.
2026-04-25 13:47:46,615 [WARNING] [MainThread] [root/open_meteo.py:906]: Error processing Open-Meteo data: Weather data is empty.
2026-04-25 13:47:56,619 [ERROR] [MainThread] [open_meteo/api.py:104]: No internet connection or host not found. Unable to fetch weather.
2026-04-25 13:47:56,619 [WARNING] [MainThread] [root/open_meteo.py:906]: Error processing Open-Meteo data: Weather data is empty.
2026-04-25 13:48:06,635 [ERROR] [MainThread] [open_meteo/api.py:104]: No internet connection or host not found. Unable to fetch weather.
2026-04-25 13:48:06,635 [WARNING] [MainThread] [root/open_meteo.py:906]: Error processing Open-Meteo data: Weather data is empty.
2026-04-25 13:48:16,646 [ERROR] [MainThread] [open_meteo/api.py:104]: No internet connection or host not found. Unable to fetch weather.
2026-04-25 13:48:16,647 [WARNING] [MainThread] [root/open_meteo.py:906]: Error processing Open-Meteo data: Weather data is empty.
2026-04-25 13:48:26,651 [ERROR] [MainThread] [open_meteo/api.py:104]: No internet connection or host not found. Unable to fetch weather.
2026-04-25 13:48:26,651 [WARNING] [MainThread] [root/open_meteo.py:906]: Error processing Open-Meteo data: Weather data is empty.
2026-04-25 13:48:36,681 [ERROR] [MainThread] [open_meteo/api.py:104]: No internet connection or host not found. Unable to fetch weather.
2026-04-25 13:48:36,681 [WARNING] [MainThread] [root/open_meteo.py:906]: Error processing Open-Meteo data: Weather data is empty.
2026-04-25 13:48:46,677 [ERROR] [MainThread] [open_meteo/api.py:104]: No internet connection or host not found. Unable to fetch weather.
2026-04-25 13:48:46,677 [WARNING] [MainThread] [root/open_meteo.py:906]: Error processing Open-Meteo data: Weather data is empty.
2026-04-25 13:48:56,681 [ERROR] [MainThread] [open_meteo/api.py:104]: No internet connection or host not found. Unable to fetch weather.
2026-04-25 13:48:56,682 [WARNING] [MainThread] [root/open_meteo.py:906]: Error processing Open-Meteo data: Weather data is empty.
2026-04-25 13:49:06,686 [ERROR] [MainThread] [open_meteo/api.py:104]: No internet connection or host not found. Unable to fetch weather.
2026-04-25 13:49:06,686 [WARNING] [MainThread] [root/open_meteo.py:906]: Error processing Open-Meteo data: Weather data is empty.
2026-04-25 13:49:16,693 [ERROR] [MainThread] [open_meteo/api.py:104]: No internet connection or host not found. Unable to fetch weather.
2026-04-25 13:49:16,693 [WARNING] [MainThread] [root/open_meteo.py:906]: Error processing Open-Meteo data: Weather data is empty.
2026-04-25 13:49:26,688 [ERROR] [MainThread] [open_meteo/api.py:104]: No internet connection or host not found. Unable to fetch weather.
2026-04-25 13:49:26,688 [WARNING] [MainThread] [root/open_meteo.py:906]: Error processing Open-Meteo data: Weather data is empty.
2026-04-25 13:49:36,695 [ERROR] [MainThread] [open_meteo/api.py:104]: No internet connection or host not found. Unable to fetch weather.
2026-04-25 13:49:36,695 [WARNING] [MainThread] [root/open_meteo.py:906]: Error processing Open-Meteo data: Weather data is empty.
2026-04-25 13:49:46,691 [ERROR] [MainThread] [open_meteo/api.py:104]: No internet connection or host not found. Unable to fetch weather.
2026-04-25 13:49:46,691 [WARNING] [MainThread] [root/open_meteo.py:906]: Error processing Open-Meteo data: Weather data is empty.
2026-04-25 13:49:56,689 [ERROR] [MainThread] [open_meteo/api.py:104]: No internet connection or host not found. Unable to fetch weather.
2026-04-25 13:49:56,689 [WARNING] [MainThread] [root/open_meteo.py:906]: Error processing Open-Meteo data: Weather data is empty.
2026-04-25 13:50:06,701 [ERROR] [MainThread] [open_meteo/api.py:104]: No internet connection or host not found. Unable to fetch weather.
2026-04-25 13:50:06,702 [WARNING] [MainThread] [root/open_meteo.py:906]: Error processing Open-Meteo data: Weather data is empty.
2026-04-25 13:50:16,701 [ERROR] [MainThread] [open_meteo/api.py:104]: No internet connection or host not found. Unable to fetch weather.
2026-04-25 13:50:16,701 [WARNING] [MainThread] [root/open_meteo.py:906]: Error processing Open-Meteo data: Weather data is empty.
2026-04-25 13:50:26,704 [ERROR] [MainThread] [open_meteo/api.py:104]: No internet connection or host not found. Unable to fetch weather.
2026-04-25 13:50:26,704 [WARNING] [MainThread] [root/open_meteo.py:906]: Error processing Open-Meteo data: Weather data is empty.
2026-04-25 13:50:36,730 [ERROR] [MainThread] [open_meteo/api.py:104]: No internet connection or host not found. Unable to fetch weather.
2026-04-25 13:50:36,731 [WARNING] [MainThread] [root/open_meteo.py:906]: Error processing Open-Meteo data: Weather data is empty.
2026-04-25 13:50:46,738 [ERROR] [MainThread] [open_meteo/api.py:104]: No internet connection or host not found. Unable to fetch weather.
2026-04-25 13:50:46,738 [WARNING] [MainThread] [root/open_meteo.py:906]: Error processing Open-Meteo data: Weather data is empty.
2026-04-25 13:50:56,739 [ERROR] [MainThread] [open_meteo/api.py:104]: No internet connection or host not found. Unable to fetch weather.
2026-04-25 13:50:56,740 [WARNING] [MainThread] [root/open_meteo.py:906]: Error processing Open-Meteo data: Weather data is empty.
2026-04-25 13:51:06,744 [ERROR] [MainThread] [open_meteo/api.py:104]: No internet connection or host not found. Unable to fetch weather.
2026-04-25 13:51:06,744 [WARNING] [MainThread] [root/open_meteo.py:906]: Error processing Open-Meteo data: Weather data is empty.
2026-04-25 13:51:16,776 [ERROR] [MainThread] [open_meteo/api.py:104]: No internet connection or host not found. Unable to fetch weather.
2026-04-25 13:51:16,776 [WARNING] [MainThread] [root/open_meteo.py:906]: Error processing Open-Meteo data: Weather data is empty.
2026-04-25 13:51:26,791 [ERROR] [MainThread] [open_meteo/api.py:104]: No internet connection or host not found. Unable to fetch weather.
2026-04-25 13:51:26,792 [WARNING] [MainThread] [root/open_meteo.py:906]: Error processing Open-Meteo data: Weather data is empty.
2026-04-25 13:51:36,809 [ERROR] [MainThread] [open_meteo/api.py:104]: No internet connection or host not found. Unable to fetch weather.
2026-04-25 13:51:36,809 [WARNING] [MainThread] [root/open_meteo.py:906]: Error processing Open-Meteo data: Weather data is empty.
2026-04-25 13:51:46,825 [ERROR] [MainThread] [open_meteo/api.py:104]: No internet connection or host not found. Unable to fetch weather.
2026-04-25 13:51:46,826 [WARNING] [MainThread] [root/open_meteo.py:906]: Error processing Open-Meteo data: Weather data is empty.
2026-04-25 13:51:56,831 [ERROR] [MainThread] [open_meteo/api.py:104]: No internet connection or host not found. Unable to fetch weather.
2026-04-25 13:51:56,831 [WARNING] [MainThread] [root/open_meteo.py:906]: Error processing Open-Meteo data: Weather data is empty.
2026-04-25 13:52:06,827 [ERROR] [MainThread] [open_meteo/api.py:104]: No internet connection or host not found. Unable to fetch weather.
2026-04-25 13:52:06,827 [WARNING] [MainThread] [root/open_meteo.py:906]: Error processing Open-Meteo data: Weather data is empty.
2026-04-25 13:52:16,838 [ERROR] [MainThread] [open_meteo/api.py:104]: No internet connection or host not found. Unable to fetch weather.
2026-04-25 13:52:16,838 [WARNING] [MainThread] [root/open_meteo.py:906]: Error processing Open-Meteo data: Weather data is empty.
2026-04-25 13:52:26,847 [ERROR] [MainThread] [open_meteo/api.py:104]: No internet connection or host not found. Unable to fetch weather.
2026-04-25 13:52:26,847 [WARNING] [MainThread] [root/open_meteo.py:906]: Error processing Open-Meteo data: Weather data is empty.
2026-04-25 13:52:36,853 [ERROR] [MainThread] [open_meteo/api.py:104]: No internet connection or host not found. Unable to fetch weather.
2026-04-25 13:52:36,853 [WARNING] [MainThread] [root/open_meteo.py:906]: Error processing Open-Meteo data: Weather data is empty.
2026-04-25 13:52:46,862 [ERROR] [MainThread] [open_meteo/api.py:104]: No internet connection or host not found. Unable to fetch weather.
2026-04-25 13:52:46,862 [WARNING] [MainThread] [root/open_meteo.py:906]: Error processing Open-Meteo data: Weather data is empty.
2026-04-25 13:52:56,884 [ERROR] [MainThread] [open_meteo/api.py:104]: No internet connection or host not found. Unable to fetch weather.
2026-04-25 13:52:56,885 [WARNING] [MainThread] [root/open_meteo.py:906]: Error processing Open-Meteo data: Weather data is empty.
2026-04-25 13:53:06,889 [ERROR] [MainThread] [open_meteo/api.py:104]: No internet connection or host not found. Unable to fetch weather.
2026-04-25 13:53:06,890 [WARNING] [MainThread] [root/open_meteo.py:906]: Error processing Open-Meteo data: Weather data is empty.
2026-04-25 13:53:16,898 [ERROR] [MainThread] [open_meteo/api.py:104]: No internet connection or host not found. Unable to fetch weather.
2026-04-25 13:53:16,898 [WARNING] [MainThread] [root/open_meteo.py:906]: Error processing Open-Meteo data: Weather data is empty.
2026-04-25 13:53:26,903 [ERROR] [MainThread] [open_meteo/api.py:104]: No internet connection or host not found. Unable to fetch weather.
2026-04-25 13:53:26,903 [WARNING] [MainThread] [root/open_meteo.py:906]: Error processing Open-Meteo data: Weather data is empty.
2026-04-25 13:53:36,932 [ERROR] [MainThread] [open_meteo/api.py:104]: No internet connection or host not found. Unable to fetch weather.
2026-04-25 13:53:36,932 [WARNING] [MainThread] [root/open_meteo.py:906]: Error processing Open-Meteo data: Weather data is empty.
2026-04-25 13:53:46,952 [ERROR] [MainThread] [open_meteo/api.py:104]: No internet connection or host not found. Unable to fetch weather.
2026-04-25 13:53:46,952 [WARNING] [MainThread] [root/open_meteo.py:906]: Error processing Open-Meteo data: Weather data is empty.
2026-04-25 13:53:56,972 [ERROR] [MainThread] [open_meteo/api.py:104]: No internet connection or host not found. Unable to fetch weather.
2026-04-25 13:53:56,972 [WARNING] [MainThread] [root/open_meteo.py:906]: Error processing Open-Meteo data: Weather data is empty.
2026-04-25 13:54:06,969 [ERROR] [MainThread] [open_meteo/api.py:104]: No internet connection or host not found. Unable to fetch weather.
2026-04-25 13:54:06,969 [WARNING] [MainThread] [root/open_meteo.py:906]: Error processing Open-Meteo data: Weather data is empty.
2026-04-25 13:54:16,969 [ERROR] [MainThread] [open_meteo/api.py:104]: No internet connection or host not found. Unable to fetch weather.
2026-04-25 13:54:16,969 [WARNING] [MainThread] [root/open_meteo.py:906]: Error processing Open-Meteo data: Weather data is empty.
2026-04-25 13:54:26,977 [ERROR] [MainThread] [open_meteo/api.py:104]: No internet connection or host not found. Unable to fetch weather.
2026-04-25 13:54:26,977 [WARNING] [MainThread] [root/open_meteo.py:906]: Error processing Open-Meteo data: Weather data is empty.
2026-04-25 13:54:36,973 [ERROR] [MainThread] [open_meteo/api.py:104]: No internet connection or host not found. Unable to fetch weather.
2026-04-25 13:54:36,973 [WARNING] [MainThread] [root/open_meteo.py:906]: Error processing Open-Meteo data: Weather data is empty.
2026-04-25 13:54:46,995 [ERROR] [MainThread] [open_meteo/api.py:104]: No internet connection or host not found. Unable to fetch weather.
2026-04-25 13:54:46,995 [WARNING] [MainThread] [root/open_meteo.py:906]: Error processing Open-Meteo data: Weather data is empty.
2026-04-25 13:54:57,008 [ERROR] [MainThread] [open_meteo/api.py:104]: No internet connection or host not found. Unable to fetch weather.
2026-04-25 13:54:57,008 [WARNING] [MainThread] [root/open_meteo.py:906]: Error processing Open-Meteo data: Weather data is empty.
2026-04-25 13:55:07,021 [ERROR] [MainThread] [open_meteo/api.py:104]: No internet connection or host not found. Unable to fetch weather.
2026-04-25 13:55:07,021 [WARNING] [MainThread] [root/open_meteo.py:906]: Error processing Open-Meteo data: Weather data is empty.
2026-04-25 13:55:17,029 [ERROR] [MainThread] [open_meteo/api.py:104]: No internet connection or host not found. Unable to fetch weather.
2026-04-25 13:55:17,029 [WARNING] [MainThread] [root/open_meteo.py:906]: Error processing Open-Meteo data: Weather data is empty.
2026-04-25 13:55:27,037 [ERROR] [MainThread] [open_meteo/api.py:104]: No internet connection or host not found. Unable to fetch weather.
2026-04-25 13:55:27,037 [WARNING] [MainThread] [root/open_meteo.py:906]: Error processing Open-Meteo data: Weather data is empty.
2026-04-25 13:55:37,032 [ERROR] [MainThread] [open_meteo/api.py:104]: No internet connection or host not found. Unable to fetch weather.
2026-04-25 13:55:37,033 [WARNING] [MainThread] [root/open_meteo.py:906]: Error processing Open-Meteo data: Weather data is empty.
2026-04-25 13:55:47,034 [ERROR] [MainThread] [open_meteo/api.py:104]: No internet connection or host not found. Unable to fetch weather.
2026-04-25 13:55:47,034 [WARNING] [MainThread] [root/open_meteo.py:906]: Error processing Open-Meteo data: Weather data is empty.
2026-04-25 13:55:57,031 [ERROR] [MainThread] [open_meteo/api.py:104]: No internet connection or host not found. Unable to fetch weather.
2026-04-25 13:55:57,031 [WARNING] [MainThread] [root/open_meteo.py:906]: Error processing Open-Meteo data: Weather data is empty.
2026-04-25 13:56:07,038 [ERROR] [MainThread] [open_meteo/api.py:104]: No internet connection or host not found. Unable to fetch weather.
2026-04-25 13:56:07,038 [WARNING] [MainThread] [root/open_meteo.py:906]: Error processing Open-Meteo data: Weather data is empty.
2026-04-25 13:56:17,038 [ERROR] [MainThread] [open_meteo/api.py:104]: No internet connection or host not found. Unable to fetch weather.
2026-04-25 13:56:17,039 [WARNING] [MainThread] [root/open_meteo.py:906]: Error processing Open-Meteo data: Weather data is empty.
2026-04-25 13:56:27,043 [ERROR] [MainThread] [open_meteo/api.py:104]: No internet connection or host not found. Unable to fetch weather.
2026-04-25 13:56:27,043 [WARNING] [MainThread] [root/open_meteo.py:906]: Error processing Open-Meteo data: Weather data is empty.
2026-04-25 13:56:37,056 [ERROR] [MainThread] [open_meteo/api.py:104]: No internet connection or host not found. Unable to fetch weather.
2026-04-25 13:56:37,056 [WARNING] [MainThread] [root/open_meteo.py:906]: Error processing Open-Meteo data: Weather data is empty.
2026-04-25 13:56:47,069 [ERROR] [MainThread] [open_meteo/api.py:104]: No internet connection or host not found. Unable to fetch weather.
2026-04-25 13:56:47,069 [WARNING] [MainThread] [root/open_meteo.py:906]: Error processing Open-Meteo data: Weather data is empty.
2026-04-25 13:56:57,063 [ERROR] [MainThread] [open_meteo/api.py:104]: No internet connection or host not found. Unable to fetch weather.
2026-04-25 13:56:57,063 [WARNING] [MainThread] [root/open_meteo.py:906]: Error processing Open-Meteo data: Weather data is empty.
2026-04-25 13:57:07,067 [ERROR] [MainThread] [open_meteo/api.py:104]: No internet connection or host not found. Unable to fetch weather.
2026-04-25 13:57:07,067 [WARNING] [MainThread] [root/open_meteo.py:906]: Error processing Open-Meteo data: Weather data is empty.
2026-04-25 13:57:17,070 [ERROR] [MainThread] [open_meteo/api.py:104]: No internet connection or host not found. Unable to fetch weather.
2026-04-25 13:57:17,070 [WARNING] [MainThread] [root/open_meteo.py:906]: Error processing Open-Meteo data: Weather data is empty.
2026-04-25 13:57:27,061 [ERROR] [MainThread] [open_meteo/api.py:104]: No internet connection or host not found. Unable to fetch weather.
2026-04-25 13:57:27,061 [WARNING] [MainThread] [root/open_meteo.py:906]: Error processing Open-Meteo data: Weather data is empty.
2026-04-25 13:57:33,813 [ERROR] [MainThread] [open_meteo/api.py:104]: No internet connection or host not found. Unable to fetch weather.
2026-04-25 13:57:33,813 [WARNING] [MainThread] [root/open_meteo.py:906]: Error processing Open-Meteo data: Weather data is empty.
2026-04-25 13:57:37,081 [ERROR] [MainThread] [open_meteo/api.py:104]: No internet connection or host not found. Unable to fetch weather.
2026-04-25 13:57:37,081 [WARNING] [MainThread] [root/open_meteo.py:906]: Error processing Open-Meteo data: Weather data is empty.
2026-04-25 13:57:47,077 [ERROR] [MainThread] [open_meteo/api.py:104]: No internet connection or host not found. Unable to fetch weather.
2026-04-25 13:57:47,077 [WARNING] [MainThread] [root/open_meteo.py:906]: Error processing Open-Meteo data: Weather data is empty.
2026-04-25 13:57:57,099 [ERROR] [MainThread] [open_meteo/api.py:104]: No internet connection or host not found. Unable to fetch weather.
2026-04-25 13:57:57,099 [WARNING] [MainThread] [root/open_meteo.py:906]: Error processing Open-Meteo data: Weather data is empty.
2026-04-25 13:58:07,099 [ERROR] [MainThread] [open_meteo/api.py:104]: No internet connection or host not found. Unable to fetch weather.
2026-04-25 13:58:07,100 [WARNING] [MainThread] [root/open_meteo.py:906]: Error processing Open-Meteo data: Weather data is empty.
2026-04-25 13:58:17,099 [ERROR] [MainThread] [open_meteo/api.py:104]: No internet connection or host not found. Unable to fetch weather.
2026-04-25 13:58:17,099 [WARNING] [MainThread] [root/open_meteo.py:906]: Error processing Open-Meteo data: Weather data is empty.
2026-04-25 13:58:27,104 [ERROR] [MainThread] [open_meteo/api.py:104]: No internet connection or host not found. Unable to fetch weather.
2026-04-25 13:58:27,104 [WARNING] [MainThread] [root/open_meteo.py:906]: Error processing Open-Meteo data: Weather data is empty.
2026-04-25 13:58:37,115 [ERROR] [MainThread] [open_meteo/api.py:104]: No internet connection or host not found. Unable to fetch weather.
2026-04-25 13:58:37,115 [WARNING] [MainThread] [root/open_meteo.py:906]: Error processing Open-Meteo data: Weather data is empty.
2026-04-25 13:58:47,119 [ERROR] [MainThread] [open_meteo/api.py:104]: No internet connection or host not found. Unable to fetch weather.
2026-04-25 13:58:47,119 [WARNING] [MainThread] [root/open_meteo.py:906]: Error processing Open-Meteo data: Weather data is empty.
2026-04-25 13:58:57,125 [ERROR] [MainThread] [open_meteo/api.py:104]: No internet connection or host not found. Unable to fetch weather.
2026-04-25 13:58:57,125 [WARNING] [MainThread] [root/open_meteo.py:906]: Error processing Open-Meteo data: Weather data is empty.
2026-04-25 13:59:07,137 [ERROR] [MainThread] [open_meteo/api.py:104]: No internet connection or host not found. Unable to fetch weather.
2026-04-25 13:59:07,137 [WARNING] [MainThread] [root/open_meteo.py:906]: Error processing Open-Meteo data: Weather data is empty.
2026-04-25 13:59:17,148 [ERROR] [MainThread] [open_meteo/api.py:104]: No internet connection or host not found. Unable to fetch weather.
2026-04-25 13:59:17,149 [WARNING] [MainThread] [root/open_meteo.py:906]: Error processing Open-Meteo data: Weather data is empty.
2026-04-25 13:59:27,143 [ERROR] [MainThread] [open_meteo/api.py:104]: No internet connection or host not found. Unable to fetch weather.
2026-04-25 13:59:27,144 [WARNING] [MainThread] [root/open_meteo.py:906]: Error processing Open-Meteo data: Weather data is empty.
2026-04-25 13:59:37,152 [ERROR] [MainThread] [open_meteo/api.py:104]: No internet connection or host not found. Unable to fetch weather.
2026-04-25 13:59:37,152 [WARNING] [MainThread] [root/open_meteo.py:906]: Error processing Open-Meteo data: Weather data is empty.
2026-04-25 13:59:47,168 [ERROR] [MainThread] [open_meteo/api.py:104]: No internet connection or host not found. Unable to fetch weather.
2026-04-25 13:59:47,168 [WARNING] [MainThread] [root/open_meteo.py:906]: Error processing Open-Meteo data: Weather data is empty.
2026-04-25 13:59:57,182 [ERROR] [MainThread] [open_meteo/api.py:104]: No internet connection or host not found. Unable to fetch weather.
2026-04-25 13:59:57,182 [WARNING] [MainThread] [root/open_meteo.py:906]: Error processing Open-Meteo data: Weather data is empty.
2026-04-25 14:00:07,187 [ERROR] [MainThread] [open_meteo/api.py:104]: No internet connection or host not found. Unable to fetch weather.
2026-04-25 14:00:07,187 [WARNING] [MainThread] [root/open_meteo.py:906]: Error processing Open-Meteo data: Weather data is empty.
2026-04-25 14:00:17,189 [ERROR] [MainThread] [open_meteo/api.py:104]: No internet connection or host not found. Unable to fetch weather.
2026-04-25 14:00:17,189 [WARNING] [MainThread] [root/open_meteo.py:906]: Error processing Open-Meteo data: Weather data is empty.
2026-04-25 14:00:27,191 [ERROR] [MainThread] [open_meteo/api.py:104]: No internet connection or host not found. Unable to fetch weather.
2026-04-25 14:00:27,191 [WARNING] [MainThread] [root/open_meteo.py:906]: Error processing Open-Meteo data: Weather data is empty.
2026-04-25 14:00:37,199 [ERROR] [MainThread] [open_meteo/api.py:104]: No internet connection or host not found. Unable to fetch weather.
2026-04-25 14:00:37,199 [WARNING] [MainThread] [root/open_meteo.py:906]: Error processing Open-Meteo data: Weather data is empty.
2026-04-25 14:00:47,224 [ERROR] [MainThread] [open_meteo/api.py:104]: No internet connection or host not found. Unable to fetch weather.
2026-04-25 14:00:47,224 [WARNING] [MainThread] [root/open_meteo.py:906]: Error processing Open-Meteo data: Weather data is empty.
2026-04-25 14:00:57,241 [ERROR] [MainThread] [open_meteo/api.py:104]: No internet connection or host not found. Unable to fetch weather.
2026-04-25 14:00:57,241 [WARNING] [MainThread] [root/open_meteo.py:906]: Error processing Open-Meteo data: Weather data is empty.
2026-04-25 14:01:07,239 [ERROR] [MainThread] [open_meteo/api.py:104]: No internet connection or host not found. Unable to fetch weather.
2026-04-25 14:01:07,240 [WARNING] [MainThread] [root/open_meteo.py:906]: Error processing Open-Meteo data: Weather data is empty.
2026-04-25 14:01:17,237 [ERROR] [MainThread] [open_meteo/api.py:104]: No internet connection or host not found. Unable to fetch weather.
2026-04-25 14:01:17,237 [WARNING] [MainThread] [root/open_meteo.py:906]: Error processing Open-Meteo data: Weather data is empty.
2026-04-25 14:01:27,247 [ERROR] [MainThread] [open_meteo/api.py:104]: No internet connection or host not found. Unable to fetch weather.
2026-04-25 14:01:27,247 [WARNING] [MainThread] [root/open_meteo.py:906]: Error processing Open-Meteo data: Weather data is empty.
2026-04-25 14:01:37,251 [ERROR] [MainThread] [open_meteo/api.py:104]: No internet connection or host not found. Unable to fetch weather.
2026-04-25 14:01:37,251 [WARNING] [MainThread] [root/open_meteo.py:906]: Error processing Open-Meteo data: Weather data is empty.
2026-04-25 14:01:47,276 [ERROR] [MainThread] [open_meteo/api.py:104]: No internet connection or host not found. Unable to fetch weather.
2026-04-25 14:01:47,276 [WARNING] [MainThread] [root/open_meteo.py:906]: Error processing Open-Meteo data: Weather data is empty.
2026-04-25 14:01:57,291 [ERROR] [MainThread] [open_meteo/api.py:104]: No internet connection or host not found. Unable to fetch weather.
2026-04-25 14:01:57,292 [WARNING] [MainThread] [root/open_meteo.py:906]: Error processing Open-Meteo data: Weather data is empty.
2026-04-25 14:02:07,296 [ERROR] [MainThread] [open_meteo/api.py:104]: No internet connection or host not found. Unable to fetch weather.
2026-04-25 14:02:07,296 [WARNING] [MainThread] [root/open_meteo.py:906]: Error processing Open-Meteo data: Weather data is empty.
2026-04-25 14:02:17,320 [ERROR] [MainThread] [open_meteo/api.py:104]: No internet connection or host not found. Unable to fetch weather.
2026-04-25 14:02:17,321 [WARNING] [MainThread] [root/open_meteo.py:906]: Error processing Open-Meteo data: Weather data is empty.
2026-04-25 14:02:27,327 [ERROR] [MainThread] [open_meteo/api.py:104]: No internet connection or host not found. Unable to fetch weather.
2026-04-25 14:02:27,327 [WARNING] [MainThread] [root/open_meteo.py:906]: Error processing Open-Meteo data: Weather data is empty.
2026-04-25 14:02:37,328 [ERROR] [MainThread] [open_meteo/api.py:104]: No internet connection or host not found. Unable to fetch weather.
2026-04-25 14:02:37,328 [WARNING] [MainThread] [root/open_meteo.py:906]: Error processing Open-Meteo data: Weather data is empty.
2026-04-25 14:02:47,334 [ERROR] [MainThread] [open_meteo/api.py:104]: No internet connection or host not found. Unable to fetch weather.
2026-04-25 14:02:47,334 [WARNING] [MainThread] [root/open_meteo.py:906]: Error processing Open-Meteo data: Weather data is empty.
2026-04-25 14:02:57,334 [ERROR] [MainThread] [open_meteo/api.py:104]: No internet connection or host not found. Unable to fetch weather.
2026-04-25 14:02:57,334 [WARNING] [MainThread] [root/open_meteo.py:906]: Error processing Open-Meteo data: Weather data is empty.
2026-04-25 14:03:07,335 [ERROR] [MainThread] [open_meteo/api.py:104]: No internet connection or host not found. Unable to fetch weather.
2026-04-25 14:03:07,336 [WARNING] [MainThread] [root/open_meteo.py:906]: Error processing Open-Meteo data: Weather data is empty.
2026-04-25 14:03:17,330 [ERROR] [MainThread] [open_meteo/api.py:104]: No internet connection or host not found. Unable to fetch weather.
2026-04-25 14:03:17,330 [WARNING] [MainThread] [root/open_meteo.py:906]: Error processing Open-Meteo data: Weather data is empty.
2026-04-25 14:03:27,355 [ERROR] [MainThread] [open_meteo/api.py:104]: No internet connection or host not found. Unable to fetch weather.
2026-04-25 14:03:27,355 [WARNING] [MainThread] [root/open_meteo.py:906]: Error processing Open-Meteo data: Weather data is empty.
2026-04-25 14:03:37,370 [ERROR] [MainThread] [open_meteo/api.py:104]: No internet connection or host not found. Unable to fetch weather.
2026-04-25 14:03:37,370 [WARNING] [MainThread] [root/open_meteo.py:906]: Error processing Open-Meteo data: Weather data is empty.
2026-04-25 14:03:47,401 [ERROR] [MainThread] [open_meteo/api.py:104]: No internet connection or host not found. Unable to fetch weather.
2026-04-25 14:03:47,401 [WARNING] [MainThread] [root/open_meteo.py:906]: Error processing Open-Meteo data: Weather data is empty.
2026-04-25 14:03:57,427 [ERROR] [MainThread] [open_meteo/api.py:104]: No internet connection or host not found. Unable to fetch weather.
2026-04-25 14:03:57,427 [WARNING] [MainThread] [root/open_meteo.py:906]: Error processing Open-Meteo data: Weather data is empty.
2026-04-25 14:04:07,428 [ERROR] [MainThread] [open_meteo/api.py:104]: No internet connection or host not found. Unable to fetch weather.
2026-04-25 14:04:07,428 [WARNING] [MainThread] [root/open_meteo.py:906]: Error processing Open-Meteo data: Weather data is empty.
2026-04-25 14:04:17,433 [ERROR] [MainThread] [open_meteo/api.py:104]: No internet connection or host not found. Unable to fetch weather.
2026-04-25 14:04:17,433 [WARNING] [MainThread] [root/open_meteo.py:906]: Error processing Open-Meteo data: Weather data is empty.
2026-04-25 14:04:27,441 [ERROR] [MainThread] [open_meteo/api.py:104]: No internet connection or host not found. Unable to fetch weather.
2026-04-25 14:04:27,441 [WARNING] [MainThread] [root/open_meteo.py:906]: Error processing Open-Meteo data: Weather data is empty.
2026-04-25 14:04:37,445 [ERROR] [MainThread] [open_meteo/api.py:104]: No internet connection or host not found. Unable to fetch weather.
2026-04-25 14:04:37,445 [WARNING] [MainThread] [root/open_meteo.py:906]: Error processing Open-Meteo data: Weather data is empty.
2026-04-25 14:04:47,437 [ERROR] [MainThread] [open_meteo/api.py:104]: No internet connection or host not found. Unable to fetch weather.
2026-04-25 14:04:47,438 [WARNING] [MainThread] [root/open_meteo.py:906]: Error processing Open-Meteo data: Weather data is empty.
2026-04-25 14:04:57,444 [ERROR] [MainThread] [open_meteo/api.py:104]: No internet connection or host not found. Unable to fetch weather.
2026-04-25 14:04:57,444 [WARNING] [MainThread] [root/open_meteo.py:906]: Error processing Open-Meteo data: Weather data is empty.
2026-04-25 14:05:07,440 [ERROR] [MainThread] [open_meteo/api.py:104]: No internet connection or host not found. Unable to fetch weather.
2026-04-25 14:05:07,440 [WARNING] [MainThread] [root/open_meteo.py:906]: Error processing Open-Meteo data: Weather data is empty.
2026-04-25 14:05:17,447 [ERROR] [MainThread] [open_meteo/api.py:104]: No internet connection or host not found. Unable to fetch weather.
2026-04-25 14:05:17,447 [WARNING] [MainThread] [root/open_meteo.py:906]: Error processing Open-Meteo data: Weather data is empty.
2026-04-25 14:05:27,454 [ERROR] [MainThread] [open_meteo/api.py:104]: No internet connection or host not found. Unable to fetch weather.
2026-04-25 14:05:27,454 [WARNING] [MainThread] [root/open_meteo.py:906]: Error processing Open-Meteo data: Weather data is empty.
2026-04-25 14:05:37,458 [ERROR] [MainThread] [open_meteo/api.py:104]: No internet connection or host not found. Unable to fetch weather.
2026-04-25 14:05:37,458 [WARNING] [MainThread] [root/open_meteo.py:906]: Error processing Open-Meteo data: Weather data is empty.
2026-04-25 14:05:47,478 [ERROR] [MainThread] [open_meteo/api.py:104]: No internet connection or host not found. Unable to fetch weather.
2026-04-25 14:05:47,479 [WARNING] [MainThread] [root/open_meteo.py:906]: Error processing Open-Meteo data: Weather data is empty.
2026-04-25 14:05:57,482 [ERROR] [MainThread] [open_meteo/api.py:104]: No internet connection or host not found. Unable to fetch weather.
2026-04-25 14:05:57,482 [WARNING] [MainThread] [root/open_meteo.py:906]: Error processing Open-Meteo data: Weather data is empty.
2026-04-25 14:06:07,488 [ERROR] [MainThread] [open_meteo/api.py:104]: No internet connection or host not found. Unable to fetch weather.
2026-04-25 14:06:07,488 [WARNING] [MainThread] [root/open_meteo.py:906]: Error processing Open-Meteo data: Weather data is empty.
2026-04-25 14:06:17,486 [ERROR] [MainThread] [open_meteo/api.py:104]: No internet connection or host not found. Unable to fetch weather.
2026-04-25 14:06:17,486 [WARNING] [MainThread] [root/open_meteo.py:906]: Error processing Open-Meteo data: Weather data is empty.
2026-04-25 14:06:27,483 [ERROR] [MainThread] [open_meteo/api.py:104]: No internet connection or host not found. Unable to fetch weather.
2026-04-25 14:06:27,484 [WARNING] [MainThread] [root/open_meteo.py:906]: Error processing Open-Meteo data: Weather data is empty.
2026-04-25 14:06:37,493 [ERROR] [MainThread] [open_meteo/api.py:104]: No internet connection or host not found. Unable to fetch weather.
2026-04-25 14:06:37,493 [WARNING] [MainThread] [root/open_meteo.py:906]: Error processing Open-Meteo data: Weather data is empty.
2026-04-25 14:06:47,505 [ERROR] [MainThread] [open_meteo/api.py:104]: No internet connection or host not found. Unable to fetch weather.
2026-04-25 14:06:47,505 [WARNING] [MainThread] [root/open_meteo.py:906]: Error processing Open-Meteo data: Weather data is empty.
2026-04-25 14:06:57,509 [ERROR] [MainThread] [open_meteo/api.py:104]: No internet connection or host not found. Unable to fetch weather.
2026-04-25 14:06:57,509 [WARNING] [MainThread] [root/open_meteo.py:906]: Error processing Open-Meteo data: Weather data is empty.
2026-04-25 14:07:07,518 [ERROR] [MainThread] [open_meteo/api.py:104]: No internet connection or host not found. Unable to fetch weather.
2026-04-25 14:07:07,519 [WARNING] [MainThread] [root/open_meteo.py:906]: Error processing Open-Meteo data: Weather data is empty.
2026-04-25 14:07:17,518 [ERROR] [MainThread] [open_meteo/api.py:104]: No internet connection or host not found. Unable to fetch weather.
2026-04-25 14:07:17,518 [WARNING] [MainThread] [root/open_meteo.py:906]: Error processing Open-Meteo data: Weather data is empty.
2026-04-25 14:07:27,514 [ERROR] [MainThread] [open_meteo/api.py:104]: No internet connection or host not found. Unable to fetch weather.
2026-04-25 14:07:27,514 [WARNING] [MainThread] [root/open_meteo.py:906]: Error processing Open-Meteo data: Weather data is empty.
2026-04-25 14:07:33,812 [ERROR] [MainThread] [open_meteo/api.py:104]: No internet connection or host not found. Unable to fetch weather.
2026-04-25 14:07:33,812 [WARNING] [MainThread] [root/open_meteo.py:906]: Error processing Open-Meteo data: Weather data is empty.
2026-04-25 14:07:37,516 [ERROR] [MainThread] [open_meteo/api.py:104]: No internet connection or host not found. Unable to fetch weather.
2026-04-25 14:07:37,516 [WARNING] [MainThread] [root/open_meteo.py:906]: Error processing Open-Meteo data: Weather data is empty.
2026-04-25 14:07:47,543 [ERROR] [MainThread] [open_meteo/api.py:104]: No internet connection or host not found. Unable to fetch weather.
2026-04-25 14:07:47,543 [WARNING] [MainThread] [root/open_meteo.py:906]: Error processing Open-Meteo data: Weather data is empty.
2026-04-25 14:07:57,555 [ERROR] [MainThread] [open_meteo/api.py:104]: No internet connection or host not found. Unable to fetch weather.
2026-04-25 14:07:57,555 [WARNING] [MainThread] [root/open_meteo.py:906]: Error processing Open-Meteo data: Weather data is empty.
2026-04-25 14:08:07,550 [ERROR] [MainThread] [open_meteo/api.py:104]: No internet connection or host not found. Unable to fetch weather.
2026-04-25 14:08:07,550 [WARNING] [MainThread] [root/open_meteo.py:906]: Error processing Open-Meteo data: Weather data is empty.
2026-04-25 14:08:17,551 [ERROR] [MainThread] [open_meteo/api.py:104]: No internet connection or host not found. Unable to fetch weather.
2026-04-25 14:08:17,551 [WARNING] [MainThread] [root/open_meteo.py:906]: Error processing Open-Meteo data: Weather data is empty.
2026-04-25 14:08:27,551 [ERROR] [MainThread] [open_meteo/api.py:104]: No internet connection or host not found. Unable to fetch weather.
2026-04-25 14:08:27,551 [WARNING] [MainThread] [root/open_meteo.py:906]: Error processing Open-Meteo data: Weather data is empty.
2026-04-25 14:08:37,557 [ERROR] [MainThread] [open_meteo/api.py:104]: No internet connection or host not found. Unable to fetch weather.
2026-04-25 14:08:37,557 [WARNING] [MainThread] [root/open_meteo.py:906]: Error processing Open-Meteo data: Weather data is empty.
2026-04-25 14:08:47,573 [ERROR] [MainThread] [open_meteo/api.py:104]: No internet connection or host not found. Unable to fetch weather.
2026-04-25 14:08:47,573 [WARNING] [MainThread] [root/open_meteo.py:906]: Error processing Open-Meteo data: Weather data is empty.
2026-04-25 14:08:57,586 [ERROR] [MainThread] [open_meteo/api.py:104]: No internet connection or host not found. Unable to fetch weather.
2026-04-25 14:08:57,587 [WARNING] [MainThread] [root/open_meteo.py:906]: Error processing Open-Meteo data: Weather data is empty.
2026-04-25 14:09:07,592 [ERROR] [MainThread] [open_meteo/api.py:104]: No internet connection or host not found. Unable to fetch weather.
2026-04-25 14:09:07,592 [WARNING] [MainThread] [root/open_meteo.py:906]: Error processing Open-Meteo data: Weather data is empty.
2026-04-25 14:09:17,595 [ERROR] [MainThread] [open_meteo/api.py:104]: No internet connection or host not found. Unable to fetch weather.
2026-04-25 14:09:17,595 [WARNING] [MainThread] [root/open_meteo.py:906]: Error processing Open-Meteo data: Weather data is empty.
2026-04-25 14:09:27,612 [ERROR] [MainThread] [open_meteo/api.py:104]: No internet connection or host not found. Unable to fetch weather.
2026-04-25 14:09:27,612 [WARNING] [MainThread] [root/open_meteo.py:906]: Error processing Open-Meteo data: Weather data is empty.
2026-04-25 14:09:37,608 [ERROR] [MainThread] [open_meteo/api.py:104]: No internet connection or host not found. Unable to fetch weather.
2026-04-25 14:09:37,608 [WARNING] [MainThread] [root/open_meteo.py:906]: Error processing Open-Meteo data: Weather data is empty.
2026-04-25 14:09:47,616 [ERROR] [MainThread] [open_meteo/api.py:104]: No internet connection or host not found. Unable to fetch weather.
2026-04-25 14:09:47,616 [WARNING] [MainThread] [root/open_meteo.py:906]: Error processing Open-Meteo data: Weather data is empty.
2026-04-25 14:09:57,608 [ERROR] [MainThread] [open_meteo/api.py:104]: No internet connection or host not found. Unable to fetch weather.
2026-04-25 14:09:57,608 [WARNING] [MainThread] [root/open_meteo.py:906]: Error processing Open-Meteo data: Weather data is empty.
2026-04-25 14:10:07,620 [ERROR] [MainThread] [open_meteo/api.py:104]: No internet connection or host not found. Unable to fetch weather.
2026-04-25 14:10:07,620 [WARNING] [MainThread] [root/open_meteo.py:906]: Error processing Open-Meteo data: Weather data is empty.
2026-04-25 14:10:17,637 [ERROR] [MainThread] [open_meteo/api.py:104]: No internet connection or host not found. Unable to fetch weather.
2026-04-25 14:10:17,637 [WARNING] [MainThread] [root/open_meteo.py:906]: Error processing Open-Meteo data: Weather data is empty.
2026-04-25 14:10:27,642 [ERROR] [MainThread] [open_meteo/api.py:104]: No internet connection or host not found. Unable to fetch weather.
2026-04-25 14:10:27,642 [WARNING] [MainThread] [root/open_meteo.py:906]: Error processing Open-Meteo data: Weather data is empty.
2026-04-25 14:10:37,641 [ERROR] [MainThread] [open_meteo/api.py:104]: No internet connection or host not found. Unable to fetch weather.
2026-04-25 14:10:37,642 [WARNING] [MainThread] [root/open_meteo.py:906]: Error processing Open-Meteo data: Weather data is empty.
2026-04-25 14:10:47,654 [ERROR] [MainThread] [open_meteo/api.py:104]: No internet connection or host not found. Unable to fetch weather.
2026-04-25 14:10:47,654 [WARNING] [MainThread] [root/open_meteo.py:906]: Error processing Open-Meteo data: Weather data is empty.
2026-04-25 14:10:57,685 [ERROR] [MainThread] [open_meteo/api.py:104]: No internet connection or host not found. Unable to fetch weather.
2026-04-25 14:10:57,686 [WARNING] [MainThread] [root/open_meteo.py:906]: Error processing Open-Meteo data: Weather data is empty.
2026-04-25 14:11:07,699 [ERROR] [MainThread] [open_meteo/api.py:104]: No internet connection or host not found. Unable to fetch weather.
2026-04-25 14:11:07,699 [WARNING] [MainThread] [root/open_meteo.py:906]: Error processing Open-Meteo data: Weather data is empty.
2026-04-25 14:11:17,711 [ERROR] [MainThread] [open_meteo/api.py:104]: No internet connection or host not found. Unable to fetch weather.
2026-04-25 14:11:17,711 [WARNING] [MainThread] [root/open_meteo.py:906]: Error processing Open-Meteo data: Weather data is empty.
2026-04-25 14:11:27,711 [ERROR] [MainThread] [open_meteo/api.py:104]: No internet connection or host not found. Unable to fetch weather.
2026-04-25 14:11:27,711 [WARNING] [MainThread] [root/open_meteo.py:906]: Error processing Open-Meteo data: Weather data is empty.
2026-04-25 14:11:37,704 [ERROR] [MainThread] [open_meteo/api.py:104]: No internet connection or host not found. Unable to fetch weather.
2026-04-25 14:11:37,704 [WARNING] [MainThread] [root/open_meteo.py:906]: Error processing Open-Meteo data: Weather data is empty.
2026-04-25 14:11:47,713 [ERROR] [MainThread] [open_meteo/api.py:104]: No internet connection or host not found. Unable to fetch weather.
2026-04-25 14:11:47,713 [WARNING] [MainThread] [root/open_meteo.py:906]: Error processing Open-Meteo data: Weather data is empty.
2026-04-25 14:11:57,720 [ERROR] [MainThread] [open_meteo/api.py:104]: No internet connection or host not found. Unable to fetch weather.
2026-04-25 14:11:57,720 [WARNING] [MainThread] [root/open_meteo.py:906]: Error processing Open-Meteo data: Weather data is empty.
2026-04-25 14:12:07,749 [ERROR] [MainThread] [open_meteo/api.py:104]: No internet connection or host not found. Unable to fetch weather.
2026-04-25 14:12:07,749 [WARNING] [MainThread] [root/open_meteo.py:906]: Error processing Open-Meteo data: Weather data is empty.
2026-04-25 14:12:17,758 [ERROR] [MainThread] [open_meteo/api.py:104]: No internet connection or host not found. Unable to fetch weather.
2026-04-25 14:12:17,758 [WARNING] [MainThread] [root/open_meteo.py:906]: Error processing Open-Meteo data: Weather data is empty.
2026-04-25 14:12:27,768 [ERROR] [MainThread] [open_meteo/api.py:104]: No internet connection or host not found. Unable to fetch weather.
2026-04-25 14:12:27,769 [WARNING] [MainThread] [root/open_meteo.py:906]: Error processing Open-Meteo data: Weather data is empty.
2026-04-25 14:12:37,768 [ERROR] [MainThread] [open_meteo/api.py:104]: No internet connection or host not found. Unable to fetch weather.
2026-04-25 14:12:37,768 [WARNING] [MainThread] [root/open_meteo.py:906]: Error processing Open-Meteo data: Weather data is empty.
2026-04-25 14:12:47,774 [ERROR] [MainThread] [open_meteo/api.py:104]: No internet connection or host not found. Unable to fetch weather.
2026-04-25 14:12:47,774 [WARNING] [MainThread] [root/open_meteo.py:906]: Error processing Open-Meteo data: Weather data is empty.
2026-04-25 14:12:57,780 [ERROR] [MainThread] [open_meteo/api.py:104]: No internet connection or host not found. Unable to fetch weather.
2026-04-25 14:12:57,780 [WARNING] [MainThread] [root/open_meteo.py:906]: Error processing Open-Meteo data: Weather data is empty.
2026-04-25 14:13:07,791 [ERROR] [MainThread] [open_meteo/api.py:104]: No internet connection or host not found. Unable to fetch weather.
2026-04-25 14:13:07,791 [WARNING] [MainThread] [root/open_meteo.py:906]: Error processing Open-Meteo data: Weather data is empty.
2026-04-25 14:13:17,796 [ERROR] [MainThread] [open_meteo/api.py:104]: No internet connection or host not found. Unable to fetch weather.
2026-04-25 14:13:17,796 [WARNING] [MainThread] [root/open_meteo.py:906]: Error processing Open-Meteo data: Weather data is empty.
2026-04-25 14:13:27,824 [ERROR] [MainThread] [open_meteo/api.py:104]: No internet connection or host not found. Unable to fetch weather.
2026-04-25 14:13:27,824 [WARNING] [MainThread] [root/open_meteo.py:906]: Error processing Open-Meteo data: Weather data is empty.
2026-04-25 14:13:37,827 [ERROR] [MainThread] [open_meteo/api.py:104]: No internet connection or host not found. Unable to fetch weather.
2026-04-25 14:13:37,827 [WARNING] [MainThread] [root/open_meteo.py:906]: Error processing Open-Meteo data: Weather data is empty.
2026-04-25 14:13:47,845 [ERROR] [MainThread] [open_meteo/api.py:104]: No internet connection or host not found. Unable to fetch weather.
2026-04-25 14:13:47,845 [WARNING] [MainThread] [root/open_meteo.py:906]: Error processing Open-Meteo data: Weather data is empty.
2026-04-25 14:13:57,852 [ERROR] [MainThread] [open_meteo/api.py:104]: No internet connection or host not found. Unable to fetch weather.
2026-04-25 14:13:57,852 [WARNING] [MainThread] [root/open_meteo.py:906]: Error processing Open-Meteo data: Weather data is empty.
2026-04-25 14:14:07,861 [ERROR] [MainThread] [open_meteo/api.py:104]: No internet connection or host not found. Unable to fetch weather.
2026-04-25 14:14:07,861 [WARNING] [MainThread] [root/open_meteo.py:906]: Error processing Open-Meteo data: Weather data is empty.
2026-04-25 14:14:17,863 [ERROR] [MainThread] [open_meteo/api.py:104]: No internet connection or host not found. Unable to fetch weather.
2026-04-25 14:14:17,863 [WARNING] [MainThread] [root/open_meteo.py:906]: Error processing Open-Meteo data: Weather data is empty.
2026-04-25 14:14:27,871 [ERROR] [MainThread] [open_meteo/api.py:104]: No internet connection or host not found. Unable to fetch weather.
2026-04-25 14:14:27,871 [WARNING] [MainThread] [root/open_meteo.py:906]: Error processing Open-Meteo data: Weather data is empty.
2026-04-25 14:14:37,878 [ERROR] [MainThread] [open_meteo/api.py:104]: No internet connection or host not found. Unable to fetch weather.
2026-04-25 14:14:37,879 [WARNING] [MainThread] [root/open_meteo.py:906]: Error processing Open-Meteo data: Weather data is empty.
2026-04-25 14:14:47,885 [ERROR] [MainThread] [open_meteo/api.py:104]: No internet connection or host not found. Unable to fetch weather.
2026-04-25 14:14:47,885 [WARNING] [MainThread] [root/open_meteo.py:906]: Error processing Open-Meteo data: Weather data is empty.
2026-04-25 14:14:57,891 [ERROR] [MainThread] [open_meteo/api.py:104]: No internet connection or host not found. Unable to fetch weather.
2026-04-25 14:14:57,891 [WARNING] [MainThread] [root/open_meteo.py:906]: Error processing Open-Meteo data: Weather data is empty.
2026-04-25 14:15:07,900 [ERROR] [MainThread] [open_meteo/api.py:104]: No internet connection or host not found. Unable to fetch weather.
2026-04-25 14:15:07,900 [WARNING] [MainThread] [root/open_meteo.py:906]: Error processing Open-Meteo data: Weather data is empty.
2026-04-25 14:15:17,916 [ERROR] [MainThread] [open_meteo/api.py:104]: No internet connection or host not found. Unable to fetch weather.
2026-04-25 14:15:17,916 [WARNING] [MainThread] [root/open_meteo.py:906]: Error processing Open-Meteo data: Weather data is empty.
2026-04-25 14:15:27,922 [ERROR] [MainThread] [open_meteo/api.py:104]: No internet connection or host not found. Unable to fetch weather.
2026-04-25 14:15:27,922 [WARNING] [MainThread] [root/open_meteo.py:906]: Error processing Open-Meteo data: Weather data is empty.
2026-04-25 14:15:37,932 [ERROR] [MainThread] [open_meteo/api.py:104]: No internet connection or host not found. Unable to fetch weather.
2026-04-25 14:15:37,932 [WARNING] [MainThread] [root/open_meteo.py:906]: Error processing Open-Meteo data: Weather data is empty.
2026-04-25 14:15:47,949 [ERROR] [MainThread] [open_meteo/api.py:104]: No internet connection or host not found. Unable to fetch weather.
2026-04-25 14:15:47,949 [WARNING] [MainThread] [root/open_meteo.py:906]: Error processing Open-Meteo data: Weather data is empty.
2026-04-25 14:15:57,960 [ERROR] [MainThread] [open_meteo/api.py:104]: No internet connection or host not found. Unable to fetch weather.
2026-04-25 14:15:57,960 [WARNING] [MainThread] [root/open_meteo.py:906]: Error processing Open-Meteo data: Weather data is empty.
2026-04-25 14:16:07,961 [ERROR] [MainThread] [open_meteo/api.py:104]: No internet connection or host not found. Unable to fetch weather.
2026-04-25 14:16:07,961 [WARNING] [MainThread] [root/open_meteo.py:906]: Error processing Open-Meteo data: Weather data is empty.
2026-04-25 14:16:17,974 [ERROR] [MainThread] [open_meteo/api.py:104]: No internet connection or host not found. Unable to fetch weather.
2026-04-25 14:16:17,975 [WARNING] [MainThread] [root/open_meteo.py:906]: Error processing Open-Meteo data: Weather data is empty.
2026-04-25 14:16:27,971 [ERROR] [MainThread] [open_meteo/api.py:104]: No internet connection or host not found. Unable to fetch weather.
2026-04-25 14:16:27,972 [WARNING] [MainThread] [root/open_meteo.py:906]: Error processing Open-Meteo data: Weather data is empty.
2026-04-25 14:16:37,975 [ERROR] [MainThread] [open_meteo/api.py:104]: No internet connection or host not found. Unable to fetch weather.
2026-04-25 14:16:37,975 [WARNING] [MainThread] [root/open_meteo.py:906]: Error processing Open-Meteo data: Weather data is empty.
2026-04-25 14:16:47,971 [ERROR] [MainThread] [open_meteo/api.py:104]: No internet connection or host not found. Unable to fetch weather.
2026-04-25 14:16:47,971 [WARNING] [MainThread] [root/open_meteo.py:906]: Error processing Open-Meteo data: Weather data is empty.
2026-04-25 14:16:57,967 [ERROR] [MainThread] [open_meteo/api.py:104]: No internet connection or host not found. Unable to fetch weather.
2026-04-25 14:16:57,967 [WARNING] [MainThread] [root/open_meteo.py:906]: Error processing Open-Meteo data: Weather data is empty.
2026-04-25 14:17:07,980 [ERROR] [MainThread] [open_meteo/api.py:104]: No internet connection or host not found. Unable to fetch weather.
2026-04-25 14:17:07,980 [WARNING] [MainThread] [root/open_meteo.py:906]: Error processing Open-Meteo data: Weather data is empty.
2026-04-25 14:17:17,989 [ERROR] [MainThread] [open_meteo/api.py:104]: No internet connection or host not found. Unable to fetch weather.
2026-04-25 14:17:17,989 [WARNING] [MainThread] [root/open_meteo.py:906]: Error processing Open-Meteo data: Weather data is empty.
2026-04-25 14:17:27,982 [ERROR] [MainThread] [open_meteo/api.py:104]: No internet connection or host not found. Unable to fetch weather.
2026-04-25 14:17:27,982 [WARNING] [MainThread] [root/open_meteo.py:906]: Error processing Open-Meteo data: Weather data is empty.
2026-04-25 14:17:33,818 [ERROR] [MainThread] [open_meteo/api.py:104]: No internet connection or host not found. Unable to fetch weather.
2026-04-25 14:17:33,818 [WARNING] [MainThread] [root/open_meteo.py:906]: Error processing Open-Meteo data: Weather data is empty.
2026-04-25 14:17:37,994 [ERROR] [MainThread] [open_meteo/api.py:104]: No internet connection or host not found. Unable to fetch weather.
2026-04-25 14:17:37,994 [WARNING] [MainThread] [root/open_meteo.py:906]: Error processing Open-Meteo data: Weather data is empty.
2026-04-25 14:17:48,018 [ERROR] [MainThread] [open_meteo/api.py:104]: No internet connection or host not found. Unable to fetch weather.
2026-04-25 14:17:48,018 [WARNING] [MainThread] [root/open_meteo.py:906]: Error processing Open-Meteo data: Weather data is empty.
2026-04-25 14:17:58,020 [ERROR] [MainThread] [open_meteo/api.py:104]: No internet connection or host not found. Unable to fetch weather.
2026-04-25 14:17:58,020 [WARNING] [MainThread] [root/open_meteo.py:906]: Error processing Open-Meteo data: Weather data is empty.
2026-04-25 14:18:08,034 [ERROR] [MainThread] [open_meteo/api.py:104]: No internet connection or host not found. Unable to fetch weather.
2026-04-25 14:18:08,034 [WARNING] [MainThread] [root/open_meteo.py:906]: Error processing Open-Meteo data: Weather data is empty.
2026-04-25 14:18:18,054 [ERROR] [MainThread] [open_meteo/api.py:104]: No internet connection or host not found. Unable to fetch weather.
2026-04-25 14:18:18,055 [WARNING] [MainThread] [root/open_meteo.py:906]: Error processing Open-Meteo data: Weather data is empty.
2026-04-25 14:18:28,068 [ERROR] [MainThread] [open_meteo/api.py:104]: No internet connection or host not found. Unable to fetch weather.
2026-04-25 14:18:28,069 [WARNING] [MainThread] [root/open_meteo.py:906]: Error processing Open-Meteo data: Weather data is empty.
2026-04-25 14:18:38,077 [ERROR] [MainThread] [open_meteo/api.py:104]: No internet connection or host not found. Unable to fetch weather.
2026-04-25 14:18:38,077 [WARNING] [MainThread] [root/open_meteo.py:906]: Error processing Open-Meteo data: Weather data is empty.
2026-04-25 14:18:48,079 [ERROR] [MainThread] [open_meteo/api.py:104]: No internet connection or host not found. Unable to fetch weather.
2026-04-25 14:18:48,080 [WARNING] [MainThread] [root/open_meteo.py:906]: Error processing Open-Meteo data: Weather data is empty.
2026-04-25 14:18:58,077 [ERROR] [MainThread] [open_meteo/api.py:104]: No internet connection or host not found. Unable to fetch weather.
2026-04-25 14:18:58,077 [WARNING] [MainThread] [root/open_meteo.py:906]: Error processing Open-Meteo data: Weather data is empty.
2026-04-25 14:19:08,080 [ERROR] [MainThread] [open_meteo/api.py:104]: No internet connection or host not found. Unable to fetch weather.
2026-04-25 14:19:08,080 [WARNING] [MainThread] [root/open_meteo.py:906]: Error processing Open-Meteo data: Weather data is empty.
2026-04-25 14:19:18,081 [ERROR] [MainThread] [open_meteo/api.py:104]: No internet connection or host not found. Unable to fetch weather.
2026-04-25 14:19:18,082 [WARNING] [MainThread] [root/open_meteo.py:906]: Error processing Open-Meteo data: Weather data is empty.
2026-04-25 14:19:28,086 [ERROR] [MainThread] [open_meteo/api.py:104]: No internet connection or host not found. Unable to fetch weather.
2026-04-25 14:19:28,086 [WARNING] [MainThread] [root/open_meteo.py:906]: Error processing Open-Meteo data: Weather data is empty.
2026-04-25 14:19:38,103 [ERROR] [MainThread] [open_meteo/api.py:104]: No internet connection or host not found. Unable to fetch weather.
2026-04-25 14:19:38,103 [WARNING] [MainThread] [root/open_meteo.py:906]: Error processing Open-Meteo data: Weather data is empty.
2026-04-25 14:19:48,121 [ERROR] [MainThread] [open_meteo/api.py:104]: No internet connection or host not found. Unable to fetch weather.
2026-04-25 14:19:48,121 [WARNING] [MainThread] [root/open_meteo.py:906]: Error processing Open-Meteo data: Weather data is empty.
2026-04-25 14:19:58,133 [ERROR] [MainThread] [open_meteo/api.py:104]: No internet connection or host not found. Unable to fetch weather.
2026-04-25 14:19:58,133 [WARNING] [MainThread] [root/open_meteo.py:906]: Error processing Open-Meteo data: Weather data is empty.
2026-04-25 14:20:08,143 [ERROR] [MainThread] [open_meteo/api.py:104]: No internet connection or host not found. Unable to fetch weather.
2026-04-25 14:20:08,143 [WARNING] [MainThread] [root/open_meteo.py:906]: Error processing Open-Meteo data: Weather data is empty.
2026-04-25 14:20:18,143 [ERROR] [MainThread] [open_meteo/api.py:104]: No internet connection or host not found. Unable to fetch weather.
2026-04-25 14:20:18,144 [WARNING] [MainThread] [root/open_meteo.py:906]: Error processing Open-Meteo data: Weather data is empty.
2026-04-25 14:20:28,152 [ERROR] [MainThread] [open_meteo/api.py:104]: No internet connection or host not found. Unable to fetch weather.
2026-04-25 14:20:28,152 [WARNING] [MainThread] [root/open_meteo.py:906]: Error processing Open-Meteo data: Weather data is empty.
2026-04-25 14:20:38,166 [ERROR] [MainThread] [open_meteo/api.py:104]: No internet connection or host not found. Unable to fetch weather.
2026-04-25 14:20:38,166 [WARNING] [MainThread] [root/open_meteo.py:906]: Error processing Open-Meteo data: Weather data is empty.
2026-04-25 14:20:48,174 [ERROR] [MainThread] [open_meteo/api.py:104]: No internet connection or host not found. Unable to fetch weather.
2026-04-25 14:20:48,174 [WARNING] [MainThread] [root/open_meteo.py:906]: Error processing Open-Meteo data: Weather data is empty.
2026-04-25 14:20:58,182 [ERROR] [MainThread] [open_meteo/api.py:104]: No internet connection or host not found. Unable to fetch weather.
2026-04-25 14:20:58,182 [WARNING] [MainThread] [root/open_meteo.py:906]: Error processing Open-Meteo data: Weather data is empty.
2026-04-25 14:21:08,186 [ERROR] [MainThread] [open_meteo/api.py:104]: No internet connection or host not found. Unable to fetch weather.
2026-04-25 14:21:08,186 [WARNING] [MainThread] [root/open_meteo.py:906]: Error processing Open-Meteo data: Weather data is empty.
2026-04-25 14:21:18,196 [ERROR] [MainThread] [open_meteo/api.py:104]: No internet connection or host not found. Unable to fetch weather.
2026-04-25 14:21:18,196 [WARNING] [MainThread] [root/open_meteo.py:906]: Error processing Open-Meteo data: Weather data is empty.
2026-04-25 14:21:28,213 [ERROR] [MainThread] [open_meteo/api.py:104]: No internet connection or host not found. Unable to fetch weather.
2026-04-25 14:21:28,213 [WARNING] [MainThread] [root/open_meteo.py:906]: Error processing Open-Meteo data: Weather data is empty.
2026-04-25 14:21:32,790 [INFO] [MainThread] [root/controller.py:43]: Exiting Application...
2026-04-25 14:21:32,898 [INFO] [MainThread] [cli_server/cli_server.py:114]: Log pipe server stopped
2026-04-25 14:21:32,899 [DEBUG] [MainThread] [cli_server/cli_server.py:209]: CLI server stopped
2026-04-25 14:21:33,014 [INFO] [MainThread] [root/bar_manager.py:103]: Stopping HotkeyListener...
2026-04-25 14:21:33,019 [INFO] [MainThread] [root/bar_manager.py:111]: Stopping WindowsNotificationEventListener...
2026-04-25 14:21:33,024 [INFO] [MainThread] [root/bar_manager.py:111]: Stopping SystemEventListener...
2026-04-25 14:21:33,031 [DEBUG] [MainThread] [systray_widget/systray.py:596]: Saving state to C:\Users\mathe\AppData\Local\YASB\systray_state_APSF24M.json
2026-04-25 14:21:33,048 [DEBUG] [MainThread] [systray_widget/utils.py:154]: Destroying window 66574
2026-04-25 14:21:33,049 [DEBUG] [SystrayMonitor] [systray_widget/systray_monitor.py:125]: WM_CLOSE received, destroying window 66574
2026-04-25 14:21:33,049 [DEBUG] [SystrayMonitor] [systray_widget/systray_monitor.py:129]: WM_DESTROY received for window 66574
2026-04-25 14:22:49,698 [INFO] [MainThread] [root/log.py:99]: YASB v1.9.1
2026-04-25 14:22:49,699 [INFO] [CLIPipeServer] [cli_server/cli_server.py:215]: CLI server started v1.1.6
2026-04-25 14:22:49,699 [INFO] [MainThread] [cli_server/cli_server.py:106]: Log pipe server started
2026-04-25 14:22:51,351 [INFO] [MainThread] [root/service.py:41]: AudioInputService starting...
2026-04-25 14:22:51,456 [INFO] [MainThread] [root/service.py:52]: AudioOutputService starting...
2026-04-25 14:22:51,711 [INFO] [MainThread] [root/bar_manager.py:219]: Starting HotkeyListener...
2026-04-25 14:22:51,711 [INFO] [MainThread] [root/bar_manager.py:95]: Starting WindowsNotificationEventListener...
2026-04-25 14:22:51,712 [INFO] [MainThread] [root/bar_manager.py:95]: Starting SystemEventListener...
2026-04-25 14:22:51,712 [DEBUG] [Dummy-6] [root/hotkeys.py:200]: Registered hotkey alt+shift+e
2026-04-25 14:22:51,712 [INFO] [MainThread] [root/watcher.py:65]: Watching directory: c:\users\mathe\.config\yasb
2026-04-25 14:22:51,713 [INFO] [MainThread] [root/watcher.py:104]: Created file watcher
2026-04-25 14:22:51,976 [INFO] [MainThread] [root/update_service.py:429]: Background update checker started
2026-04-25 14:22:52,079 [DEBUG] [MainThread] [systray_widget/systray.py:614]: Loading state from C:\Users\mathe\AppData\Local\YASB\systray_state_APSF24M.json
2026-04-25 14:22:52,089 [DEBUG] [SystrayMonitor] [systray_widget/systray.py:63]: Systray monitor thread is starting...
2026-04-25 14:22:52,316 [DEBUG] [SystrayMonitor] [systray_widget/systray_monitor.py:119]: Adding TaskbandHWND prop to hwnd 66474
2026-04-25 14:22:52,324 [DEBUG] [SystrayMonitor] [systray_widget/systray_monitor.py:197]: Finding real tray hwnd
2026-04-25 14:22:52,326 [DEBUG] [MainThread] [systray_widget/systray.py:261]: Sending TaskbarCreated message: 49272
2026-04-25 14:22:52,327 [DEBUG] [MainThread] [systray_widget/systray.py:263]: Systray icons refreshed
2026-04-25 14:22:54,570 [ERROR] [SystrayMonitor] [root/app_icons.py:282]: GetIconInfo failed: 0
2026-04-26 07:38:39,584 [ERROR] [MainThread] [open_meteo/api.py:104]: No internet connection or host not found. Unable to fetch weather.
2026-04-26 07:38:39,595 [WARNING] [MainThread] [root/open_meteo.py:906]: Error processing Open-Meteo data: Weather data is empty.
2026-04-26 23:59:41,973 [INFO] [MainThread] [root/controller.py:43]: Exiting Application...
2026-04-26 23:59:42,088 [INFO] [MainThread] [cli_server/cli_server.py:114]: Log pipe server stopped
2026-04-26 23:59:42,088 [DEBUG] [MainThread] [cli_server/cli_server.py:209]: CLI server stopped
2026-04-26 23:59:42,316 [INFO] [MainThread] [root/bar_manager.py:103]: Stopping HotkeyListener...
2026-04-26 23:59:42,332 [INFO] [MainThread] [root/bar_manager.py:111]: Stopping WindowsNotificationEventListener...
2026-04-26 23:59:42,341 [INFO] [MainThread] [root/bar_manager.py:111]: Stopping SystemEventListener...
2026-04-26 23:59:42,355 [DEBUG] [MainThread] [systray_widget/systray.py:596]: Saving state to C:\Users\mathe\AppData\Local\YASB\systray_state_APSF24M.json
2026-04-26 23:59:42,373 [DEBUG] [MainThread] [systray_widget/utils.py:154]: Destroying window 66474
2026-04-26 23:59:42,374 [DEBUG] [SystrayMonitor] [systray_widget/systray_monitor.py:125]: WM_CLOSE received, destroying window 66474
2026-04-26 23:59:42,374 [DEBUG] [SystrayMonitor] [systray_widget/systray_monitor.py:129]: WM_DESTROY received for window 66474
2026-04-27 20:39:12,775 [INFO] [MainThread] [root/log.py:99]: YASB v1.9.1
2026-04-27 20:39:12,776 [INFO] [CLIPipeServer] [cli_server/cli_server.py:215]: CLI server started v1.1.6
2026-04-27 20:39:12,776 [INFO] [MainThread] [cli_server/cli_server.py:106]: Log pipe server started
2026-04-27 20:39:14,619 [INFO] [MainThread] [root/service.py:41]: AudioInputService starting...
2026-04-27 20:39:14,691 [INFO] [MainThread] [root/service.py:52]: AudioOutputService starting...
2026-04-27 20:39:14,881 [INFO] [MainThread] [root/bar_manager.py:219]: Starting HotkeyListener...
2026-04-27 20:39:14,881 [INFO] [MainThread] [root/bar_manager.py:95]: Starting SystemEventListener...
2026-04-27 20:39:14,881 [DEBUG] [Dummy-6] [root/hotkeys.py:200]: Registered hotkey alt+shift+e
2026-04-27 20:39:14,881 [INFO] [MainThread] [root/bar_manager.py:95]: Starting WindowsNotificationEventListener...
2026-04-27 20:39:14,882 [INFO] [MainThread] [root/watcher.py:65]: Watching directory: c:\users\mathe\.config\yasb
2026-04-27 20:39:14,882 [INFO] [MainThread] [root/watcher.py:104]: Created file watcher
2026-04-27 20:39:15,194 [INFO] [MainThread] [root/update_service.py:429]: Background update checker started
2026-04-27 20:39:15,300 [DEBUG] [MainThread] [systray_widget/systray.py:614]: Loading state from C:\Users\mathe\AppData\Local\YASB\systray_state_APSF24M.json
2026-04-27 20:39:15,311 [DEBUG] [SystrayMonitor] [systray_widget/systray.py:63]: Systray monitor thread is starting...
2026-04-27 20:39:15,532 [DEBUG] [SystrayMonitor] [systray_widget/systray_monitor.py:119]: Adding TaskbandHWND prop to hwnd 66508
2026-04-27 20:39:15,532 [DEBUG] [SystrayMonitor] [systray_widget/systray_monitor.py:197]: Finding real tray hwnd
2026-04-27 20:39:15,587 [DEBUG] [MainThread] [systray_widget/systray.py:261]: Sending TaskbarCreated message: 49272
2026-04-27 20:39:15,587 [DEBUG] [MainThread] [systray_widget/systray.py:263]: Systray icons refreshed
2026-04-27 20:39:24,052 [ERROR] [SystrayMonitor] [root/app_icons.py:282]: GetIconInfo failed: 0
2026-04-27 23:21:09,939 [INFO] [MainThread] [root/controller.py:43]: Exiting Application...
2026-04-27 23:21:10,041 [INFO] [MainThread] [cli_server/cli_server.py:114]: Log pipe server stopped
2026-04-27 23:21:10,041 [DEBUG] [MainThread] [cli_server/cli_server.py:209]: CLI server stopped
2026-04-27 23:21:10,151 [INFO] [MainThread] [root/bar_manager.py:103]: Stopping HotkeyListener...
2026-04-27 23:21:10,153 [INFO] [MainThread] [root/bar_manager.py:111]: Stopping SystemEventListener...
2026-04-27 23:21:10,155 [INFO] [MainThread] [root/bar_manager.py:111]: Stopping WindowsNotificationEventListener...
2026-04-27 23:21:10,159 [DEBUG] [MainThread] [systray_widget/systray.py:596]: Saving state to C:\Users\mathe\AppData\Local\YASB\systray_state_APSF24M.json
2026-04-27 23:21:10,179 [DEBUG] [MainThread] [systray_widget/utils.py:154]: Destroying window 66508
2026-04-27 23:21:10,179 [DEBUG] [SystrayMonitor] [systray_widget/systray_monitor.py:125]: WM_CLOSE received, destroying window 66508
2026-04-27 23:21:10,179 [DEBUG] [SystrayMonitor] [systray_widget/systray_monitor.py:129]: WM_DESTROY received for window 66508
2026-04-28 19:58:07,113 [INFO] [MainThread] [root/log.py:99]: YASB v1.9.1
2026-04-28 19:58:07,115 [INFO] [CLIPipeServer] [cli_server/cli_server.py:215]: CLI server started v1.1.6
2026-04-28 19:58:07,116 [INFO] [MainThread] [cli_server/cli_server.py:106]: Log pipe server started
2026-04-28 19:58:09,170 [INFO] [MainThread] [root/service.py:41]: AudioInputService starting...
2026-04-28 19:58:09,253 [INFO] [MainThread] [root/service.py:52]: AudioOutputService starting...
2026-04-28 19:58:09,446 [INFO] [MainThread] [root/bar_manager.py:219]: Starting HotkeyListener...
2026-04-28 19:58:09,447 [INFO] [MainThread] [root/bar_manager.py:95]: Starting SystemEventListener...
2026-04-28 19:58:09,447 [INFO] [MainThread] [root/bar_manager.py:95]: Starting WindowsNotificationEventListener...
2026-04-28 19:58:09,447 [DEBUG] [Dummy-6] [root/hotkeys.py:200]: Registered hotkey alt+shift+e
2026-04-28 19:58:09,449 [INFO] [MainThread] [root/watcher.py:65]: Watching directory: c:\users\mathe\.config\yasb
2026-04-28 19:58:09,450 [INFO] [MainThread] [root/watcher.py:104]: Created file watcher
2026-04-28 19:58:09,722 [INFO] [MainThread] [root/update_service.py:429]: Background update checker started
2026-04-28 19:58:09,840 [DEBUG] [MainThread] [systray_widget/systray.py:614]: Loading state from C:\Users\mathe\AppData\Local\YASB\systray_state_APSF24M.json
2026-04-28 19:58:09,850 [DEBUG] [SystrayMonitor] [systray_widget/systray.py:63]: Systray monitor thread is starting...
2026-04-28 19:58:10,072 [DEBUG] [SystrayMonitor] [systray_widget/systray_monitor.py:119]: Adding TaskbandHWND prop to hwnd 66524
2026-04-28 19:58:10,098 [DEBUG] [SystrayMonitor] [systray_widget/systray_monitor.py:197]: Finding real tray hwnd
2026-04-28 19:58:10,100 [DEBUG] [MainThread] [systray_widget/systray.py:261]: Sending TaskbarCreated message: 49262
2026-04-28 19:58:10,100 [DEBUG] [MainThread] [systray_widget/systray.py:263]: Systray icons refreshed
2026-04-28 19:58:20,487 [ERROR] [SystrayMonitor] [root/app_icons.py:282]: GetIconInfo failed: 0
2026-04-29 00:35:29,541 [INFO] [MainThread] [root/controller.py:43]: Exiting Application...
2026-04-29 00:35:29,653 [INFO] [MainThread] [cli_server/cli_server.py:114]: Log pipe server stopped
2026-04-29 00:35:29,654 [DEBUG] [MainThread] [cli_server/cli_server.py:209]: CLI server stopped
2026-04-29 00:35:29,735 [INFO] [MainThread] [root/bar_manager.py:103]: Stopping HotkeyListener...
2026-04-29 00:35:29,739 [INFO] [MainThread] [root/bar_manager.py:111]: Stopping SystemEventListener...
2026-04-29 00:35:29,745 [INFO] [MainThread] [root/bar_manager.py:111]: Stopping WindowsNotificationEventListener...
2026-04-29 00:35:29,751 [DEBUG] [MainThread] [systray_widget/systray.py:596]: Saving state to C:\Users\mathe\AppData\Local\YASB\systray_state_APSF24M.json
2026-04-29 00:35:29,764 [DEBUG] [MainThread] [systray_widget/utils.py:154]: Destroying window 66524
2026-04-29 00:35:29,764 [DEBUG] [SystrayMonitor] [systray_widget/systray_monitor.py:125]: WM_CLOSE received, destroying window 66524
2026-04-29 00:35:29,764 [DEBUG] [SystrayMonitor] [systray_widget/systray_monitor.py:129]: WM_DESTROY received for window 66524
2026-04-29 21:45:47,656 [INFO] [MainThread] [root/log.py:99]: YASB v1.9.1
2026-04-29 21:45:47,657 [INFO] [CLIPipeServer] [cli_server/cli_server.py:215]: CLI server started v1.1.6
2026-04-29 21:45:47,657 [INFO] [MainThread] [cli_server/cli_server.py:106]: Log pipe server started
2026-04-29 21:45:49,752 [INFO] [MainThread] [root/service.py:41]: AudioInputService starting...
2026-04-29 21:45:49,842 [INFO] [MainThread] [root/service.py:52]: AudioOutputService starting...
2026-04-29 21:45:50,035 [INFO] [MainThread] [root/bar_manager.py:219]: Starting HotkeyListener...
2026-04-29 21:45:50,035 [INFO] [MainThread] [root/bar_manager.py:95]: Starting WindowsNotificationEventListener...
2026-04-29 21:45:50,035 [INFO] [MainThread] [root/bar_manager.py:95]: Starting SystemEventListener...
2026-04-29 21:45:50,036 [INFO] [MainThread] [root/watcher.py:65]: Watching directory: c:\users\mathe\.config\yasb
2026-04-29 21:45:50,036 [INFO] [MainThread] [root/watcher.py:104]: Created file watcher
2026-04-29 21:45:50,036 [DEBUG] [Dummy-8] [root/hotkeys.py:200]: Registered hotkey alt+shift+e
2026-04-29 21:45:50,311 [INFO] [MainThread] [root/update_service.py:429]: Background update checker started
2026-04-29 21:45:50,426 [DEBUG] [MainThread] [systray_widget/systray.py:614]: Loading state from C:\Users\mathe\AppData\Local\YASB\systray_state_APSF24M.json
2026-04-29 21:45:50,436 [DEBUG] [SystrayMonitor] [systray_widget/systray.py:63]: Systray monitor thread is starting...
2026-04-29 21:45:50,654 [DEBUG] [SystrayMonitor] [systray_widget/systray_monitor.py:119]: Adding TaskbandHWND prop to hwnd 66518
2026-04-29 21:45:50,657 [DEBUG] [SystrayMonitor] [systray_widget/systray_monitor.py:197]: Finding real tray hwnd
2026-04-29 21:45:50,658 [DEBUG] [MainThread] [systray_widget/systray.py:261]: Sending TaskbarCreated message: 49272
2026-04-29 21:45:50,658 [DEBUG] [MainThread] [systray_widget/systray.py:263]: Systray icons refreshed
2026-04-29 21:45:54,082 [ERROR] [SystrayMonitor] [root/app_icons.py:282]: GetIconInfo failed: 0
2026-04-29 23:13:09,492 [INFO] [MainThread] [root/controller.py:43]: Exiting Application...
2026-04-29 23:13:09,598 [INFO] [MainThread] [cli_server/cli_server.py:114]: Log pipe server stopped
2026-04-29 23:13:09,598 [DEBUG] [MainThread] [cli_server/cli_server.py:209]: CLI server stopped
2026-04-29 23:13:09,674 [INFO] [MainThread] [root/bar_manager.py:103]: Stopping HotkeyListener...
2026-04-29 23:13:09,676 [INFO] [MainThread] [root/bar_manager.py:111]: Stopping WindowsNotificationEventListener...
2026-04-29 23:13:09,678 [INFO] [MainThread] [root/bar_manager.py:111]: Stopping SystemEventListener...
2026-04-29 23:13:09,682 [DEBUG] [MainThread] [systray_widget/systray.py:596]: Saving state to C:\Users\mathe\AppData\Local\YASB\systray_state_APSF24M.json
2026-04-29 23:13:09,692 [DEBUG] [MainThread] [systray_widget/utils.py:154]: Destroying window 66518
2026-04-29 23:13:09,692 [DEBUG] [SystrayMonitor] [systray_widget/systray_monitor.py:125]: WM_CLOSE received, destroying window 66518
2026-04-29 23:13:09,692 [DEBUG] [SystrayMonitor] [systray_widget/systray_monitor.py:129]: WM_DESTROY received for window 66518
2026-04-30 17:54:15,628 [INFO] [MainThread] [root/log.py:99]: YASB v1.9.1
2026-04-30 17:54:15,629 [INFO] [CLIPipeServer] [cli_server/cli_server.py:215]: CLI server started v1.1.6
2026-04-30 17:54:15,629 [INFO] [MainThread] [cli_server/cli_server.py:106]: Log pipe server started
2026-04-30 17:54:17,351 [INFO] [MainThread] [root/service.py:41]: AudioInputService starting...
2026-04-30 17:54:17,463 [INFO] [MainThread] [root/service.py:52]: AudioOutputService starting...
2026-04-30 17:54:17,656 [INFO] [MainThread] [root/bar_manager.py:219]: Starting HotkeyListener...
2026-04-30 17:54:17,656 [INFO] [MainThread] [root/bar_manager.py:95]: Starting WindowsNotificationEventListener...
2026-04-30 17:54:17,656 [INFO] [MainThread] [root/bar_manager.py:95]: Starting SystemEventListener...
2026-04-30 17:54:17,657 [DEBUG] [Dummy-6] [root/hotkeys.py:200]: Registered hotkey alt+shift+e
2026-04-30 17:54:17,658 [INFO] [MainThread] [root/watcher.py:65]: Watching directory: c:\users\mathe\.config\yasb
2026-04-30 17:54:17,658 [INFO] [MainThread] [root/watcher.py:104]: Created file watcher
2026-04-30 17:54:17,931 [INFO] [MainThread] [root/update_service.py:429]: Background update checker started
2026-04-30 17:54:18,048 [DEBUG] [MainThread] [systray_widget/systray.py:614]: Loading state from C:\Users\mathe\AppData\Local\YASB\systray_state_APSF24M.json
2026-04-30 17:54:18,059 [DEBUG] [SystrayMonitor] [systray_widget/systray.py:63]: Systray monitor thread is starting...
2026-04-30 17:54:18,282 [DEBUG] [SystrayMonitor] [systray_widget/systray_monitor.py:119]: Adding TaskbandHWND prop to hwnd 66518
2026-04-30 17:54:18,291 [DEBUG] [SystrayMonitor] [systray_widget/systray_monitor.py:197]: Finding real tray hwnd
2026-04-30 17:54:18,293 [DEBUG] [MainThread] [systray_widget/systray.py:261]: Sending TaskbarCreated message: 49272
2026-04-30 17:54:18,293 [DEBUG] [MainThread] [systray_widget/systray.py:263]: Systray icons refreshed
2026-04-30 17:54:24,354 [ERROR] [SystrayMonitor] [root/app_icons.py:282]: GetIconInfo failed: 0
2026-04-30 18:10:39,839 [ERROR] [WiFiWorker] [wifi_widget/wifi_managers.py:148]: WiFiWorker error: [WinError -2147024846] Não há suporte para o pedido.
2026-04-30 18:11:00,117 [ERROR] [WiFiWorker] [wifi_widget/wifi_managers.py:148]: WiFiWorker error: [WinError -2147024809] Parâmetro incorreto.
2026-05-01 00:49:07,147 [INFO] [MainThread] [root/controller.py:43]: Exiting Application...
2026-05-01 00:49:07,253 [INFO] [MainThread] [cli_server/cli_server.py:114]: Log pipe server stopped
2026-05-01 00:49:07,253 [DEBUG] [MainThread] [cli_server/cli_server.py:209]: CLI server stopped
2026-05-01 00:49:07,383 [INFO] [MainThread] [root/bar_manager.py:103]: Stopping HotkeyListener...
2026-05-01 00:49:07,386 [INFO] [MainThread] [root/bar_manager.py:111]: Stopping WindowsNotificationEventListener...
2026-05-01 00:49:07,389 [INFO] [MainThread] [root/bar_manager.py:111]: Stopping SystemEventListener...
2026-05-01 00:49:07,399 [DEBUG] [MainThread] [systray_widget/systray.py:596]: Saving state to C:\Users\mathe\AppData\Local\YASB\systray_state_APSF24M.json
2026-05-01 00:49:07,417 [DEBUG] [MainThread] [systray_widget/utils.py:154]: Destroying window 66518
2026-05-01 00:49:07,418 [DEBUG] [SystrayMonitor] [systray_widget/systray_monitor.py:125]: WM_CLOSE received, destroying window 66518
2026-05-01 00:49:07,418 [DEBUG] [SystrayMonitor] [systray_widget/systray_monitor.py:129]: WM_DESTROY received for window 66518
2026-05-01 12:30:41,686 [INFO] [MainThread] [root/log.py:99]: YASB v1.9.1
2026-05-01 12:30:41,688 [INFO] [CLIPipeServer] [cli_server/cli_server.py:215]: CLI server started v1.1.6
2026-05-01 12:30:41,688 [INFO] [MainThread] [cli_server/cli_server.py:106]: Log pipe server started
2026-05-01 12:30:43,402 [INFO] [MainThread] [root/service.py:41]: AudioInputService starting...
2026-05-01 12:30:43,523 [INFO] [MainThread] [root/service.py:52]: AudioOutputService starting...
2026-05-01 12:30:43,735 [INFO] [MainThread] [root/bar_manager.py:219]: Starting HotkeyListener...
2026-05-01 12:30:43,736 [INFO] [MainThread] [root/bar_manager.py:95]: Starting WindowsNotificationEventListener...
2026-05-01 12:30:43,736 [INFO] [MainThread] [root/bar_manager.py:95]: Starting SystemEventListener...
2026-05-01 12:30:43,736 [DEBUG] [Dummy-6] [root/hotkeys.py:200]: Registered hotkey alt+shift+e
2026-05-01 12:30:43,737 [INFO] [MainThread] [root/watcher.py:65]: Watching directory: c:\users\mathe\.config\yasb
2026-05-01 12:30:43,737 [INFO] [MainThread] [root/watcher.py:104]: Created file watcher
2026-05-01 12:30:43,996 [INFO] [MainThread] [root/update_service.py:429]: Background update checker started
2026-05-01 12:30:44,102 [DEBUG] [MainThread] [systray_widget/systray.py:614]: Loading state from C:\Users\mathe\AppData\Local\YASB\systray_state_APSF24M.json
2026-05-01 12:30:44,112 [DEBUG] [SystrayMonitor] [systray_widget/systray.py:63]: Systray monitor thread is starting...
2026-05-01 12:30:44,347 [DEBUG] [SystrayMonitor] [systray_widget/systray_monitor.py:119]: Adding TaskbandHWND prop to hwnd 66518
2026-05-01 12:30:44,349 [DEBUG] [SystrayMonitor] [systray_widget/systray_monitor.py:197]: Finding real tray hwnd
2026-05-01 12:30:44,351 [DEBUG] [MainThread] [systray_widget/systray.py:261]: Sending TaskbarCreated message: 49262
2026-05-01 12:30:44,351 [DEBUG] [MainThread] [systray_widget/systray.py:263]: Systray icons refreshed
2026-05-01 12:30:51,595 [ERROR] [SystrayMonitor] [root/app_icons.py:282]: GetIconInfo failed: 0
2026-05-02 01:12:26,276 [INFO] [MainThread] [root/controller.py:43]: Exiting Application...
2026-05-02 01:12:26,385 [INFO] [MainThread] [cli_server/cli_server.py:114]: Log pipe server stopped
2026-05-02 01:12:26,385 [DEBUG] [MainThread] [cli_server/cli_server.py:209]: CLI server stopped
2026-05-02 01:12:26,962 [INFO] [MainThread] [root/bar_manager.py:103]: Stopping HotkeyListener...
2026-05-02 01:12:27,035 [INFO] [MainThread] [root/bar_manager.py:111]: Stopping WindowsNotificationEventListener...
2026-05-02 01:12:27,047 [INFO] [MainThread] [root/bar_manager.py:111]: Stopping SystemEventListener...
2026-05-02 01:12:27,068 [DEBUG] [MainThread] [systray_widget/systray.py:596]: Saving state to C:\Users\mathe\AppData\Local\YASB\systray_state_APSF24M.json
2026-05-02 01:12:27,080 [DEBUG] [MainThread] [systray_widget/utils.py:154]: Destroying window 66518
2026-05-02 01:12:27,080 [DEBUG] [SystrayMonitor] [systray_widget/systray_monitor.py:125]: WM_CLOSE received, destroying window 66518
2026-05-02 01:12:27,081 [DEBUG] [SystrayMonitor] [systray_widget/systray_monitor.py:129]: WM_DESTROY received for window 66518
2026-05-02 20:22:34,325 [INFO] [MainThread] [root/log.py:99]: YASB v1.9.1
2026-05-02 20:22:34,327 [INFO] [CLIPipeServer] [cli_server/cli_server.py:215]: CLI server started v1.1.6
2026-05-02 20:22:34,327 [INFO] [MainThread] [cli_server/cli_server.py:106]: Log pipe server started
2026-05-02 20:22:36,055 [INFO] [MainThread] [root/service.py:41]: AudioInputService starting...
2026-05-02 20:22:36,173 [INFO] [MainThread] [root/service.py:52]: AudioOutputService starting...
2026-05-02 20:22:36,364 [INFO] [MainThread] [root/bar_manager.py:219]: Starting HotkeyListener...
2026-05-02 20:22:36,364 [INFO] [MainThread] [root/bar_manager.py:95]: Starting WindowsNotificationEventListener...
2026-05-02 20:22:36,364 [INFO] [MainThread] [root/bar_manager.py:95]: Starting SystemEventListener...
2026-05-02 20:22:36,365 [DEBUG] [Dummy-7] [root/hotkeys.py:200]: Registered hotkey alt+shift+e
2026-05-02 20:22:36,365 [INFO] [MainThread] [root/watcher.py:65]: Watching directory: c:\users\mathe\.config\yasb
2026-05-02 20:22:36,366 [INFO] [MainThread] [root/watcher.py:104]: Created file watcher
2026-05-02 20:22:36,679 [INFO] [MainThread] [root/update_service.py:429]: Background update checker started
2026-05-02 20:22:36,798 [DEBUG] [MainThread] [systray_widget/systray.py:614]: Loading state from C:\Users\mathe\AppData\Local\YASB\systray_state_APSF24M.json
2026-05-02 20:22:36,812 [DEBUG] [SystrayMonitor] [systray_widget/systray.py:63]: Systray monitor thread is starting...
2026-05-02 20:22:37,033 [DEBUG] [SystrayMonitor] [systray_widget/systray_monitor.py:119]: Adding TaskbandHWND prop to hwnd 66540
2026-05-02 20:22:37,035 [DEBUG] [SystrayMonitor] [systray_widget/systray_monitor.py:197]: Finding real tray hwnd
2026-05-02 20:22:37,037 [DEBUG] [MainThread] [systray_widget/systray.py:261]: Sending TaskbarCreated message: 49272
2026-05-02 20:22:37,037 [DEBUG] [MainThread] [systray_widget/systray.py:263]: Systray icons refreshed
2026-05-02 20:22:43,334 [ERROR] [SystrayMonitor] [root/app_icons.py:282]: GetIconInfo failed: 0
2026-05-02 20:24:53,880 [INFO] [MainThread] [root/controller.py:43]: Exiting Application from tray...
2026-05-02 20:24:53,994 [INFO] [MainThread] [cli_server/cli_server.py:114]: Log pipe server stopped
2026-05-02 20:24:53,994 [DEBUG] [MainThread] [cli_server/cli_server.py:209]: CLI server stopped
2026-05-02 20:24:54,054 [INFO] [MainThread] [root/bar_manager.py:103]: Stopping HotkeyListener...
2026-05-02 20:24:54,055 [INFO] [MainThread] [root/bar_manager.py:111]: Stopping WindowsNotificationEventListener...
2026-05-02 20:24:54,057 [INFO] [MainThread] [root/bar_manager.py:111]: Stopping SystemEventListener...
2026-05-02 20:24:54,059 [DEBUG] [MainThread] [systray_widget/systray.py:596]: Saving state to C:\Users\mathe\AppData\Local\YASB\systray_state_APSF24M.json
2026-05-02 20:24:54,063 [DEBUG] [MainThread] [systray_widget/utils.py:154]: Destroying window 66540
2026-05-02 20:24:54,063 [DEBUG] [SystrayMonitor] [systray_widget/systray_monitor.py:125]: WM_CLOSE received, destroying window 66540
2026-05-02 20:24:54,063 [DEBUG] [SystrayMonitor] [systray_widget/systray_monitor.py:129]: WM_DESTROY received for window 66540
2026-05-02 20:25:21,546 [INFO] [MainThread] [root/log.py:104]: YASB v2.0.0
2026-05-02 20:25:21,547 [INFO] [CLIPipeServer] [cli_server/cli_server.py:216]: CLI server started v1.1.7
2026-05-02 20:25:21,547 [INFO] [MainThread] [cli_server/cli_server.py:106]: Log pipe server started
2026-05-02 20:25:21,666 [WARNING] [MainThread] [deprecation/deprecation.py:133]: [DEPRECATED] BarAlignment: 'center' - Use 'align' instead.
2026-05-02 20:25:21,666 [WARNING] [MainThread] [deprecation/deprecation.py:133]: [DEPRECATED] BarBlurEffect: 'acrylic' - No longer supported and can be removed from the config.
2026-05-02 20:25:21,878 [WARNING] [MainThread] [deprecation/deprecation.py:133]: [DEPRECATED] GlazewmWorkspacesConfig: 'hide_empty_workspaces' - No longer supported and can be removed from the config.
2026-05-02 20:25:21,878 [WARNING] [MainThread] [deprecation/deprecation.py:133]: [DEPRECATED] GlazewmWorkspacesConfig: 'btn_shadow' - Use CSS box-shadow instead.
2026-05-02 20:25:21,878 [WARNING] [MainThread] [deprecation/deprecation.py:133]: [DEPRECATED] GlazewmWorkspacesConfig: 'animation' - Use CSS animations instead.
2026-05-02 20:25:21,953 [WARNING] [MainThread] [deprecation/deprecation.py:133]: [DEPRECATED] GlazewmTilingDirectionConfig: 'btn_shadow' - Use CSS box-shadow instead.
2026-05-02 20:25:22,364 [WARNING] [MainThread] [deprecation/deprecation.py:133]: [DEPRECATED] MediaWidgetConfig: 'label_shadow' - Use CSS text-shadow instead.
2026-05-02 20:25:22,529 [INFO] [MainThread] [root/service.py:41]: AudioInputService starting...
2026-05-02 20:25:22,628 [INFO] [MainThread] [root/service.py:52]: AudioOutputService starting...
2026-05-02 20:25:22,710 [WARNING] [MainThread] [deprecation/deprecation.py:133]: [DEPRECATED] SystrayWidgetConfig: 'btn_shadow' - Use CSS box-shadow instead.
2026-05-02 20:25:22,808 [INFO] [MainThread] [root/bar_manager.py:228]: Starting HotkeyListener...
2026-05-02 20:25:22,808 [INFO] [MainThread] [root/bar_manager.py:102]: Starting WindowsNotificationEventListener...
2026-05-02 20:25:22,808 [INFO] [MainThread] [root/bar_manager.py:102]: Starting SystemEventListener...
2026-05-02 20:25:22,809 [INFO] [MainThread] [root/watcher.py:65]: Watching directory: c:\users\mathe\.config\yasb
2026-05-02 20:25:22,809 [INFO] [MainThread] [root/watcher.py:104]: Created file watcher
2026-05-02 20:25:23,047 [INFO] [MainThread] [root/update_service.py:434]: Background update checker started
Windows fatal exception: access violation

Current thread 0x00002ecc [SystrayMonitor] (most recent call first):
  File "D:\a\yasb\yasb\src\core\widgets\services\systray\utils.py", line 229 in validate_icon_data
  File "D:\a\yasb\yasb\src\core\widgets\services\systray\systray_monitor.py", line 158 in handle_copy_data
  File "D:\a\yasb\yasb\src\core\widgets\services\systray\systray_monitor.py", line 142 in _window_proc
  File "D:\a\yasb\yasb\src\core\utils\win32\bindings\user32.py", line 375 in SendMessage
  File "D:\a\yasb\yasb\src\core\widgets\services\systray\systray_monitor.py", line 203 in forward_message
  File "D:\a\yasb\yasb\src\core\widgets\services\systray\systray_monitor.py", line 177 in handle_copy_data
  File "D:\a\yasb\yasb\src\core\widgets\services\systray\systray_monitor.py", line 142 in _window_proc
  File "D:\a\yasb\yasb\src\core\widgets\services\systray\utils.py", line 145 in start_message_loop
  File "D:\a\yasb\yasb\src\core\widgets\services\systray\systray_monitor.py", line 99 in run
  File "D:\a\yasb\yasb\src\core\widgets\yasb\systray.py", line 65 in run

Thread 0x00002cb8 [asyncio_0] (most recent call first):
  File "C:\hostedtoolcache\windows\Python\3.14.4\x64\Lib\threading.py", line 373 in wait
  File "C:\hostedtoolcache\windows\Python\3.14.4\x64\Lib\threading.py", line 670 in wait
  File "C:\hostedtoolcache\windows\Python\3.14.4\x64\Lib\concurrent\futures\thread.py", line 73 in run
  File "C:\hostedtoolcache\windows\Python\3.14.4\x64\Lib\concurrent\futures\thread.py", line 86 in run
  File "C:\hostedtoolcache\windows\Python\3.14.4\x64\Lib\concurrent\futures\thread.py", line 119 in _worker
  File "C:\hostedtoolcache\windows\Python\3.14.4\x64\Lib\threading.py", line 1024 in run
  File "C:\hostedtoolcache\windows\Python\3.14.4\x64\Lib\threading.py", line 1082 in _bootstrap_inner
  File "C:\hostedtoolcache\windows\Python\3.14.4\x64\Lib\threading.py", line 1044 in _bootstrap

Thread 0x00002cbc [Thread-7] (most recent call first):
  File "C:\hostedtoolcache\windows\Python\3.14.4\x64\Lib\threading.py", line 369 in wait
  File "C:\hostedtoolcache\windows\Python\3.14.4\x64\Lib\queue.py", line 199 in get
  File "D:\a\yasb\yasb\venv\Lib\site-packages\watchdog\observers\api.py", line 379 in dispatch_events
  File "D:\a\yasb\yasb\venv\Lib\site-packages\watchdog\observers\api.py", line 213 in run
  File "C:\hostedtoolcache\windows\Python\3.14.4\x64\Lib\threading.py", line 1082 in _bootstrap_inner
  File "C:\hostedtoolcache\windows\Python\3.14.4\x64\Lib\threading.py", line 1044 in _bootstrap

Thread 0x00002cac [Thread-8] (most recent call first):
  File "D:\a\yasb\yasb\venv\Lib\site-packages\watchdog\observers\winapi.py", line 326 in read_directory_changes
  File "D:\a\yasb\yasb\venv\Lib\site-packages\watchdog\observers\winapi.py", line 380 in read_events
  File "D:\a\yasb\yasb\venv\Lib\site-packages\watchdog\observers\read_directory_changes.py", line 67 in _read_events
  File "D:\a\yasb\yasb\venv\Lib\site-packages\watchdog\observers\read_directory_changes.py", line 70 in queue_events
  File "D:\a\yasb\yasb\venv\Lib\site-packages\watchdog\observers\api.py", line 158 in run
  File "C:\hostedtoolcache\windows\Python\3.14.4\x64\Lib\threading.py", line 1082 in _bootstrap_inner
  File "C:\hostedtoolcache\windows\Python\3.14.4\x64\Lib\threading.py", line 1044 in _bootstrap

Thread 0x00002cb4 [SystemEventListener] (most recent call first):
  File "D:\a\yasb\yasb\src\core\utils\win32\event_listener.py", line 69 in run

Thread 0x000004dc [WindowsNotificationEventListener] (most recent call first):
  File "C:\hostedtoolcache\windows\Python\3.14.4\x64\Lib\asyncio\windows_events.py", line 775 in _poll
  File "C:\hostedtoolcache\windows\Python\3.14.4\x64\Lib\asyncio\windows_events.py", line 446 in select
  File "C:\hostedtoolcache\windows\Python\3.14.4\x64\Lib\asyncio\base_events.py", line 2019 in _run_once
  File "C:\hostedtoolcache\windows\Python\3.14.4\x64\Lib\asyncio\base_events.py", line 677 in run_forever
  File "C:\hostedtoolcache\windows\Python\3.14.4\x64\Lib\asyncio\base_events.py", line 706 in run_until_complete
  File "D:\a\yasb\yasb\src\core\widgets\services\notifications\windows_notification.py", line 101 in run

Thread 0x00000dc0 [HotkeyListener] (most recent call first):
  File "D:\a\yasb\yasb\src\core\utils\win32\hotkeys.py", line 252 in run

Thread 0x0000242c [WiFiWorker] (most recent call first):
  File "D:\a\yasb\yasb\src\core\widgets\services\wifi\wifi_managers.py", line 166 in _get_wifi_name
  File "D:\a\yasb\yasb\src\core\widgets\services\wifi\wifi_managers.py", line 144 in run

Thread 0x00000968 [_EventWorker] (most recent call first):
  File "D:\a\yasb\yasb\venv\Lib\site-packages\qasync\_windows.py", line 147 in _poll
  File "D:\a\yasb\yasb\venv\Lib\site-packages\qasync\_windows.py", line 72 in select
  File "D:\a\yasb\yasb\venv\Lib\site-packages\qasync\_windows.py", line 199 in run

Thread 0x000028c8 [LogPipeServer] (most recent call first):
  File "D:\a\yasb\yasb\src\core\utils\win32\bindings\kernel32.py", line 288 in ConnectNamedPipe
  File "D:\a\yasb\yasb\src\core\utils\cli_server.py", line 138 in _run_server
  File "C:\hostedtoolcache\windows\Python\3.14.4\x64\Lib\threading.py", line 1024 in run
  File "C:\hostedtoolcache\windows\Python\3.14.4\x64\Lib\threading.py", line 1082 in _bootstrap_inner
  File "C:\hostedtoolcache\windows\Python\3.14.4\x64\Lib\threading.py", line 1044 in _bootstrap

Thread 0x00002370 [CLIPipeServer] (most recent call first):
  File "D:\a\yasb\yasb\src\core\utils\win32\bindings\kernel32.py", line 288 in ConnectNamedPipe
  File "D:\a\yasb\yasb\src\core\utils\cli_server.py", line 235 in _run_server
  File "C:\hostedtoolcache\windows\Python\3.14.4\x64\Lib\threading.py", line 1024 in run
  File "C:\hostedtoolcache\windows\Python\3.14.4\x64\Lib\threading.py", line 1082 in _bootstrap_inner
  File "C:\hostedtoolcache\windows\Python\3.14.4\x64\Lib\threading.py", line 1044 in _bootstrap

Thread 0x000027b0 (most recent call first):
  File "D:\a\yasb\yasb\venv\Lib\site-packages\qasync\__init__.py", line 404 in run_forever
  File "D:\a\yasb\yasb\venv\Lib\site-packages\qasync\__init__.py", line 428 in run_until_complete
  File "main.py", line 98 in main
  File "main.py", line 188 in <module>
  File "D:\a\yasb\yasb\venv\Lib\site-packages\freeze_core\initscripts\console.py", line 27 in run
  File "D:\a\yasb\yasb\venv\Lib\site-packages\freeze_core\initscripts\__startup__.py", line 137 in run

Current thread's C stack trace (most recent call first):
  <cannot get C stack on this system>
2026-05-02 20:25:32,605 [INFO] [MainThread] [root/log.py:104]: YASB v2.0.0
2026-05-02 20:25:32,605 [INFO] [CLIPipeServer] [cli_server/cli_server.py:216]: CLI server started v1.1.7
2026-05-02 20:25:32,605 [INFO] [MainThread] [cli_server/cli_server.py:106]: Log pipe server started
2026-05-02 20:25:32,636 [WARNING] [MainThread] [deprecation/deprecation.py:133]: [DEPRECATED] BarAlignment: 'center' - Use 'align' instead.
2026-05-02 20:25:32,637 [WARNING] [MainThread] [deprecation/deprecation.py:133]: [DEPRECATED] BarBlurEffect: 'acrylic' - No longer supported and can be removed from the config.
2026-05-02 20:25:32,683 [WARNING] [MainThread] [deprecation/deprecation.py:133]: [DEPRECATED] GlazewmWorkspacesConfig: 'hide_empty_workspaces' - No longer supported and can be removed from the config.
2026-05-02 20:25:32,683 [WARNING] [MainThread] [deprecation/deprecation.py:133]: [DEPRECATED] GlazewmWorkspacesConfig: 'btn_shadow' - Use CSS box-shadow instead.
2026-05-02 20:25:32,683 [WARNING] [MainThread] [deprecation/deprecation.py:133]: [DEPRECATED] GlazewmWorkspacesConfig: 'animation' - Use CSS animations instead.
2026-05-02 20:25:32,695 [WARNING] [MainThread] [deprecation/deprecation.py:133]: [DEPRECATED] GlazewmTilingDirectionConfig: 'btn_shadow' - Use CSS box-shadow instead.
2026-05-02 20:25:32,973 [WARNING] [MainThread] [deprecation/deprecation.py:133]: [DEPRECATED] MediaWidgetConfig: 'label_shadow' - Use CSS text-shadow instead.
2026-05-02 20:25:33,026 [INFO] [MainThread] [root/service.py:41]: AudioInputService starting...
2026-05-02 20:25:33,101 [INFO] [MainThread] [root/service.py:52]: AudioOutputService starting...
2026-05-02 20:25:33,134 [WARNING] [MainThread] [deprecation/deprecation.py:133]: [DEPRECATED] SystrayWidgetConfig: 'btn_shadow' - Use CSS box-shadow instead.
2026-05-02 20:25:33,210 [INFO] [MainThread] [root/bar_manager.py:228]: Starting HotkeyListener...
2026-05-02 20:25:33,210 [INFO] [MainThread] [root/bar_manager.py:102]: Starting WindowsNotificationEventListener...
2026-05-02 20:25:33,211 [INFO] [MainThread] [root/bar_manager.py:102]: Starting SystemEventListener...
2026-05-02 20:25:33,212 [INFO] [MainThread] [root/watcher.py:65]: Watching directory: c:\users\mathe\.config\yasb
2026-05-02 20:25:33,212 [INFO] [MainThread] [root/watcher.py:104]: Created file watcher
2026-05-02 20:25:33,231 [INFO] [MainThread] [root/update_service.py:434]: Background update checker started
Windows fatal exception: access violation

Current thread 0x00003f38 [SystrayMonitor] (most recent call first):
  File "D:\a\yasb\yasb\src\core\widgets\services\systray\utils.py", line 229 in validate_icon_data
  File "D:\a\yasb\yasb\src\core\widgets\services\systray\systray_monitor.py", line 158 in handle_copy_data
  File "D:\a\yasb\yasb\src\core\widgets\services\systray\systray_monitor.py", line 142 in _window_proc
  File "D:\a\yasb\yasb\src\core\utils\win32\bindings\user32.py", line 375 in SendMessage
  File "D:\a\yasb\yasb\src\core\widgets\services\systray\systray_monitor.py", line 203 in forward_message
  File "D:\a\yasb\yasb\src\core\widgets\services\systray\systray_monitor.py", line 177 in handle_copy_data
  File "D:\a\yasb\yasb\src\core\widgets\services\systray\systray_monitor.py", line 142 in _window_proc
  File "D:\a\yasb\yasb\src\core\widgets\services\systray\utils.py", line 145 in start_message_loop
  File "D:\a\yasb\yasb\src\core\widgets\services\systray\systray_monitor.py", line 99 in run
  File "D:\a\yasb\yasb\src\core\widgets\yasb\systray.py", line 65 in run

Thread 0x00000c38 [asyncio_0] (most recent call first):
  File "C:\hostedtoolcache\windows\Python\3.14.4\x64\Lib\threading.py", line 373 in wait
  File "C:\hostedtoolcache\windows\Python\3.14.4\x64\Lib\threading.py", line 670 in wait
  File "C:\hostedtoolcache\windows\Python\3.14.4\x64\Lib\concurrent\futures\thread.py", line 73 in run
  File "C:\hostedtoolcache\windows\Python\3.14.4\x64\Lib\concurrent\futures\thread.py", line 86 in run
  File "C:\hostedtoolcache\windows\Python\3.14.4\x64\Lib\concurrent\futures\thread.py", line 119 in _worker
  File "C:\hostedtoolcache\windows\Python\3.14.4\x64\Lib\threading.py", line 1024 in run
  File "C:\hostedtoolcache\windows\Python\3.14.4\x64\Lib\threading.py", line 1082 in _bootstrap_inner
  File "C:\hostedtoolcache\windows\Python\3.14.4\x64\Lib\threading.py", line 1044 in _bootstrap

Thread 0x0000120c [Thread-7] (most recent call first):
  File "C:\hostedtoolcache\windows\Python\3.14.4\x64\Lib\threading.py", line 369 in wait
  File "C:\hostedtoolcache\windows\Python\3.14.4\x64\Lib\queue.py", line 199 in get
  File "D:\a\yasb\yasb\venv\Lib\site-packages\watchdog\observers\api.py", line 379 in dispatch_events
  File "D:\a\yasb\yasb\venv\Lib\site-packages\watchdog\observers\api.py", line 213 in run
  File "C:\hostedtoolcache\windows\Python\3.14.4\x64\Lib\threading.py", line 1082 in _bootstrap_inner
  File "C:\hostedtoolcache\windows\Python\3.14.4\x64\Lib\threading.py", line 1044 in _bootstrap

Thread 0x00000cb4 [Thread-8] (most recent call first):
  File "D:\a\yasb\yasb\venv\Lib\site-packages\watchdog\observers\winapi.py", line 326 in read_directory_changes
  File "D:\a\yasb\yasb\venv\Lib\site-packages\watchdog\observers\winapi.py", line 380 in read_events
  File "D:\a\yasb\yasb\venv\Lib\site-packages\watchdog\observers\read_directory_changes.py", line 67 in _read_events
  File "D:\a\yasb\yasb\venv\Lib\site-packages\watchdog\observers\read_directory_changes.py", line 70 in queue_events
  File "D:\a\yasb\yasb\venv\Lib\site-packages\watchdog\observers\api.py", line 158 in run
  File "C:\hostedtoolcache\windows\Python\3.14.4\x64\Lib\threading.py", line 1082 in _bootstrap_inner
  File "C:\hostedtoolcache\windows\Python\3.14.4\x64\Lib\threading.py", line 1044 in _bootstrap

Thread 0x00000f68 [SystemEventListener] (most recent call first):
  File "D:\a\yasb\yasb\src\core\utils\win32\event_listener.py", line 69 in run

Thread 0x00001068 [WindowsNotificationEventListener] (most recent call first):
  File "C:\hostedtoolcache\windows\Python\3.14.4\x64\Lib\asyncio\windows_events.py", line 775 in _poll
  File "C:\hostedtoolcache\windows\Python\3.14.4\x64\Lib\asyncio\windows_events.py", line 446 in select
  File "C:\hostedtoolcache\windows\Python\3.14.4\x64\Lib\asyncio\base_events.py", line 2019 in _run_once
  File "C:\hostedtoolcache\windows\Python\3.14.4\x64\Lib\asyncio\base_events.py", line 677 in run_forever
  File "C:\hostedtoolcache\windows\Python\3.14.4\x64\Lib\asyncio\base_events.py", line 706 in run_until_complete
  File "D:\a\yasb\yasb\src\core\widgets\services\notifications\windows_notification.py", line 101 in run

Thread 0x00001074 [HotkeyListener] (most recent call first):
  File "D:\a\yasb\yasb\src\core\utils\win32\hotkeys.py", line 252 in run

Thread 0x000016e4 [WiFiWorker] (most recent call first):
  File "D:\a\yasb\yasb\src\core\widgets\services\wifi\wifi_managers.py", line 166 in _get_wifi_name
  File "D:\a\yasb\yasb\src\core\widgets\services\wifi\wifi_managers.py", line 144 in run

Thread 0x000026c4 [_EventWorker] (most recent call first):
  File "D:\a\yasb\yasb\venv\Lib\site-packages\qasync\_windows.py", line 147 in _poll
  File "D:\a\yasb\yasb\venv\Lib\site-packages\qasync\_windows.py", line 72 in select
  File "D:\a\yasb\yasb\venv\Lib\site-packages\qasync\_windows.py", line 199 in run

Thread 0x000038c8 [LogPipeServer] (most recent call first):
  File "D:\a\yasb\yasb\src\core\utils\win32\bindings\kernel32.py", line 288 in ConnectNamedPipe
  File "D:\a\yasb\yasb\src\core\utils\cli_server.py", line 138 in _run_server
  File "C:\hostedtoolcache\windows\Python\3.14.4\x64\Lib\threading.py", line 1024 in run
  File "C:\hostedtoolcache\windows\Python\3.14.4\x64\Lib\threading.py", line 1082 in _bootstrap_inner
  File "C:\hostedtoolcache\windows\Python\3.14.4\x64\Lib\threading.py", line 1044 in _bootstrap

Thread 0x00000898 [CLIPipeServer] (most recent call first):
  File "D:\a\yasb\yasb\src\core\utils\win32\bindings\kernel32.py", line 288 in ConnectNamedPipe
  File "D:\a\yasb\yasb\src\core\utils\cli_server.py", line 235 in _run_server
  File "C:\hostedtoolcache\windows\Python\3.14.4\x64\Lib\threading.py", line 1024 in run
  File "C:\hostedtoolcache\windows\Python\3.14.4\x64\Lib\threading.py", line 1082 in _bootstrap_inner
  File "C:\hostedtoolcache\windows\Python\3.14.4\x64\Lib\threading.py", line 1044 in _bootstrap

Thread 0x00001e68 (most recent call first):
  File "D:\a\yasb\yasb\venv\Lib\site-packages\qasync\__init__.py", line 404 in run_forever
  File "D:\a\yasb\yasb\venv\Lib\site-packages\qasync\__init__.py", line 428 in run_until_complete
  File "main.py", line 98 in main
  File "main.py", line 188 in <module>
  File "D:\a\yasb\yasb\venv\Lib\site-packages\freeze_core\initscripts\console.py", line 27 in run
  File "D:\a\yasb\yasb\venv\Lib\site-packages\freeze_core\initscripts\__startup__.py", line 137 in run

Current thread's C stack trace (most recent call first):
  <cannot get C stack on this system>
2026-05-02 20:29:25,454 [INFO] [MainThread] [root/log.py:104]: YASB v2.0.0
2026-05-02 20:29:25,455 [INFO] [CLIPipeServer] [cli_server/cli_server.py:216]: CLI server started v1.1.7
2026-05-02 20:29:25,456 [INFO] [MainThread] [cli_server/cli_server.py:106]: Log pipe server started
2026-05-02 20:29:25,635 [WARNING] [MainThread] [deprecation/deprecation.py:133]: [DEPRECATED] BarAlignment: 'center' - Use 'align' instead.
2026-05-02 20:29:25,635 [WARNING] [MainThread] [deprecation/deprecation.py:133]: [DEPRECATED] BarBlurEffect: 'acrylic' - No longer supported and can be removed from the config.
2026-05-02 20:29:25,923 [WARNING] [MainThread] [deprecation/deprecation.py:133]: [DEPRECATED] GlazewmWorkspacesConfig: 'hide_empty_workspaces' - No longer supported and can be removed from the config.
2026-05-02 20:29:25,924 [WARNING] [MainThread] [deprecation/deprecation.py:133]: [DEPRECATED] GlazewmWorkspacesConfig: 'btn_shadow' - Use CSS box-shadow instead.
2026-05-02 20:29:25,924 [WARNING] [MainThread] [deprecation/deprecation.py:133]: [DEPRECATED] GlazewmWorkspacesConfig: 'animation' - Use CSS animations instead.
2026-05-02 20:29:26,023 [WARNING] [MainThread] [deprecation/deprecation.py:133]: [DEPRECATED] GlazewmTilingDirectionConfig: 'btn_shadow' - Use CSS box-shadow instead.
2026-05-02 20:29:26,891 [WARNING] [MainThread] [deprecation/deprecation.py:133]: [DEPRECATED] MediaWidgetConfig: 'label_shadow' - Use CSS text-shadow instead.
2026-05-02 20:29:27,076 [INFO] [MainThread] [root/service.py:41]: AudioInputService starting...
2026-05-02 20:29:27,186 [INFO] [MainThread] [root/service.py:52]: AudioOutputService starting...
2026-05-02 20:29:27,275 [WARNING] [MainThread] [deprecation/deprecation.py:133]: [DEPRECATED] SystrayWidgetConfig: 'btn_shadow' - Use CSS box-shadow instead.
2026-05-02 20:29:27,370 [INFO] [MainThread] [root/bar_manager.py:228]: Starting HotkeyListener...
2026-05-02 20:29:27,370 [INFO] [MainThread] [root/bar_manager.py:102]: Starting SystemEventListener...
2026-05-02 20:29:27,370 [INFO] [MainThread] [root/bar_manager.py:102]: Starting WindowsNotificationEventListener...
2026-05-02 20:29:27,372 [INFO] [MainThread] [root/watcher.py:65]: Watching directory: c:\users\mathe\.config\yasb
2026-05-02 20:29:27,372 [INFO] [MainThread] [root/watcher.py:104]: Created file watcher
2026-05-02 20:29:27,618 [INFO] [MainThread] [root/update_service.py:434]: Background update checker started
2026-05-02 23:01:51,392 [INFO] [MainThread] [root/controller.py:43]: Exiting Application...
2026-05-02 23:01:51,504 [INFO] [MainThread] [cli_server/cli_server.py:114]: Log pipe server stopped
2026-05-02 23:01:51,674 [INFO] [MainThread] [root/bar_manager.py:110]: Stopping HotkeyListener...
2026-05-02 23:01:51,676 [INFO] [MainThread] [root/bar_manager.py:118]: Stopping SystemEventListener...
2026-05-02 23:01:51,677 [INFO] [MainThread] [root/bar_manager.py:118]: Stopping WindowsNotificationEventListener...
2026-05-03 05:36:58,312 [INFO] [MainThread] [root/log.py:104]: YASB v2.0.0
2026-05-03 05:36:58,313 [INFO] [CLIPipeServer] [cli_server/cli_server.py:216]: CLI server started v1.1.7
2026-05-03 05:36:58,313 [INFO] [MainThread] [cli_server/cli_server.py:106]: Log pipe server started
2026-05-03 05:36:58,499 [WARNING] [MainThread] [deprecation/deprecation.py:133]: [DEPRECATED] BarAlignment: 'center' - Use 'align' instead.
2026-05-03 05:36:58,499 [WARNING] [MainThread] [deprecation/deprecation.py:133]: [DEPRECATED] BarBlurEffect: 'acrylic' - No longer supported and can be removed from the config.
2026-05-03 05:36:58,788 [WARNING] [MainThread] [deprecation/deprecation.py:133]: [DEPRECATED] GlazewmWorkspacesConfig: 'hide_empty_workspaces' - No longer supported and can be removed from the config.
2026-05-03 05:36:58,788 [WARNING] [MainThread] [deprecation/deprecation.py:133]: [DEPRECATED] GlazewmWorkspacesConfig: 'btn_shadow' - Use CSS box-shadow instead.
2026-05-03 05:36:58,789 [WARNING] [MainThread] [deprecation/deprecation.py:133]: [DEPRECATED] GlazewmWorkspacesConfig: 'animation' - Use CSS animations instead.
2026-05-03 05:36:58,880 [WARNING] [MainThread] [deprecation/deprecation.py:133]: [DEPRECATED] GlazewmTilingDirectionConfig: 'btn_shadow' - Use CSS box-shadow instead.
2026-05-03 05:36:59,778 [WARNING] [MainThread] [deprecation/deprecation.py:133]: [DEPRECATED] MediaWidgetConfig: 'label_shadow' - Use CSS text-shadow instead.
2026-05-03 05:36:59,960 [INFO] [MainThread] [root/service.py:41]: AudioInputService starting...
2026-05-03 05:37:00,071 [INFO] [MainThread] [root/service.py:52]: AudioOutputService starting...
2026-05-03 05:37:00,159 [WARNING] [MainThread] [deprecation/deprecation.py:133]: [DEPRECATED] SystrayWidgetConfig: 'btn_shadow' - Use CSS box-shadow instead.
2026-05-03 05:37:00,273 [INFO] [MainThread] [root/bar_manager.py:228]: Starting HotkeyListener...
2026-05-03 05:37:00,273 [INFO] [MainThread] [root/bar_manager.py:102]: Starting SystemEventListener...
2026-05-03 05:37:00,273 [INFO] [MainThread] [root/bar_manager.py:102]: Starting WindowsNotificationEventListener...
2026-05-03 05:37:00,275 [INFO] [MainThread] [root/watcher.py:65]: Watching directory: c:\users\mathe\.config\yasb
2026-05-03 05:37:00,275 [INFO] [MainThread] [root/watcher.py:104]: Created file watcher
2026-05-03 05:37:00,561 [INFO] [MainThread] [root/update_service.py:434]: Background update checker started
2026-05-03 22:42:24,546 [INFO] [MainThread] [root/controller.py:43]: Exiting Application...
2026-05-03 22:42:24,657 [INFO] [MainThread] [cli_server/cli_server.py:114]: Log pipe server stopped
2026-05-03 22:42:24,798 [INFO] [MainThread] [root/bar_manager.py:110]: Stopping HotkeyListener...
2026-05-03 22:42:24,799 [INFO] [MainThread] [root/bar_manager.py:118]: Stopping SystemEventListener...
2026-05-03 22:42:24,799 [INFO] [MainThread] [root/bar_manager.py:118]: Stopping WindowsNotificationEventListener...
2026-05-04 21:25:49,574 [INFO] [MainThread] [root/log.py:104]: YASB v2.0.0
2026-05-04 21:25:49,575 [INFO] [CLIPipeServer] [cli_server/cli_server.py:216]: CLI server started v1.1.7
2026-05-04 21:25:49,575 [INFO] [MainThread] [cli_server/cli_server.py:106]: Log pipe server started
2026-05-04 21:25:49,770 [WARNING] [MainThread] [deprecation/deprecation.py:133]: [DEPRECATED] BarAlignment: 'center' - Use 'align' instead.
2026-05-04 21:25:49,770 [WARNING] [MainThread] [deprecation/deprecation.py:133]: [DEPRECATED] BarBlurEffect: 'acrylic' - No longer supported and can be removed from the config.
2026-05-04 21:25:50,065 [WARNING] [MainThread] [deprecation/deprecation.py:133]: [DEPRECATED] GlazewmWorkspacesConfig: 'hide_empty_workspaces' - No longer supported and can be removed from the config.
2026-05-04 21:25:50,065 [WARNING] [MainThread] [deprecation/deprecation.py:133]: [DEPRECATED] GlazewmWorkspacesConfig: 'btn_shadow' - Use CSS box-shadow instead.
2026-05-04 21:25:50,065 [WARNING] [MainThread] [deprecation/deprecation.py:133]: [DEPRECATED] GlazewmWorkspacesConfig: 'animation' - Use CSS animations instead.
2026-05-04 21:25:50,153 [WARNING] [MainThread] [deprecation/deprecation.py:133]: [DEPRECATED] GlazewmTilingDirectionConfig: 'btn_shadow' - Use CSS box-shadow instead.
2026-05-04 21:25:51,050 [WARNING] [MainThread] [deprecation/deprecation.py:133]: [DEPRECATED] MediaWidgetConfig: 'label_shadow' - Use CSS text-shadow instead.
2026-05-04 21:25:51,231 [INFO] [MainThread] [root/service.py:41]: AudioInputService starting...
2026-05-04 21:25:51,341 [INFO] [MainThread] [root/service.py:52]: AudioOutputService starting...
2026-05-04 21:25:51,426 [WARNING] [MainThread] [deprecation/deprecation.py:133]: [DEPRECATED] SystrayWidgetConfig: 'btn_shadow' - Use CSS box-shadow instead.
2026-05-04 21:25:51,671 [INFO] [MainThread] [root/bar_manager.py:228]: Starting HotkeyListener...
2026-05-04 21:25:51,671 [INFO] [MainThread] [root/bar_manager.py:102]: Starting SystemEventListener...
2026-05-04 21:25:51,672 [INFO] [MainThread] [root/bar_manager.py:102]: Starting WindowsNotificationEventListener...
2026-05-04 21:25:51,674 [INFO] [MainThread] [root/watcher.py:65]: Watching directory: c:\users\mathe\.config\yasb
2026-05-04 21:25:51,674 [INFO] [MainThread] [root/watcher.py:104]: Created file watcher
2026-05-04 21:25:51,932 [INFO] [MainThread] [root/update_service.py:434]: Background update checker started
2026-05-05 00:56:03,479 [INFO] [MainThread] [root/controller.py:43]: Exiting Application...
2026-05-05 00:56:03,588 [INFO] [MainThread] [cli_server/cli_server.py:114]: Log pipe server stopped
2026-05-05 00:56:03,705 [INFO] [MainThread] [root/bar_manager.py:110]: Stopping HotkeyListener...
2026-05-05 00:56:03,708 [INFO] [MainThread] [root/bar_manager.py:118]: Stopping SystemEventListener...
2026-05-05 00:56:03,711 [INFO] [MainThread] [root/bar_manager.py:118]: Stopping WindowsNotificationEventListener...
2026-05-05 21:23:40,991 [INFO] [MainThread] [root/log.py:104]: YASB v2.0.0
2026-05-05 21:23:40,992 [INFO] [CLIPipeServer] [cli_server/cli_server.py:216]: CLI server started v1.1.7
2026-05-05 21:23:40,992 [INFO] [MainThread] [cli_server/cli_server.py:106]: Log pipe server started
2026-05-05 21:23:41,190 [WARNING] [MainThread] [deprecation/deprecation.py:133]: [DEPRECATED] BarAlignment: 'center' - Use 'align' instead.
2026-05-05 21:23:41,191 [WARNING] [MainThread] [deprecation/deprecation.py:133]: [DEPRECATED] BarBlurEffect: 'acrylic' - No longer supported and can be removed from the config.
2026-05-05 21:23:41,490 [WARNING] [MainThread] [deprecation/deprecation.py:133]: [DEPRECATED] GlazewmWorkspacesConfig: 'hide_empty_workspaces' - No longer supported and can be removed from the config.
2026-05-05 21:23:41,490 [WARNING] [MainThread] [deprecation/deprecation.py:133]: [DEPRECATED] GlazewmWorkspacesConfig: 'btn_shadow' - Use CSS box-shadow instead.
2026-05-05 21:23:41,490 [WARNING] [MainThread] [deprecation/deprecation.py:133]: [DEPRECATED] GlazewmWorkspacesConfig: 'animation' - Use CSS animations instead.
2026-05-05 21:23:41,579 [WARNING] [MainThread] [deprecation/deprecation.py:133]: [DEPRECATED] GlazewmTilingDirectionConfig: 'btn_shadow' - Use CSS box-shadow instead.
2026-05-05 21:23:42,457 [WARNING] [MainThread] [deprecation/deprecation.py:133]: [DEPRECATED] MediaWidgetConfig: 'label_shadow' - Use CSS text-shadow instead.
2026-05-05 21:23:42,644 [INFO] [MainThread] [root/service.py:41]: AudioInputService starting...
2026-05-05 21:23:42,756 [INFO] [MainThread] [root/service.py:52]: AudioOutputService starting...
2026-05-05 21:23:42,855 [WARNING] [MainThread] [deprecation/deprecation.py:133]: [DEPRECATED] SystrayWidgetConfig: 'btn_shadow' - Use CSS box-shadow instead.
2026-05-05 21:23:42,947 [INFO] [MainThread] [root/bar_manager.py:228]: Starting HotkeyListener...
2026-05-05 21:23:42,948 [INFO] [MainThread] [root/bar_manager.py:102]: Starting WindowsNotificationEventListener...
2026-05-05 21:23:42,948 [INFO] [MainThread] [root/bar_manager.py:102]: Starting SystemEventListener...
2026-05-05 21:23:42,950 [INFO] [MainThread] [root/watcher.py:65]: Watching directory: c:\users\mathe\.config\yasb
2026-05-05 21:23:42,950 [INFO] [MainThread] [root/watcher.py:104]: Created file watcher
2026-05-05 21:23:43,194 [INFO] [MainThread] [root/update_service.py:434]: Background update checker started
2026-05-05 21:24:14,808 [ERROR] [SystrayMonitor] [root/app_icons.py:282]: GetIconInfo failed: 0
2026-05-06 00:39:28,074 [INFO] [MainThread] [root/controller.py:43]: Exiting Application...
2026-05-06 00:39:28,182 [INFO] [MainThread] [cli_server/cli_server.py:114]: Log pipe server stopped
2026-05-06 00:39:28,285 [INFO] [MainThread] [root/bar_manager.py:110]: Stopping HotkeyListener...
2026-05-06 00:39:28,289 [INFO] [MainThread] [root/bar_manager.py:118]: Stopping WindowsNotificationEventListener...
2026-05-06 00:39:28,291 [INFO] [MainThread] [root/bar_manager.py:118]: Stopping SystemEventListener...
2026-05-06 19:21:14,996 [INFO] [MainThread] [root/log.py:104]: YASB v2.0.0
2026-05-06 19:21:14,997 [INFO] [CLIPipeServer] [cli_server/cli_server.py:216]: CLI server started v1.1.7
2026-05-06 19:21:14,997 [INFO] [MainThread] [cli_server/cli_server.py:106]: Log pipe server started
2026-05-06 19:21:15,215 [WARNING] [MainThread] [deprecation/deprecation.py:133]: [DEPRECATED] BarAlignment: 'center' - Use 'align' instead.
2026-05-06 19:21:15,215 [WARNING] [MainThread] [deprecation/deprecation.py:133]: [DEPRECATED] BarBlurEffect: 'acrylic' - No longer supported and can be removed from the config.
2026-05-06 19:21:15,505 [WARNING] [MainThread] [deprecation/deprecation.py:133]: [DEPRECATED] GlazewmWorkspacesConfig: 'hide_empty_workspaces' - No longer supported and can be removed from the config.
2026-05-06 19:21:15,505 [WARNING] [MainThread] [deprecation/deprecation.py:133]: [DEPRECATED] GlazewmWorkspacesConfig: 'btn_shadow' - Use CSS box-shadow instead.
2026-05-06 19:21:15,506 [WARNING] [MainThread] [deprecation/deprecation.py:133]: [DEPRECATED] GlazewmWorkspacesConfig: 'animation' - Use CSS animations instead.
2026-05-06 19:21:15,592 [WARNING] [MainThread] [deprecation/deprecation.py:133]: [DEPRECATED] GlazewmTilingDirectionConfig: 'btn_shadow' - Use CSS box-shadow instead.
2026-05-06 19:21:16,460 [WARNING] [MainThread] [deprecation/deprecation.py:133]: [DEPRECATED] MediaWidgetConfig: 'label_shadow' - Use CSS text-shadow instead.
2026-05-06 19:21:16,679 [INFO] [MainThread] [root/service.py:41]: AudioInputService starting...
2026-05-06 19:21:16,794 [INFO] [MainThread] [root/service.py:52]: AudioOutputService starting...
2026-05-06 19:21:16,879 [WARNING] [MainThread] [deprecation/deprecation.py:133]: [DEPRECATED] SystrayWidgetConfig: 'btn_shadow' - Use CSS box-shadow instead.
2026-05-06 19:21:16,985 [INFO] [MainThread] [root/bar_manager.py:228]: Starting HotkeyListener...
2026-05-06 19:21:16,985 [INFO] [MainThread] [root/bar_manager.py:102]: Starting SystemEventListener...
2026-05-06 19:21:16,985 [INFO] [MainThread] [root/bar_manager.py:102]: Starting WindowsNotificationEventListener...
2026-05-06 19:21:17,001 [INFO] [MainThread] [root/watcher.py:65]: Watching directory: c:\users\mathe\.config\yasb
2026-05-06 19:21:17,001 [INFO] [MainThread] [root/watcher.py:104]: Created file watcher
2026-05-06 19:21:17,239 [INFO] [MainThread] [root/update_service.py:434]: Background update checker started
Windows fatal exception: access violation

Current thread 0x00002e60 [SystrayMonitor] (most recent call first):
  File "D:\a\yasb\yasb\src\core\widgets\services\systray\utils.py", line 229 in validate_icon_data
  File "D:\a\yasb\yasb\src\core\widgets\services\systray\systray_monitor.py", line 158 in handle_copy_data
  File "D:\a\yasb\yasb\src\core\widgets\services\systray\systray_monitor.py", line 142 in _window_proc
  File "D:\a\yasb\yasb\src\core\widgets\services\systray\utils.py", line 145 in start_message_loop
  File "D:\a\yasb\yasb\src\core\widgets\services\systray\systray_monitor.py", line 99 in run
  File "D:\a\yasb\yasb\src\core\widgets\yasb\systray.py", line 65 in run

Thread 0x00002e28 [asyncio_0] (most recent call first):
  File "C:\hostedtoolcache\windows\Python\3.14.4\x64\Lib\threading.py", line 373 in wait
  File "C:\hostedtoolcache\windows\Python\3.14.4\x64\Lib\threading.py", line 670 in wait
  File "C:\hostedtoolcache\windows\Python\3.14.4\x64\Lib\concurrent\futures\thread.py", line 73 in run
  File "C:\hostedtoolcache\windows\Python\3.14.4\x64\Lib\concurrent\futures\thread.py", line 86 in run
  File "C:\hostedtoolcache\windows\Python\3.14.4\x64\Lib\concurrent\futures\thread.py", line 119 in _worker
  File "C:\hostedtoolcache\windows\Python\3.14.4\x64\Lib\threading.py", line 1024 in run
  File "C:\hostedtoolcache\windows\Python\3.14.4\x64\Lib\threading.py", line 1082 in _bootstrap_inner
  File "C:\hostedtoolcache\windows\Python\3.14.4\x64\Lib\threading.py", line 1044 in _bootstrap

Thread 0x00002e24 [UpdateChecker] (most recent call first):
  File "C:\hostedtoolcache\windows\Python\3.14.4\x64\Lib\ssl.py", line 1138 in read
  File "C:\hostedtoolcache\windows\Python\3.14.4\x64\Lib\ssl.py", line 1304 in recv_into
  File "C:\hostedtoolcache\windows\Python\3.14.4\x64\Lib\socket.py", line 725 in readinto
  File "C:\hostedtoolcache\windows\Python\3.14.4\x64\Lib\http\client.py", line 297 in _read_status
  File "C:\hostedtoolcache\windows\Python\3.14.4\x64\Lib\http\client.py", line 336 in begin
  File "C:\hostedtoolcache\windows\Python\3.14.4\x64\Lib\http\client.py", line 1450 in getresponse
  File "C:\hostedtoolcache\windows\Python\3.14.4\x64\Lib\urllib\request.py", line 1325 in do_open
  File "C:\hostedtoolcache\windows\Python\3.14.4\x64\Lib\urllib\request.py", line 1369 in https_open
  File "C:\hostedtoolcache\windows\Python\3.14.4\x64\Lib\urllib\request.py", line 464 in _call_chain
  File "C:\hostedtoolcache\windows\Python\3.14.4\x64\Lib\urllib\request.py", line 504 in _open
  File "C:\hostedtoolcache\windows\Python\3.14.4\x64\Lib\urllib\request.py", line 487 in open
  File "C:\hostedtoolcache\windows\Python\3.14.4\x64\Lib\urllib\request.py", line 187 in urlopen
  File "D:\a\yasb\yasb\src\core\utils\update_service.py", line 212 in _fetch_release_data
  File "D:\a\yasb\yasb\src\core\utils\update_service.py", line 256 in check_for_updates
  File "D:\a\yasb\yasb\src\core\utils\update_service.py", line 403 in _check_for_update
  File "C:\hostedtoolcache\windows\Python\3.14.4\x64\Lib\threading.py", line 1024 in run
  File "C:\hostedtoolcache\windows\Python\3.14.4\x64\Lib\threading.py", line 1082 in _bootstrap_inner
  File "C:\hostedtoolcache\windows\Python\3.14.4\x64\Lib\threading.py", line 1044 in _bootstrap

Thread 0x00002e1c [Thread-8] (most recent call first):
  File "C:\hostedtoolcache\windows\Python\3.14.4\x64\Lib\threading.py", line 369 in wait
  File "C:\hostedtoolcache\windows\Python\3.14.4\x64\Lib\queue.py", line 199 in get
  File "D:\a\yasb\yasb\venv\Lib\site-packages\watchdog\observers\api.py", line 379 in dispatch_events
  File "D:\a\yasb\yasb\venv\Lib\site-packages\watchdog\observers\api.py", line 213 in run
  File "C:\hostedtoolcache\windows\Python\3.14.4\x64\Lib\threading.py", line 1082 in _bootstrap_inner
  File "C:\hostedtoolcache\windows\Python\3.14.4\x64\Lib\threading.py", line 1044 in _bootstrap

Thread 0x00002e18 [Thread-9] (most recent call first):
  File "D:\a\yasb\yasb\venv\Lib\site-packages\watchdog\observers\winapi.py", line 326 in read_directory_changes
  File "D:\a\yasb\yasb\venv\Lib\site-packages\watchdog\observers\winapi.py", line 380 in read_events
  File "D:\a\yasb\yasb\venv\Lib\site-packages\watchdog\observers\read_directory_changes.py", line 67 in _read_events
  File "D:\a\yasb\yasb\venv\Lib\site-packages\watchdog\observers\read_directory_changes.py", line 70 in queue_events
  File "D:\a\yasb\yasb\venv\Lib\site-packages\watchdog\observers\api.py", line 158 in run
  File "C:\hostedtoolcache\windows\Python\3.14.4\x64\Lib\threading.py", line 1082 in _bootstrap_inner
  File "C:\hostedtoolcache\windows\Python\3.14.4\x64\Lib\threading.py", line 1044 in _bootstrap

Thread 0x00002e10 [WindowsNotificationEventListener] (most recent call first):
  File "C:\hostedtoolcache\windows\Python\3.14.4\x64\Lib\asyncio\windows_events.py", line 775 in _poll
  File "C:\hostedtoolcache\windows\Python\3.14.4\x64\Lib\asyncio\windows_events.py", line 446 in select
  File "C:\hostedtoolcache\windows\Python\3.14.4\x64\Lib\asyncio\base_events.py", line 2019 in _run_once
  File "C:\hostedtoolcache\windows\Python\3.14.4\x64\Lib\asyncio\base_events.py", line 677 in run_forever
  File "C:\hostedtoolcache\windows\Python\3.14.4\x64\Lib\asyncio\base_events.py", line 706 in run_until_complete
  File "D:\a\yasb\yasb\src\core\widgets\services\notifications\windows_notification.py", line 101 in run

Thread 0x00002e0c [SystemEventListener] (most recent call first):
  File "D:\a\yasb\yasb\src\core\utils\win32\event_listener.py", line 69 in run

Thread 0x00002e08 [HotkeyListener] (most recent call first):
  File "D:\a\yasb\yasb\src\core\utils\win32\hotkeys.py", line 252 in run

Thread 0x00002dec [WiFiWorker] (most recent call first):
  File "D:\a\yasb\yasb\src\core\widgets\services\wifi\wifi_managers.py", line 150 in run

Thread 0x00002dc8 [_EventWorker] (most recent call first):
  File "D:\a\yasb\yasb\venv\Lib\site-packages\qasync\_windows.py", line 147 in _poll
  File "D:\a\yasb\yasb\venv\Lib\site-packages\qasync\_windows.py", line 72 in select
  File "D:\a\yasb\yasb\venv\Lib\site-packages\qasync\_windows.py", line 199 in run

Thread 0x00002d4c [LogPipeServer] (most recent call first):
  File "D:\a\yasb\yasb\src\core\utils\win32\bindings\kernel32.py", line 288 in ConnectNamedPipe
  File "D:\a\yasb\yasb\src\core\utils\cli_server.py", line 138 in _run_server
  File "C:\hostedtoolcache\windows\Python\3.14.4\x64\Lib\threading.py", line 1024 in run
  File "C:\hostedtoolcache\windows\Python\3.14.4\x64\Lib\threading.py", line 1082 in _bootstrap_inner
  File "C:\hostedtoolcache\windows\Python\3.14.4\x64\Lib\threading.py", line 1044 in _bootstrap

Thread 0x00002d48 [CLIPipeServer] (most recent call first):
  File "D:\a\yasb\yasb\src\core\utils\win32\bindings\kernel32.py", line 288 in ConnectNamedPipe
  File "D:\a\yasb\yasb\src\core\utils\cli_server.py", line 235 in _run_server
  File "C:\hostedtoolcache\windows\Python\3.14.4\x64\Lib\threading.py", line 1024 in run
  File "C:\hostedtoolcache\windows\Python\3.14.4\x64\Lib\threading.py", line 1082 in _bootstrap_inner
  File "C:\hostedtoolcache\windows\Python\3.14.4\x64\Lib\threading.py", line 1044 in _bootstrap

Thread 0x00002c98 (most recent call first):
  File "D:\a\yasb\yasb\src\core\widgets\services\systray\systray_widget.py", line 82 in __init__
  File "D:\a\yasb\yasb\src\core\widgets\yasb\systray.py", line 372 in on_icon_modified
  File "D:\a\yasb\yasb\venv\Lib\site-packages\qasync\__init__.py", line 404 in run_forever
  File "D:\a\yasb\yasb\venv\Lib\site-packages\qasync\__init__.py", line 428 in run_until_complete
  File "main.py", line 98 in main
  File "main.py", line 188 in <module>
  File "D:\a\yasb\yasb\venv\Lib\site-packages\freeze_core\initscripts\console.py", line 27 in run
  File "D:\a\yasb\yasb\venv\Lib\site-packages\freeze_core\initscripts\__startup__.py", line 137 in run

Current thread's C stack trace (most recent call first):
  <cannot get C stack on this system>
2026-05-06 19:23:24,529 [INFO] [MainThread] [root/log.py:104]: YASB v2.0.0
2026-05-06 19:23:24,530 [INFO] [CLIPipeServer] [cli_server/cli_server.py:216]: CLI server started v1.1.7
2026-05-06 19:23:24,530 [INFO] [MainThread] [cli_server/cli_server.py:106]: Log pipe server started
2026-05-06 19:23:24,636 [WARNING] [MainThread] [deprecation/deprecation.py:133]: [DEPRECATED] BarAlignment: 'center' - Use 'align' instead.
2026-05-06 19:23:24,636 [WARNING] [MainThread] [deprecation/deprecation.py:133]: [DEPRECATED] BarBlurEffect: 'acrylic' - No longer supported and can be removed from the config.
2026-05-06 19:23:24,817 [WARNING] [MainThread] [deprecation/deprecation.py:133]: [DEPRECATED] GlazewmWorkspacesConfig: 'hide_empty_workspaces' - No longer supported and can be removed from the config.
2026-05-06 19:23:24,817 [WARNING] [MainThread] [deprecation/deprecation.py:133]: [DEPRECATED] GlazewmWorkspacesConfig: 'btn_shadow' - Use CSS box-shadow instead.
2026-05-06 19:23:24,817 [WARNING] [MainThread] [deprecation/deprecation.py:133]: [DEPRECATED] GlazewmWorkspacesConfig: 'animation' - Use CSS animations instead.
2026-05-06 19:23:24,882 [WARNING] [MainThread] [deprecation/deprecation.py:133]: [DEPRECATED] GlazewmTilingDirectionConfig: 'btn_shadow' - Use CSS box-shadow instead.
2026-05-06 19:23:25,261 [WARNING] [MainThread] [deprecation/deprecation.py:133]: [DEPRECATED] MediaWidgetConfig: 'label_shadow' - Use CSS text-shadow instead.
2026-05-06 19:23:25,410 [INFO] [MainThread] [root/service.py:41]: AudioInputService starting...
2026-05-06 19:23:25,506 [INFO] [MainThread] [root/service.py:52]: AudioOutputService starting...
2026-05-06 19:23:25,586 [WARNING] [MainThread] [deprecation/deprecation.py:133]: [DEPRECATED] SystrayWidgetConfig: 'btn_shadow' - Use CSS box-shadow instead.
2026-05-06 19:23:25,659 [INFO] [MainThread] [root/bar_manager.py:228]: Starting HotkeyListener...
2026-05-06 19:23:25,659 [INFO] [MainThread] [root/bar_manager.py:102]: Starting WindowsNotificationEventListener...
2026-05-06 19:23:25,659 [INFO] [MainThread] [root/bar_manager.py:102]: Starting SystemEventListener...
2026-05-06 19:23:25,661 [INFO] [MainThread] [root/watcher.py:65]: Watching directory: c:\users\mathe\.config\yasb
2026-05-06 19:23:25,661 [INFO] [MainThread] [root/watcher.py:104]: Created file watcher
2026-05-06 19:23:25,675 [INFO] [MainThread] [root/update_service.py:434]: Background update checker started
2026-05-06 19:27:26,743 [INFO] [MainThread] [root/log.py:104]: YASB v2.0.0
2026-05-06 19:27:26,744 [INFO] [CLIPipeServer] [cli_server/cli_server.py:216]: CLI server started v1.1.7
2026-05-06 19:27:26,744 [INFO] [MainThread] [cli_server/cli_server.py:106]: Log pipe server started
2026-05-06 19:27:26,744 [ERROR] [MainThread] [root/main.py:75]: Another instance of the YASB is already running.
2026-05-06 19:27:32,307 [INFO] [CLIPipeServer] [cli_server/cli_server.py:257]: CLI server received command: stop
2026-05-06 19:27:32,307 [INFO] [CLIPipeServer] [root/controller.py:43]: Exiting Application from CLI...
2026-05-06 19:27:32,422 [INFO] [CLIPipeServer] [cli_server/cli_server.py:114]: Log pipe server stopped
2026-05-06 19:27:32,494 [INFO] [MainThread] [root/bar_manager.py:110]: Stopping HotkeyListener...
2026-05-06 19:27:32,496 [INFO] [MainThread] [root/bar_manager.py:118]: Stopping WindowsNotificationEventListener...
2026-05-06 19:27:32,498 [INFO] [MainThread] [root/bar_manager.py:118]: Stopping SystemEventListener...
2026-05-06 19:30:34,691 [INFO] [MainThread] [root/log.py:104]: YASB v2.0.0
2026-05-06 19:30:34,691 [INFO] [CLIPipeServer] [cli_server/cli_server.py:216]: CLI server started v1.1.7
2026-05-06 19:30:34,691 [INFO] [MainThread] [cli_server/cli_server.py:106]: Log pipe server started
2026-05-06 19:30:34,723 [WARNING] [MainThread] [deprecation/deprecation.py:133]: [DEPRECATED] BarAlignment: 'center' - Use 'align' instead.
2026-05-06 19:30:34,723 [WARNING] [MainThread] [deprecation/deprecation.py:133]: [DEPRECATED] BarBlurEffect: 'acrylic' - No longer supported and can be removed from the config.
2026-05-06 19:30:34,770 [WARNING] [MainThread] [deprecation/deprecation.py:133]: [DEPRECATED] GlazewmWorkspacesConfig: 'hide_empty_workspaces' - No longer supported and can be removed from the config.
2026-05-06 19:30:34,771 [WARNING] [MainThread] [deprecation/deprecation.py:133]: [DEPRECATED] GlazewmWorkspacesConfig: 'btn_shadow' - Use CSS box-shadow instead.
2026-05-06 19:30:34,771 [WARNING] [MainThread] [deprecation/deprecation.py:133]: [DEPRECATED] GlazewmWorkspacesConfig: 'animation' - Use CSS animations instead.
2026-05-06 19:30:34,783 [WARNING] [MainThread] [deprecation/deprecation.py:133]: [DEPRECATED] GlazewmTilingDirectionConfig: 'btn_shadow' - Use CSS box-shadow instead.
2026-05-06 19:30:35,052 [WARNING] [MainThread] [deprecation/deprecation.py:133]: [DEPRECATED] MediaWidgetConfig: 'label_shadow' - Use CSS text-shadow instead.
2026-05-06 19:30:35,105 [INFO] [MainThread] [root/service.py:41]: AudioInputService starting...
2026-05-06 19:30:35,180 [INFO] [MainThread] [root/service.py:52]: AudioOutputService starting...
2026-05-06 19:30:35,213 [WARNING] [MainThread] [deprecation/deprecation.py:133]: [DEPRECATED] SystrayWidgetConfig: 'btn_shadow' - Use CSS box-shadow instead.
2026-05-06 19:30:35,301 [INFO] [MainThread] [root/bar_manager.py:228]: Starting HotkeyListener...
2026-05-06 19:30:35,301 [INFO] [MainThread] [root/bar_manager.py:102]: Starting SystemEventListener...
2026-05-06 19:30:35,301 [INFO] [MainThread] [root/bar_manager.py:102]: Starting WindowsNotificationEventListener...
2026-05-06 19:30:35,302 [INFO] [MainThread] [root/watcher.py:65]: Watching directory: c:\users\mathe\.config\yasb
2026-05-06 19:30:35,303 [INFO] [MainThread] [root/watcher.py:104]: Created file watcher
2026-05-06 19:30:35,321 [INFO] [MainThread] [root/update_service.py:434]: Background update checker started
2026-05-06 21:20:58,879 [INFO] [MainThread] [root/controller.py:43]: Exiting Application...
2026-05-06 21:20:59,000 [INFO] [MainThread] [cli_server/cli_server.py:114]: Log pipe server stopped
2026-05-06 21:20:59,180 [INFO] [MainThread] [root/bar_manager.py:110]: Stopping HotkeyListener...
2026-05-06 21:20:59,187 [INFO] [MainThread] [root/bar_manager.py:118]: Stopping SystemEventListener...
2026-05-06 21:20:59,190 [INFO] [MainThread] [root/bar_manager.py:118]: Stopping WindowsNotificationEventListener...
2026-05-07 20:37:36,528 [INFO] [MainThread] [root/log.py:104]: YASB v2.0.0
2026-05-07 20:37:36,530 [INFO] [CLIPipeServer] [cli_server/cli_server.py:216]: CLI server started v1.1.7
2026-05-07 20:37:36,530 [INFO] [MainThread] [cli_server/cli_server.py:106]: Log pipe server started
2026-05-07 20:37:36,807 [WARNING] [MainThread] [deprecation/deprecation.py:133]: [DEPRECATED] BarAlignment: 'center' - Use 'align' instead.
2026-05-07 20:37:36,807 [WARNING] [MainThread] [deprecation/deprecation.py:133]: [DEPRECATED] BarBlurEffect: 'acrylic' - No longer supported and can be removed from the config.
2026-05-07 20:37:37,106 [WARNING] [MainThread] [deprecation/deprecation.py:133]: [DEPRECATED] GlazewmWorkspacesConfig: 'hide_empty_workspaces' - No longer supported and can be removed from the config.
2026-05-07 20:37:37,106 [WARNING] [MainThread] [deprecation/deprecation.py:133]: [DEPRECATED] GlazewmWorkspacesConfig: 'btn_shadow' - Use CSS box-shadow instead.
2026-05-07 20:37:37,106 [WARNING] [MainThread] [deprecation/deprecation.py:133]: [DEPRECATED] GlazewmWorkspacesConfig: 'animation' - Use CSS animations instead.
2026-05-07 20:37:37,195 [WARNING] [MainThread] [deprecation/deprecation.py:133]: [DEPRECATED] GlazewmTilingDirectionConfig: 'btn_shadow' - Use CSS box-shadow instead.
2026-05-07 20:37:38,276 [WARNING] [MainThread] [deprecation/deprecation.py:133]: [DEPRECATED] MediaWidgetConfig: 'label_shadow' - Use CSS text-shadow instead.
2026-05-07 20:37:38,463 [INFO] [MainThread] [root/service.py:41]: AudioInputService starting...
2026-05-07 20:37:38,576 [INFO] [MainThread] [root/service.py:52]: AudioOutputService starting...
2026-05-07 20:37:38,663 [WARNING] [MainThread] [deprecation/deprecation.py:133]: [DEPRECATED] SystrayWidgetConfig: 'btn_shadow' - Use CSS box-shadow instead.
2026-05-07 20:37:38,760 [INFO] [MainThread] [root/bar_manager.py:228]: Starting HotkeyListener...
2026-05-07 20:37:38,760 [INFO] [MainThread] [root/bar_manager.py:102]: Starting WindowsNotificationEventListener...
2026-05-07 20:37:38,761 [INFO] [MainThread] [root/bar_manager.py:102]: Starting SystemEventListener...
2026-05-07 20:37:38,762 [INFO] [MainThread] [root/watcher.py:65]: Watching directory: c:\users\mathe\.config\yasb
2026-05-07 20:37:38,763 [INFO] [MainThread] [root/watcher.py:104]: Created file watcher
2026-05-07 20:37:38,999 [INFO] [MainThread] [root/update_service.py:434]: Background update checker started
2026-05-07 20:46:35,006 [ERROR] [SystrayMonitor] [root/app_icons.py:282]: GetIconInfo failed: 0
2026-05-07 23:27:50,702 [INFO] [MainThread] [root/controller.py:43]: Exiting Application...
2026-05-07 23:27:50,815 [INFO] [MainThread] [cli_server/cli_server.py:114]: Log pipe server stopped
2026-05-07 23:27:50,979 [INFO] [MainThread] [root/bar_manager.py:110]: Stopping HotkeyListener...
2026-05-07 23:27:50,981 [INFO] [MainThread] [root/bar_manager.py:118]: Stopping WindowsNotificationEventListener...
2026-05-07 23:27:50,985 [INFO] [MainThread] [root/bar_manager.py:118]: Stopping SystemEventListener...
2026-05-08 18:21:28,923 [INFO] [MainThread] [root/log.py:104]: YASB v2.0.0
2026-05-08 18:21:28,924 [INFO] [CLIPipeServer] [cli_server/cli_server.py:216]: CLI server started v1.1.7
2026-05-08 18:21:28,925 [INFO] [MainThread] [cli_server/cli_server.py:106]: Log pipe server started
2026-05-08 18:21:29,119 [WARNING] [MainThread] [deprecation/deprecation.py:133]: [DEPRECATED] BarAlignment: 'center' - Use 'align' instead.
2026-05-08 18:21:29,120 [WARNING] [MainThread] [deprecation/deprecation.py:133]: [DEPRECATED] BarBlurEffect: 'acrylic' - No longer supported and can be removed from the config.
2026-05-08 18:21:29,410 [WARNING] [MainThread] [deprecation/deprecation.py:133]: [DEPRECATED] GlazewmWorkspacesConfig: 'hide_empty_workspaces' - No longer supported and can be removed from the config.
2026-05-08 18:21:29,410 [WARNING] [MainThread] [deprecation/deprecation.py:133]: [DEPRECATED] GlazewmWorkspacesConfig: 'btn_shadow' - Use CSS box-shadow instead.
2026-05-08 18:21:29,410 [WARNING] [MainThread] [deprecation/deprecation.py:133]: [DEPRECATED] GlazewmWorkspacesConfig: 'animation' - Use CSS animations instead.
2026-05-08 18:21:29,495 [WARNING] [MainThread] [deprecation/deprecation.py:133]: [DEPRECATED] GlazewmTilingDirectionConfig: 'btn_shadow' - Use CSS box-shadow instead.
2026-05-08 18:21:30,357 [WARNING] [MainThread] [deprecation/deprecation.py:133]: [DEPRECATED] MediaWidgetConfig: 'label_shadow' - Use CSS text-shadow instead.
2026-05-08 18:21:30,548 [INFO] [MainThread] [root/service.py:41]: AudioInputService starting...
2026-05-08 18:21:30,659 [INFO] [MainThread] [root/service.py:52]: AudioOutputService starting...
2026-05-08 18:21:30,753 [WARNING] [MainThread] [deprecation/deprecation.py:133]: [DEPRECATED] SystrayWidgetConfig: 'btn_shadow' - Use CSS box-shadow instead.
2026-05-08 18:21:30,850 [INFO] [MainThread] [root/bar_manager.py:228]: Starting HotkeyListener...
2026-05-08 18:21:30,850 [INFO] [MainThread] [root/bar_manager.py:102]: Starting SystemEventListener...
2026-05-08 18:21:30,850 [INFO] [MainThread] [root/bar_manager.py:102]: Starting WindowsNotificationEventListener...
2026-05-08 18:21:30,852 [INFO] [MainThread] [root/watcher.py:65]: Watching directory: c:\users\mathe\.config\yasb
2026-05-08 18:21:30,852 [INFO] [MainThread] [root/watcher.py:104]: Created file watcher
2026-05-08 18:21:31,095 [INFO] [MainThread] [root/update_service.py:434]: Background update checker started
2026-05-08 18:37:16,558 [WARNING] [MainThread] [deprecation/deprecation.py:133]: [DEPRECATED] BarAlignment: 'center' - Use 'align' instead.
2026-05-08 18:37:16,558 [WARNING] [MainThread] [deprecation/deprecation.py:133]: [DEPRECATED] BarBlurEffect: 'acrylic' - No longer supported and can be removed from the config.
2026-05-08 18:37:16,562 [INFO] [MainThread] [root/controller.py:21]: Reloading Application because of config change.
2026-05-08 18:37:16,665 [INFO] [MainThread] [cli_server/cli_server.py:114]: Log pipe server stopped
2026-05-08 18:37:16,671 [INFO] [MainThread] [root/bar_manager.py:92]: Successfully loaded updated config and re-initialised all bars.
2026-05-08 18:37:16,735 [INFO] [MainThread] [root/bar_manager.py:110]: Stopping HotkeyListener...
2026-05-08 18:37:16,737 [INFO] [MainThread] [root/bar_manager.py:118]: Stopping SystemEventListener...
2026-05-08 18:37:16,738 [INFO] [MainThread] [root/bar_manager.py:118]: Stopping WindowsNotificationEventListener...
2026-05-08 18:37:18,072 [INFO] [MainThread] [root/log.py:104]: YASB v2.0.0
2026-05-08 18:37:18,072 [INFO] [CLIPipeServer] [cli_server/cli_server.py:216]: CLI server started v1.1.7
2026-05-08 18:37:18,073 [INFO] [MainThread] [cli_server/cli_server.py:106]: Log pipe server started
2026-05-08 18:37:18,190 [WARNING] [MainThread] [deprecation/deprecation.py:133]: [DEPRECATED] BarAlignment: 'center' - Use 'align' instead.
2026-05-08 18:37:18,190 [WARNING] [MainThread] [deprecation/deprecation.py:133]: [DEPRECATED] BarBlurEffect: 'acrylic' - No longer supported and can be removed from the config.
2026-05-08 18:37:18,386 [WARNING] [MainThread] [deprecation/deprecation.py:133]: [DEPRECATED] GlazewmWorkspacesConfig: 'hide_empty_workspaces' - No longer supported and can be removed from the config.
2026-05-08 18:37:18,386 [WARNING] [MainThread] [deprecation/deprecation.py:133]: [DEPRECATED] GlazewmWorkspacesConfig: 'animation' - Use CSS animations instead.
2026-05-08 18:37:18,457 [WARNING] [MainThread] [deprecation/deprecation.py:133]: [DEPRECATED] GlazewmTilingDirectionConfig: 'btn_shadow' - Use CSS box-shadow instead.
2026-05-08 18:37:18,868 [WARNING] [MainThread] [deprecation/deprecation.py:133]: [DEPRECATED] MediaWidgetConfig: 'label_shadow' - Use CSS text-shadow instead.
2026-05-08 18:37:19,033 [INFO] [MainThread] [root/service.py:41]: AudioInputService starting...
2026-05-08 18:37:19,134 [INFO] [MainThread] [root/service.py:52]: AudioOutputService starting...
2026-05-08 18:37:19,221 [WARNING] [MainThread] [deprecation/deprecation.py:133]: [DEPRECATED] SystrayWidgetConfig: 'btn_shadow' - Use CSS box-shadow instead.
2026-05-08 18:37:19,474 [INFO] [MainThread] [root/bar_manager.py:228]: Starting HotkeyListener...
2026-05-08 18:37:19,474 [INFO] [MainThread] [root/bar_manager.py:102]: Starting WindowsNotificationEventListener...
2026-05-08 18:37:19,474 [INFO] [MainThread] [root/bar_manager.py:102]: Starting SystemEventListener...
2026-05-08 18:37:19,476 [INFO] [MainThread] [root/watcher.py:65]: Watching directory: c:\users\mathe\.config\yasb
2026-05-08 18:37:19,477 [INFO] [MainThread] [root/watcher.py:104]: Created file watcher
2026-05-08 18:37:19,707 [INFO] [MainThread] [root/update_service.py:434]: Background update checker started
2026-05-08 18:37:27,821 [WARNING] [MainThread] [deprecation/deprecation.py:133]: [DEPRECATED] BarAlignment: 'center' - Use 'align' instead.
2026-05-08 18:37:27,822 [WARNING] [MainThread] [deprecation/deprecation.py:133]: [DEPRECATED] BarBlurEffect: 'acrylic' - No longer supported and can be removed from the config.
2026-05-08 18:37:27,822 [INFO] [MainThread] [root/controller.py:21]: Reloading Application because of config change.
2026-05-08 18:37:27,937 [INFO] [MainThread] [cli_server/cli_server.py:114]: Log pipe server stopped
2026-05-08 18:37:27,941 [INFO] [MainThread] [root/bar_manager.py:92]: Successfully loaded updated config and re-initialised all bars.
2026-05-08 18:37:28,012 [INFO] [MainThread] [root/bar_manager.py:110]: Stopping HotkeyListener...
2026-05-08 18:37:28,014 [INFO] [MainThread] [root/bar_manager.py:118]: Stopping WindowsNotificationEventListener...
2026-05-08 18:37:28,015 [INFO] [MainThread] [root/bar_manager.py:118]: Stopping SystemEventListener...
2026-05-08 18:37:28,429 [INFO] [MainThread] [root/log.py:104]: YASB v2.0.0
2026-05-08 18:37:28,430 [INFO] [CLIPipeServer] [cli_server/cli_server.py:216]: CLI server started v1.1.7
2026-05-08 18:37:28,430 [INFO] [MainThread] [cli_server/cli_server.py:106]: Log pipe server started
2026-05-08 18:37:28,463 [WARNING] [MainThread] [deprecation/deprecation.py:133]: [DEPRECATED] BarAlignment: 'center' - Use 'align' instead.
2026-05-08 18:37:28,463 [WARNING] [MainThread] [deprecation/deprecation.py:133]: [DEPRECATED] BarBlurEffect: 'acrylic' - No longer supported and can be removed from the config.
2026-05-08 18:37:28,513 [WARNING] [MainThread] [deprecation/deprecation.py:133]: [DEPRECATED] GlazewmWorkspacesConfig: 'hide_empty_workspaces' - No longer supported and can be removed from the config.
2026-05-08 18:37:28,513 [WARNING] [MainThread] [deprecation/deprecation.py:133]: [DEPRECATED] GlazewmWorkspacesConfig: 'animation' - Use CSS animations instead.
2026-05-08 18:37:28,525 [WARNING] [MainThread] [deprecation/deprecation.py:133]: [DEPRECATED] GlazewmTilingDirectionConfig: 'btn_shadow' - Use CSS box-shadow instead.
2026-05-08 18:37:28,817 [WARNING] [MainThread] [deprecation/deprecation.py:133]: [DEPRECATED] MediaWidgetConfig: 'label_shadow' - Use CSS text-shadow instead.
2026-05-08 18:37:28,875 [INFO] [MainThread] [root/service.py:41]: AudioInputService starting...
2026-05-08 18:37:28,956 [INFO] [MainThread] [root/service.py:52]: AudioOutputService starting...
2026-05-08 18:37:28,990 [WARNING] [MainThread] [deprecation/deprecation.py:133]: [DEPRECATED] SystrayWidgetConfig: 'btn_shadow' - Use CSS box-shadow instead.
2026-05-08 18:37:29,130 [INFO] [MainThread] [root/bar_manager.py:228]: Starting HotkeyListener...
2026-05-08 18:37:29,130 [INFO] [MainThread] [root/bar_manager.py:102]: Starting SystemEventListener...
2026-05-08 18:37:29,130 [INFO] [MainThread] [root/bar_manager.py:102]: Starting WindowsNotificationEventListener...
2026-05-08 18:37:29,132 [INFO] [MainThread] [root/watcher.py:65]: Watching directory: c:\users\mathe\.config\yasb
2026-05-08 18:37:29,132 [INFO] [MainThread] [root/watcher.py:104]: Created file watcher
2026-05-08 18:37:29,156 [INFO] [MainThread] [root/update_service.py:434]: Background update checker started
2026-05-08 18:38:15,722 [WARNING] [MainThread] [deprecation/deprecation.py:133]: [DEPRECATED] BarAlignment: 'center' - Use 'align' instead.
2026-05-08 18:38:15,722 [WARNING] [MainThread] [deprecation/deprecation.py:133]: [DEPRECATED] BarBlurEffect: 'acrylic' - No longer supported and can be removed from the config.
2026-05-08 18:38:15,723 [INFO] [MainThread] [root/controller.py:21]: Reloading Application because of config change.
2026-05-08 18:38:15,829 [INFO] [MainThread] [cli_server/cli_server.py:114]: Log pipe server stopped
2026-05-08 18:38:15,833 [INFO] [MainThread] [root/bar_manager.py:92]: Successfully loaded updated config and re-initialised all bars.
2026-05-08 18:38:15,893 [INFO] [MainThread] [root/bar_manager.py:110]: Stopping HotkeyListener...
2026-05-08 18:38:15,894 [INFO] [MainThread] [root/bar_manager.py:118]: Stopping SystemEventListener...
2026-05-08 18:38:15,895 [INFO] [MainThread] [root/bar_manager.py:118]: Stopping WindowsNotificationEventListener...
2026-05-08 18:38:16,294 [INFO] [MainThread] [root/log.py:104]: YASB v2.0.0
2026-05-08 18:38:16,294 [INFO] [CLIPipeServer] [cli_server/cli_server.py:216]: CLI server started v1.1.7
2026-05-08 18:38:16,295 [INFO] [MainThread] [cli_server/cli_server.py:106]: Log pipe server started
2026-05-08 18:38:16,328 [WARNING] [MainThread] [deprecation/deprecation.py:133]: [DEPRECATED] BarAlignment: 'center' - Use 'align' instead.
2026-05-08 18:38:16,329 [WARNING] [MainThread] [deprecation/deprecation.py:133]: [DEPRECATED] BarBlurEffect: 'acrylic' - No longer supported and can be removed from the config.
2026-05-08 18:38:16,380 [WARNING] [MainThread] [deprecation/deprecation.py:133]: [DEPRECATED] GlazewmWorkspacesConfig: 'hide_empty_workspaces' - No longer supported and can be removed from the config.
2026-05-08 18:38:16,380 [WARNING] [MainThread] [deprecation/deprecation.py:133]: [DEPRECATED] GlazewmWorkspacesConfig: 'animation' - Use CSS animations instead.
2026-05-08 18:38:16,383 [WARNING] [MainThread] [deprecation/deprecation.py:133]: [DEPRECATED] GlazewmTilingDirectionConfig: 'btn_shadow' - Use CSS box-shadow instead.
2026-05-08 18:38:16,684 [WARNING] [MainThread] [deprecation/deprecation.py:133]: [DEPRECATED] MediaWidgetConfig: 'label_shadow' - Use CSS text-shadow instead.
2026-05-08 18:38:16,747 [INFO] [MainThread] [root/service.py:41]: AudioInputService starting...
2026-05-08 18:38:16,827 [INFO] [MainThread] [root/service.py:52]: AudioOutputService starting...
2026-05-08 18:38:16,861 [WARNING] [MainThread] [deprecation/deprecation.py:133]: [DEPRECATED] SystrayWidgetConfig: 'btn_shadow' - Use CSS box-shadow instead.
2026-05-08 18:38:16,979 [INFO] [MainThread] [root/bar_manager.py:228]: Starting HotkeyListener...
2026-05-08 18:38:16,979 [INFO] [MainThread] [root/bar_manager.py:102]: Starting WindowsNotificationEventListener...
2026-05-08 18:38:16,979 [INFO] [MainThread] [root/bar_manager.py:102]: Starting SystemEventListener...
2026-05-08 18:38:16,980 [ERROR] [MainThread] [root/widget_builder.py:114]: Failed to validate widget(s) due to invalid options  - glazewm_workspaces
      label:
      - Extra inputs are not permitted
      
2026-05-08 18:38:17,021 [INFO] [MainThread] [root/watcher.py:65]: Watching directory: c:\users\mathe\.config\yasb
2026-05-08 18:38:17,022 [INFO] [MainThread] [root/watcher.py:104]: Created file watcher
2026-05-08 18:38:17,030 [INFO] [MainThread] [root/update_service.py:434]: Background update checker started
2026-05-08 18:38:28,345 [WARNING] [MainThread] [deprecation/deprecation.py:133]: [DEPRECATED] BarAlignment: 'center' - Use 'align' instead.
2026-05-08 18:38:28,345 [WARNING] [MainThread] [deprecation/deprecation.py:133]: [DEPRECATED] BarBlurEffect: 'acrylic' - No longer supported and can be removed from the config.
2026-05-08 18:38:28,346 [INFO] [MainThread] [root/controller.py:21]: Reloading Application because of config change.
2026-05-08 18:38:28,457 [INFO] [MainThread] [cli_server/cli_server.py:114]: Log pipe server stopped
2026-05-08 18:38:28,461 [INFO] [MainThread] [root/bar_manager.py:92]: Successfully loaded updated config and re-initialised all bars.
2026-05-08 18:38:28,486 [INFO] [MainThread] [root/bar_manager.py:110]: Stopping HotkeyListener...
2026-05-08 18:38:28,490 [INFO] [MainThread] [root/bar_manager.py:118]: Stopping WindowsNotificationEventListener...
2026-05-08 18:38:28,492 [INFO] [MainThread] [root/bar_manager.py:118]: Stopping SystemEventListener...
2026-05-08 18:38:28,922 [INFO] [MainThread] [root/log.py:104]: YASB v2.0.0
2026-05-08 18:38:28,922 [INFO] [CLIPipeServer] [cli_server/cli_server.py:216]: CLI server started v1.1.7
2026-05-08 18:38:28,923 [INFO] [MainThread] [cli_server/cli_server.py:106]: Log pipe server started
2026-05-08 18:38:28,956 [WARNING] [MainThread] [deprecation/deprecation.py:133]: [DEPRECATED] BarAlignment: 'center' - Use 'align' instead.
2026-05-08 18:38:28,956 [WARNING] [MainThread] [deprecation/deprecation.py:133]: [DEPRECATED] BarBlurEffect: 'acrylic' - No longer supported and can be removed from the config.
2026-05-08 18:38:29,009 [WARNING] [MainThread] [deprecation/deprecation.py:133]: [DEPRECATED] GlazewmWorkspacesConfig: 'hide_empty_workspaces' - No longer supported and can be removed from the config.
2026-05-08 18:38:29,009 [WARNING] [MainThread] [deprecation/deprecation.py:133]: [DEPRECATED] GlazewmWorkspacesConfig: 'animation' - Use CSS animations instead.
2026-05-08 18:38:29,022 [WARNING] [MainThread] [deprecation/deprecation.py:133]: [DEPRECATED] GlazewmTilingDirectionConfig: 'btn_shadow' - Use CSS box-shadow instead.
2026-05-08 18:38:29,313 [WARNING] [MainThread] [deprecation/deprecation.py:133]: [DEPRECATED] MediaWidgetConfig: 'label_shadow' - Use CSS text-shadow instead.
2026-05-08 18:38:29,373 [INFO] [MainThread] [root/service.py:41]: AudioInputService starting...
2026-05-08 18:38:29,453 [INFO] [MainThread] [root/service.py:52]: AudioOutputService starting...
2026-05-08 18:38:29,488 [WARNING] [MainThread] [deprecation/deprecation.py:133]: [DEPRECATED] SystrayWidgetConfig: 'btn_shadow' - Use CSS box-shadow instead.
2026-05-08 18:38:29,635 [INFO] [MainThread] [root/bar_manager.py:228]: Starting HotkeyListener...
2026-05-08 18:38:29,635 [INFO] [MainThread] [root/bar_manager.py:102]: Starting SystemEventListener...
2026-05-08 18:38:29,635 [INFO] [MainThread] [root/bar_manager.py:102]: Starting WindowsNotificationEventListener...
2026-05-08 18:38:29,638 [INFO] [MainThread] [root/watcher.py:65]: Watching directory: c:\users\mathe\.config\yasb
2026-05-08 18:38:29,638 [INFO] [MainThread] [root/watcher.py:104]: Created file watcher
2026-05-08 18:38:29,655 [INFO] [MainThread] [root/update_service.py:434]: Background update checker started
2026-05-08 18:38:38,194 [WARNING] [MainThread] [deprecation/deprecation.py:133]: [DEPRECATED] BarAlignment: 'center' - Use 'align' instead.
2026-05-08 18:38:38,194 [WARNING] [MainThread] [deprecation/deprecation.py:133]: [DEPRECATED] BarBlurEffect: 'acrylic' - No longer supported and can be removed from the config.
2026-05-08 18:38:38,194 [INFO] [MainThread] [root/controller.py:21]: Reloading Application because of config change.
2026-05-08 18:38:38,297 [INFO] [MainThread] [cli_server/cli_server.py:114]: Log pipe server stopped
2026-05-08 18:38:38,301 [INFO] [MainThread] [root/bar_manager.py:92]: Successfully loaded updated config and re-initialised all bars.
2026-05-08 18:38:38,360 [INFO] [MainThread] [root/bar_manager.py:110]: Stopping HotkeyListener...
2026-05-08 18:38:38,362 [INFO] [MainThread] [root/bar_manager.py:118]: Stopping SystemEventListener...
2026-05-08 18:38:38,364 [INFO] [MainThread] [root/bar_manager.py:118]: Stopping WindowsNotificationEventListener...
2026-05-08 18:38:38,762 [INFO] [MainThread] [root/log.py:104]: YASB v2.0.0
2026-05-08 18:38:38,763 [INFO] [CLIPipeServer] [cli_server/cli_server.py:216]: CLI server started v1.1.7
2026-05-08 18:38:38,763 [INFO] [MainThread] [cli_server/cli_server.py:106]: Log pipe server started
2026-05-08 18:38:38,798 [WARNING] [MainThread] [deprecation/deprecation.py:133]: [DEPRECATED] BarAlignment: 'center' - Use 'align' instead.
2026-05-08 18:38:38,798 [WARNING] [MainThread] [deprecation/deprecation.py:133]: [DEPRECATED] BarBlurEffect: 'acrylic' - No longer supported and can be removed from the config.
2026-05-08 18:38:38,850 [WARNING] [MainThread] [deprecation/deprecation.py:133]: [DEPRECATED] GlazewmWorkspacesConfig: 'hide_empty_workspaces' - No longer supported and can be removed from the config.
2026-05-08 18:38:38,851 [WARNING] [MainThread] [deprecation/deprecation.py:133]: [DEPRECATED] GlazewmWorkspacesConfig: 'animation' - Use CSS animations instead.
2026-05-08 18:38:38,863 [WARNING] [MainThread] [deprecation/deprecation.py:133]: [DEPRECATED] GlazewmTilingDirectionConfig: 'btn_shadow' - Use CSS box-shadow instead.
2026-05-08 18:38:39,149 [WARNING] [MainThread] [deprecation/deprecation.py:133]: [DEPRECATED] MediaWidgetConfig: 'label_shadow' - Use CSS text-shadow instead.
2026-05-08 18:38:39,210 [INFO] [MainThread] [root/service.py:41]: AudioInputService starting...
2026-05-08 18:38:39,291 [INFO] [MainThread] [root/service.py:52]: AudioOutputService starting...
2026-05-08 18:38:39,326 [WARNING] [MainThread] [deprecation/deprecation.py:133]: [DEPRECATED] SystrayWidgetConfig: 'btn_shadow' - Use CSS box-shadow instead.
2026-05-08 18:38:39,469 [INFO] [MainThread] [root/bar_manager.py:228]: Starting HotkeyListener...
2026-05-08 18:38:39,469 [INFO] [MainThread] [root/bar_manager.py:102]: Starting WindowsNotificationEventListener...
2026-05-08 18:38:39,470 [INFO] [MainThread] [root/bar_manager.py:102]: Starting SystemEventListener...
2026-05-08 18:38:39,473 [INFO] [MainThread] [root/watcher.py:65]: Watching directory: c:\users\mathe\.config\yasb
2026-05-08 18:38:39,473 [INFO] [MainThread] [root/watcher.py:104]: Created file watcher
2026-05-08 18:38:39,492 [INFO] [MainThread] [root/update_service.py:434]: Background update checker started
2026-05-08 18:38:58,897 [WARNING] [MainThread] [deprecation/deprecation.py:133]: [DEPRECATED] BarAlignment: 'center' - Use 'align' instead.
2026-05-08 18:38:58,898 [WARNING] [MainThread] [deprecation/deprecation.py:133]: [DEPRECATED] BarBlurEffect: 'acrylic' - No longer supported and can be removed from the config.
2026-05-08 18:38:58,898 [INFO] [MainThread] [root/controller.py:21]: Reloading Application because of config change.
2026-05-08 18:38:59,009 [INFO] [MainThread] [cli_server/cli_server.py:114]: Log pipe server stopped
2026-05-08 18:38:59,013 [INFO] [MainThread] [root/bar_manager.py:92]: Successfully loaded updated config and re-initialised all bars.
2026-05-08 18:38:59,074 [INFO] [MainThread] [root/bar_manager.py:110]: Stopping HotkeyListener...
2026-05-08 18:38:59,077 [INFO] [MainThread] [root/bar_manager.py:118]: Stopping WindowsNotificationEventListener...
2026-05-08 18:38:59,078 [INFO] [MainThread] [root/bar_manager.py:118]: Stopping SystemEventListener...
2026-05-08 18:38:59,473 [INFO] [MainThread] [root/log.py:104]: YASB v2.0.0
2026-05-08 18:38:59,473 [INFO] [CLIPipeServer] [cli_server/cli_server.py:216]: CLI server started v1.1.7
2026-05-08 18:38:59,474 [INFO] [MainThread] [cli_server/cli_server.py:106]: Log pipe server started
2026-05-08 18:38:59,508 [WARNING] [MainThread] [deprecation/deprecation.py:133]: [DEPRECATED] BarAlignment: 'center' - Use 'align' instead.
2026-05-08 18:38:59,508 [WARNING] [MainThread] [deprecation/deprecation.py:133]: [DEPRECATED] BarBlurEffect: 'acrylic' - No longer supported and can be removed from the config.
2026-05-08 18:38:59,561 [WARNING] [MainThread] [deprecation/deprecation.py:133]: [DEPRECATED] GlazewmWorkspacesConfig: 'hide_empty_workspaces' - No longer supported and can be removed from the config.
2026-05-08 18:38:59,561 [WARNING] [MainThread] [deprecation/deprecation.py:133]: [DEPRECATED] GlazewmWorkspacesConfig: 'animation' - Use CSS animations instead.
2026-05-08 18:38:59,573 [WARNING] [MainThread] [deprecation/deprecation.py:133]: [DEPRECATED] GlazewmTilingDirectionConfig: 'btn_shadow' - Use CSS box-shadow instead.
2026-05-08 18:38:59,866 [WARNING] [MainThread] [deprecation/deprecation.py:133]: [DEPRECATED] MediaWidgetConfig: 'label_shadow' - Use CSS text-shadow instead.
2026-05-08 18:38:59,926 [INFO] [MainThread] [root/service.py:41]: AudioInputService starting...
2026-05-08 18:39:00,006 [INFO] [MainThread] [root/service.py:52]: AudioOutputService starting...
2026-05-08 18:39:00,043 [WARNING] [MainThread] [deprecation/deprecation.py:133]: [DEPRECATED] SystrayWidgetConfig: 'btn_shadow' - Use CSS box-shadow instead.
2026-05-08 18:39:00,183 [INFO] [MainThread] [root/bar_manager.py:228]: Starting HotkeyListener...
2026-05-08 18:39:00,183 [INFO] [MainThread] [root/bar_manager.py:102]: Starting SystemEventListener...
2026-05-08 18:39:00,184 [INFO] [MainThread] [root/bar_manager.py:102]: Starting WindowsNotificationEventListener...
2026-05-08 18:39:00,186 [INFO] [MainThread] [root/watcher.py:65]: Watching directory: c:\users\mathe\.config\yasb
2026-05-08 18:39:00,186 [INFO] [MainThread] [root/watcher.py:104]: Created file watcher
2026-05-08 18:39:00,207 [INFO] [MainThread] [root/update_service.py:434]: Background update checker started
2026-05-08 18:39:11,106 [WARNING] [MainThread] [deprecation/deprecation.py:133]: [DEPRECATED] BarAlignment: 'center' - Use 'align' instead.
2026-05-08 18:39:11,107 [WARNING] [MainThread] [deprecation/deprecation.py:133]: [DEPRECATED] BarBlurEffect: 'acrylic' - No longer supported and can be removed from the config.
2026-05-08 18:39:11,107 [INFO] [MainThread] [root/controller.py:21]: Reloading Application because of config change.
2026-05-08 18:39:11,218 [INFO] [MainThread] [cli_server/cli_server.py:114]: Log pipe server stopped
2026-05-08 18:39:11,222 [INFO] [MainThread] [root/bar_manager.py:92]: Successfully loaded updated config and re-initialised all bars.
2026-05-08 18:39:11,285 [INFO] [MainThread] [root/bar_manager.py:110]: Stopping HotkeyListener...
2026-05-08 18:39:11,286 [INFO] [MainThread] [root/bar_manager.py:118]: Stopping SystemEventListener...
2026-05-08 18:39:11,289 [INFO] [MainThread] [root/bar_manager.py:118]: Stopping WindowsNotificationEventListener...
2026-05-08 18:39:11,668 [INFO] [MainThread] [root/log.py:104]: YASB v2.0.0
2026-05-08 18:39:11,668 [INFO] [CLIPipeServer] [cli_server/cli_server.py:216]: CLI server started v1.1.7
2026-05-08 18:39:11,669 [INFO] [MainThread] [cli_server/cli_server.py:106]: Log pipe server started
2026-05-08 18:39:11,702 [WARNING] [MainThread] [deprecation/deprecation.py:133]: [DEPRECATED] BarAlignment: 'center' - Use 'align' instead.
2026-05-08 18:39:11,702 [WARNING] [MainThread] [deprecation/deprecation.py:133]: [DEPRECATED] BarBlurEffect: 'acrylic' - No longer supported and can be removed from the config.
2026-05-08 18:39:11,755 [WARNING] [MainThread] [deprecation/deprecation.py:133]: [DEPRECATED] GlazewmWorkspacesConfig: 'hide_empty_workspaces' - No longer supported and can be removed from the config.
2026-05-08 18:39:11,755 [WARNING] [MainThread] [deprecation/deprecation.py:133]: [DEPRECATED] GlazewmWorkspacesConfig: 'animation' - Use CSS animations instead.
2026-05-08 18:39:11,757 [WARNING] [MainThread] [deprecation/deprecation.py:133]: [DEPRECATED] GlazewmTilingDirectionConfig: 'btn_shadow' - Use CSS box-shadow instead.
2026-05-08 18:39:12,055 [WARNING] [MainThread] [deprecation/deprecation.py:133]: [DEPRECATED] MediaWidgetConfig: 'label_shadow' - Use CSS text-shadow instead.
2026-05-08 18:39:12,113 [INFO] [MainThread] [root/service.py:41]: AudioInputService starting...
2026-05-08 18:39:12,193 [INFO] [MainThread] [root/service.py:52]: AudioOutputService starting...
2026-05-08 18:39:12,229 [WARNING] [MainThread] [deprecation/deprecation.py:133]: [DEPRECATED] SystrayWidgetConfig: 'btn_shadow' - Use CSS box-shadow instead.
2026-05-08 18:39:12,344 [INFO] [MainThread] [root/bar_manager.py:228]: Starting HotkeyListener...
2026-05-08 18:39:12,345 [INFO] [MainThread] [root/bar_manager.py:102]: Starting WindowsNotificationEventListener...
2026-05-08 18:39:12,345 [INFO] [MainThread] [root/bar_manager.py:102]: Starting SystemEventListener...
2026-05-08 18:39:12,345 [ERROR] [MainThread] [root/widget_builder.py:114]: Failed to validate widget(s) due to invalid options  - glazewm_workspaces
      active_label:
      - Extra inputs are not permitted
      
2026-05-08 18:39:12,377 [INFO] [MainThread] [root/watcher.py:65]: Watching directory: c:\users\mathe\.config\yasb
2026-05-08 18:39:12,377 [INFO] [MainThread] [root/watcher.py:104]: Created file watcher
2026-05-08 18:39:12,394 [INFO] [MainThread] [root/update_service.py:434]: Background update checker started
2026-05-08 18:39:16,081 [WARNING] [MainThread] [deprecation/deprecation.py:133]: [DEPRECATED] BarAlignment: 'center' - Use 'align' instead.
2026-05-08 18:39:16,081 [WARNING] [MainThread] [deprecation/deprecation.py:133]: [DEPRECATED] BarBlurEffect: 'acrylic' - No longer supported and can be removed from the config.
2026-05-08 18:39:16,082 [INFO] [MainThread] [root/controller.py:21]: Reloading Application because of config change.
2026-05-08 18:39:16,188 [INFO] [MainThread] [cli_server/cli_server.py:114]: Log pipe server stopped
2026-05-08 18:39:16,192 [INFO] [MainThread] [root/bar_manager.py:92]: Successfully loaded updated config and re-initialised all bars.
2026-05-08 18:39:16,218 [INFO] [MainThread] [root/bar_manager.py:110]: Stopping HotkeyListener...
2026-05-08 18:39:16,222 [INFO] [MainThread] [root/bar_manager.py:118]: Stopping WindowsNotificationEventListener...
2026-05-08 18:39:16,227 [INFO] [MainThread] [root/bar_manager.py:118]: Stopping SystemEventListener...
2026-05-08 18:39:16,670 [INFO] [MainThread] [root/log.py:104]: YASB v2.0.0
2026-05-08 18:39:16,671 [INFO] [CLIPipeServer] [cli_server/cli_server.py:216]: CLI server started v1.1.7
2026-05-08 18:39:16,672 [INFO] [MainThread] [cli_server/cli_server.py:106]: Log pipe server started
2026-05-08 18:39:16,707 [WARNING] [MainThread] [deprecation/deprecation.py:133]: [DEPRECATED] BarAlignment: 'center' - Use 'align' instead.
2026-05-08 18:39:16,707 [WARNING] [MainThread] [deprecation/deprecation.py:133]: [DEPRECATED] BarBlurEffect: 'acrylic' - No longer supported and can be removed from the config.
2026-05-08 18:39:16,758 [WARNING] [MainThread] [deprecation/deprecation.py:133]: [DEPRECATED] GlazewmWorkspacesConfig: 'hide_empty_workspaces' - No longer supported and can be removed from the config.
2026-05-08 18:39:16,758 [WARNING] [MainThread] [deprecation/deprecation.py:133]: [DEPRECATED] GlazewmWorkspacesConfig: 'animation' - Use CSS animations instead.
2026-05-08 18:39:16,759 [WARNING] [MainThread] [deprecation/deprecation.py:133]: [DEPRECATED] GlazewmTilingDirectionConfig: 'btn_shadow' - Use CSS box-shadow instead.
2026-05-08 18:39:17,063 [WARNING] [MainThread] [deprecation/deprecation.py:133]: [DEPRECATED] MediaWidgetConfig: 'label_shadow' - Use CSS text-shadow instead.
2026-05-08 18:39:17,122 [INFO] [MainThread] [root/service.py:41]: AudioInputService starting...
2026-05-08 18:39:17,202 [INFO] [MainThread] [root/service.py:52]: AudioOutputService starting...
2026-05-08 18:39:17,238 [WARNING] [MainThread] [deprecation/deprecation.py:133]: [DEPRECATED] SystrayWidgetConfig: 'btn_shadow' - Use CSS box-shadow instead.
2026-05-08 18:39:17,353 [INFO] [MainThread] [root/bar_manager.py:228]: Starting HotkeyListener...
2026-05-08 18:39:17,354 [INFO] [MainThread] [root/bar_manager.py:102]: Starting WindowsNotificationEventListener...
2026-05-08 18:39:17,354 [INFO] [MainThread] [root/bar_manager.py:102]: Starting SystemEventListener...
2026-05-08 18:39:17,354 [ERROR] [MainThread] [root/widget_builder.py:114]: Failed to validate widget(s) due to invalid options  - glazewm_workspaces
      actived_label:
      - Extra inputs are not permitted
      
2026-05-08 18:39:17,392 [INFO] [MainThread] [root/watcher.py:65]: Watching directory: c:\users\mathe\.config\yasb
2026-05-08 18:39:17,392 [INFO] [MainThread] [root/watcher.py:104]: Created file watcher
2026-05-08 18:39:17,405 [INFO] [MainThread] [root/update_service.py:434]: Background update checker started
2026-05-08 18:39:26,617 [WARNING] [MainThread] [deprecation/deprecation.py:133]: [DEPRECATED] BarAlignment: 'center' - Use 'align' instead.
2026-05-08 18:39:26,617 [WARNING] [MainThread] [deprecation/deprecation.py:133]: [DEPRECATED] BarBlurEffect: 'acrylic' - No longer supported and can be removed from the config.
2026-05-08 18:39:26,617 [INFO] [MainThread] [root/controller.py:21]: Reloading Application because of config change.
2026-05-08 18:39:26,721 [INFO] [MainThread] [cli_server/cli_server.py:114]: Log pipe server stopped
2026-05-08 18:39:26,726 [INFO] [MainThread] [root/bar_manager.py:92]: Successfully loaded updated config and re-initialised all bars.
2026-05-08 18:39:26,752 [INFO] [MainThread] [root/bar_manager.py:110]: Stopping HotkeyListener...
2026-05-08 18:39:26,754 [INFO] [MainThread] [root/bar_manager.py:118]: Stopping WindowsNotificationEventListener...
2026-05-08 18:39:26,757 [INFO] [MainThread] [root/bar_manager.py:118]: Stopping SystemEventListener...
2026-05-08 18:39:27,184 [INFO] [MainThread] [root/log.py:104]: YASB v2.0.0
2026-05-08 18:39:27,184 [INFO] [CLIPipeServer] [cli_server/cli_server.py:216]: CLI server started v1.1.7
2026-05-08 18:39:27,185 [INFO] [MainThread] [cli_server/cli_server.py:106]: Log pipe server started
2026-05-08 18:39:27,219 [WARNING] [MainThread] [deprecation/deprecation.py:133]: [DEPRECATED] BarAlignment: 'center' - Use 'align' instead.
2026-05-08 18:39:27,219 [WARNING] [MainThread] [deprecation/deprecation.py:133]: [DEPRECATED] BarBlurEffect: 'acrylic' - No longer supported and can be removed from the config.
2026-05-08 18:39:27,271 [WARNING] [MainThread] [deprecation/deprecation.py:133]: [DEPRECATED] GlazewmWorkspacesConfig: 'hide_empty_workspaces' - No longer supported and can be removed from the config.
2026-05-08 18:39:27,271 [WARNING] [MainThread] [deprecation/deprecation.py:133]: [DEPRECATED] GlazewmWorkspacesConfig: 'animation' - Use CSS animations instead.
2026-05-08 18:39:27,285 [WARNING] [MainThread] [deprecation/deprecation.py:133]: [DEPRECATED] GlazewmTilingDirectionConfig: 'btn_shadow' - Use CSS box-shadow instead.
2026-05-08 18:39:27,576 [WARNING] [MainThread] [deprecation/deprecation.py:133]: [DEPRECATED] MediaWidgetConfig: 'label_shadow' - Use CSS text-shadow instead.
2026-05-08 18:39:27,636 [INFO] [MainThread] [root/service.py:41]: AudioInputService starting...
2026-05-08 18:39:27,717 [INFO] [MainThread] [root/service.py:52]: AudioOutputService starting...
2026-05-08 18:39:27,753 [WARNING] [MainThread] [deprecation/deprecation.py:133]: [DEPRECATED] SystrayWidgetConfig: 'btn_shadow' - Use CSS box-shadow instead.
2026-05-08 18:39:27,909 [INFO] [MainThread] [root/bar_manager.py:228]: Starting HotkeyListener...
2026-05-08 18:39:27,909 [INFO] [MainThread] [root/bar_manager.py:102]: Starting WindowsNotificationEventListener...
2026-05-08 18:39:27,909 [INFO] [MainThread] [root/bar_manager.py:102]: Starting SystemEventListener...
2026-05-08 18:39:27,910 [INFO] [MainThread] [root/watcher.py:65]: Watching directory: c:\users\mathe\.config\yasb
2026-05-08 18:39:27,910 [INFO] [MainThread] [root/watcher.py:104]: Created file watcher
2026-05-08 18:39:27,924 [INFO] [MainThread] [root/update_service.py:434]: Background update checker started
2026-05-08 18:41:24,078 [WARNING] [MainThread] [deprecation/deprecation.py:133]: [DEPRECATED] BarAlignment: 'center' - Use 'align' instead.
2026-05-08 18:41:24,079 [WARNING] [MainThread] [deprecation/deprecation.py:133]: [DEPRECATED] BarBlurEffect: 'acrylic' - No longer supported and can be removed from the config.
2026-05-08 18:41:24,079 [INFO] [MainThread] [root/controller.py:21]: Reloading Application because of config change.
2026-05-08 18:41:24,191 [INFO] [MainThread] [cli_server/cli_server.py:114]: Log pipe server stopped
2026-05-08 18:41:24,195 [INFO] [MainThread] [root/bar_manager.py:92]: Successfully loaded updated config and re-initialised all bars.
2026-05-08 18:41:24,257 [INFO] [MainThread] [root/bar_manager.py:110]: Stopping HotkeyListener...
2026-05-08 18:41:24,259 [INFO] [MainThread] [root/bar_manager.py:118]: Stopping WindowsNotificationEventListener...
2026-05-08 18:41:24,260 [INFO] [MainThread] [root/bar_manager.py:118]: Stopping SystemEventListener...
2026-05-08 18:41:24,650 [INFO] [MainThread] [root/log.py:104]: YASB v2.0.0
2026-05-08 18:41:24,651 [INFO] [CLIPipeServer] [cli_server/cli_server.py:216]: CLI server started v1.1.7
2026-05-08 18:41:24,652 [INFO] [MainThread] [cli_server/cli_server.py:106]: Log pipe server started
2026-05-08 18:41:24,685 [WARNING] [MainThread] [deprecation/deprecation.py:133]: [DEPRECATED] BarAlignment: 'center' - Use 'align' instead.
2026-05-08 18:41:24,685 [WARNING] [MainThread] [deprecation/deprecation.py:133]: [DEPRECATED] BarBlurEffect: 'acrylic' - No longer supported and can be removed from the config.
2026-05-08 18:41:24,736 [WARNING] [MainThread] [deprecation/deprecation.py:133]: [DEPRECATED] GlazewmWorkspacesConfig: 'hide_empty_workspaces' - No longer supported and can be removed from the config.
2026-05-08 18:41:24,736 [WARNING] [MainThread] [deprecation/deprecation.py:133]: [DEPRECATED] GlazewmWorkspacesConfig: 'animation' - Use CSS animations instead.
2026-05-08 18:41:24,749 [WARNING] [MainThread] [deprecation/deprecation.py:133]: [DEPRECATED] GlazewmTilingDirectionConfig: 'btn_shadow' - Use CSS box-shadow instead.
2026-05-08 18:41:25,038 [WARNING] [MainThread] [deprecation/deprecation.py:133]: [DEPRECATED] MediaWidgetConfig: 'label_shadow' - Use CSS text-shadow instead.
2026-05-08 18:41:25,097 [INFO] [MainThread] [root/service.py:41]: AudioInputService starting...
2026-05-08 18:41:25,177 [INFO] [MainThread] [root/service.py:52]: AudioOutputService starting...
2026-05-08 18:41:25,211 [WARNING] [MainThread] [deprecation/deprecation.py:133]: [DEPRECATED] SystrayWidgetConfig: 'btn_shadow' - Use CSS box-shadow instead.
2026-05-08 18:41:25,347 [INFO] [MainThread] [root/bar_manager.py:228]: Starting HotkeyListener...
2026-05-08 18:41:25,347 [INFO] [MainThread] [root/bar_manager.py:102]: Starting SystemEventListener...
2026-05-08 18:41:25,347 [INFO] [MainThread] [root/bar_manager.py:102]: Starting WindowsNotificationEventListener...
2026-05-08 18:41:25,349 [INFO] [MainThread] [root/watcher.py:65]: Watching directory: c:\users\mathe\.config\yasb
2026-05-08 18:41:25,349 [INFO] [MainThread] [root/watcher.py:104]: Created file watcher
2026-05-08 18:41:25,371 [INFO] [MainThread] [root/update_service.py:434]: Background update checker started
2026-05-08 18:45:06,398 [WARNING] [MainThread] [deprecation/deprecation.py:133]: [DEPRECATED] BarAlignment: 'center' - Use 'align' instead.
2026-05-08 18:45:06,398 [WARNING] [MainThread] [deprecation/deprecation.py:133]: [DEPRECATED] BarBlurEffect: 'acrylic' - No longer supported and can be removed from the config.
2026-05-08 18:45:06,399 [INFO] [MainThread] [root/controller.py:21]: Reloading Application because of config change.
2026-05-08 18:45:06,503 [INFO] [MainThread] [cli_server/cli_server.py:114]: Log pipe server stopped
2026-05-08 18:45:06,508 [INFO] [MainThread] [root/bar_manager.py:92]: Successfully loaded updated config and re-initialised all bars.
2026-05-08 18:45:06,569 [INFO] [MainThread] [root/bar_manager.py:110]: Stopping HotkeyListener...
2026-05-08 18:45:06,570 [INFO] [MainThread] [root/bar_manager.py:118]: Stopping SystemEventListener...
2026-05-08 18:45:06,571 [INFO] [MainThread] [root/bar_manager.py:118]: Stopping WindowsNotificationEventListener...
2026-05-08 18:45:06,953 [INFO] [MainThread] [root/log.py:104]: YASB v2.0.0
2026-05-08 18:45:06,953 [INFO] [CLIPipeServer] [cli_server/cli_server.py:216]: CLI server started v1.1.7
2026-05-08 18:45:06,954 [INFO] [MainThread] [cli_server/cli_server.py:106]: Log pipe server started
2026-05-08 18:45:06,989 [WARNING] [MainThread] [deprecation/deprecation.py:133]: [DEPRECATED] BarAlignment: 'center' - Use 'align' instead.
2026-05-08 18:45:06,989 [WARNING] [MainThread] [deprecation/deprecation.py:133]: [DEPRECATED] BarBlurEffect: 'acrylic' - No longer supported and can be removed from the config.
2026-05-08 18:45:07,041 [WARNING] [MainThread] [deprecation/deprecation.py:133]: [DEPRECATED] GlazewmWorkspacesConfig: 'hide_empty_workspaces' - No longer supported and can be removed from the config.
2026-05-08 18:45:07,041 [WARNING] [MainThread] [deprecation/deprecation.py:133]: [DEPRECATED] GlazewmWorkspacesConfig: 'animation' - Use CSS animations instead.
2026-05-08 18:45:07,053 [WARNING] [MainThread] [deprecation/deprecation.py:133]: [DEPRECATED] GlazewmTilingDirectionConfig: 'btn_shadow' - Use CSS box-shadow instead.
2026-05-08 18:45:07,341 [WARNING] [MainThread] [deprecation/deprecation.py:133]: [DEPRECATED] MediaWidgetConfig: 'label_shadow' - Use CSS text-shadow instead.
2026-05-08 18:45:07,400 [INFO] [MainThread] [root/service.py:41]: AudioInputService starting...
2026-05-08 18:45:07,482 [INFO] [MainThread] [root/service.py:52]: AudioOutputService starting...
2026-05-08 18:45:07,516 [WARNING] [MainThread] [deprecation/deprecation.py:133]: [DEPRECATED] SystrayWidgetConfig: 'btn_shadow' - Use CSS box-shadow instead.
2026-05-08 18:45:07,648 [INFO] [MainThread] [root/bar_manager.py:228]: Starting HotkeyListener...
2026-05-08 18:45:07,648 [INFO] [MainThread] [root/bar_manager.py:102]: Starting SystemEventListener...
2026-05-08 18:45:07,648 [INFO] [MainThread] [root/bar_manager.py:102]: Starting WindowsNotificationEventListener...
2026-05-08 18:45:07,650 [INFO] [MainThread] [root/watcher.py:65]: Watching directory: c:\users\mathe\.config\yasb
2026-05-08 18:45:07,650 [INFO] [MainThread] [root/watcher.py:104]: Created file watcher
2026-05-08 18:45:07,673 [INFO] [MainThread] [root/update_service.py:434]: Background update checker started
2026-05-08 18:53:57,810 [INFO] [MainThread] [root/controller.py:21]: Reloading Application because of config change.
2026-05-08 18:53:57,915 [INFO] [MainThread] [cli_server/cli_server.py:114]: Log pipe server stopped
2026-05-08 18:53:57,920 [INFO] [MainThread] [root/bar_manager.py:92]: Successfully loaded updated config and re-initialised all bars.
2026-05-08 18:53:57,985 [INFO] [MainThread] [root/bar_manager.py:110]: Stopping HotkeyListener...
2026-05-08 18:53:57,986 [INFO] [MainThread] [root/bar_manager.py:118]: Stopping SystemEventListener...
2026-05-08 18:53:57,987 [INFO] [MainThread] [root/bar_manager.py:118]: Stopping WindowsNotificationEventListener...
2026-05-08 18:53:58,412 [INFO] [MainThread] [root/log.py:104]: YASB v2.0.0
2026-05-08 18:53:58,413 [INFO] [CLIPipeServer] [cli_server/cli_server.py:216]: CLI server started v1.1.7
2026-05-08 18:53:58,413 [INFO] [MainThread] [cli_server/cli_server.py:106]: Log pipe server started
2026-05-08 18:53:58,452 [INFO] [MainThread] [root/watcher.py:65]: Watching directory: c:\users\mathe\.config\yasb
2026-05-08 18:53:58,452 [INFO] [MainThread] [root/watcher.py:104]: Created file watcher
2026-05-08 18:53:58,466 [INFO] [MainThread] [root/update_service.py:434]: Background update checker started
2026-05-08 18:54:31,633 [INFO] [CLIPipeServer] [cli_server/cli_server.py:257]: CLI server received command: stop
2026-05-08 18:54:31,633 [INFO] [CLIPipeServer] [root/controller.py:43]: Exiting Application from CLI...
2026-05-08 18:54:31,745 [INFO] [CLIPipeServer] [cli_server/cli_server.py:114]: Log pipe server stopped
2026-05-08 18:54:34,740 [INFO] [MainThread] [root/log.py:104]: YASB v2.0.0
2026-05-08 18:54:34,740 [INFO] [CLIPipeServer] [cli_server/cli_server.py:216]: CLI server started v1.1.7
2026-05-08 18:54:34,740 [INFO] [MainThread] [cli_server/cli_server.py:106]: Log pipe server started
2026-05-08 18:54:34,778 [INFO] [MainThread] [root/watcher.py:65]: Watching directory: c:\users\mathe\.config\yasb
2026-05-08 18:54:34,778 [INFO] [MainThread] [root/watcher.py:104]: Created file watcher
2026-05-08 18:54:34,789 [INFO] [MainThread] [root/update_service.py:434]: Background update checker started
2026-05-08 18:55:14,930 [INFO] [MainThread] [root/controller.py:21]: Reloading Application because of config change.
2026-05-08 18:55:15,038 [INFO] [MainThread] [cli_server/cli_server.py:114]: Log pipe server stopped
2026-05-08 18:55:15,042 [INFO] [MainThread] [root/bar_manager.py:92]: Successfully loaded updated config and re-initialised all bars.
2026-05-08 18:55:15,437 [INFO] [MainThread] [root/log.py:104]: YASB v2.0.0
2026-05-08 18:55:15,437 [INFO] [CLIPipeServer] [cli_server/cli_server.py:216]: CLI server started v1.1.7
2026-05-08 18:55:15,438 [INFO] [MainThread] [cli_server/cli_server.py:106]: Log pipe server started
2026-05-08 18:55:15,474 [INFO] [MainThread] [root/watcher.py:65]: Watching directory: c:\users\mathe\.config\yasb
2026-05-08 18:55:15,475 [INFO] [MainThread] [root/watcher.py:104]: Created file watcher
2026-05-08 18:55:15,487 [INFO] [MainThread] [root/update_service.py:434]: Background update checker started
2026-05-08 18:56:20,385 [WARNING] [MainThread] [deprecation/deprecation.py:133]: [DEPRECATED] BarAlignment: 'center' - Use 'align' instead.
2026-05-08 18:56:20,385 [INFO] [MainThread] [root/controller.py:21]: Reloading Application because of config change.
2026-05-08 18:56:20,490 [INFO] [MainThread] [cli_server/cli_server.py:114]: Log pipe server stopped
2026-05-08 18:56:20,494 [INFO] [MainThread] [root/bar_manager.py:92]: Successfully loaded updated config and re-initialised all bars.
2026-05-08 18:56:20,875 [INFO] [MainThread] [root/log.py:104]: YASB v2.0.0
2026-05-08 18:56:20,875 [INFO] [CLIPipeServer] [cli_server/cli_server.py:216]: CLI server started v1.1.7
2026-05-08 18:56:20,876 [INFO] [MainThread] [cli_server/cli_server.py:106]: Log pipe server started
2026-05-08 18:56:20,895 [WARNING] [MainThread] [deprecation/deprecation.py:133]: [DEPRECATED] BarAlignment: 'center' - Use 'align' instead.
2026-05-08 18:56:20,922 [WARNING] [MainThread] [deprecation/deprecation.py:133]: [DEPRECATED] GlazewmWorkspacesConfig: 'hide_empty_workspaces' - No longer supported and can be removed from the config.
2026-05-08 18:56:21,183 [INFO] [MainThread] [root/service.py:52]: AudioOutputService starting...
2026-05-08 18:56:21,281 [ERROR] [MainThread] [root/widget_builder.py:87]: Failed to import widget with type yasb.power_menu.Power_menuWidget
Traceback (most recent call last):
  File "D:\a\yasb\yasb\src\core\utils\widget_builder.py", line 44, in _build_widget
AttributeError: module 'core.widgets.yasb.power_menu' has no attribute 'Power_menuWidget'. Did you mean: 'PowerMenuWidget'?
2026-05-08 18:56:21,306 [ERROR] [MainThread] [root/widget_builder.py:114]: Failed to validate widget(s) due to invalid options  - glazewm_workspaces
      urgent_label:
      - Extra inputs are not permitted
      
 - custom_updates
      class_name:
      - Field required
      
 - cpu
      update_interval:
      - Input should be greater than or equal to 1000
      
 - memory
      update_interval:
      - Input should be greater than or equal to 1000
      
 - disk
      path:
      - Extra inputs are not permitted
      
2026-05-08 18:56:21,338 [ERROR] [MainThread] [root/widget_builder.py:129]: Failed to build widget(s) due to unknown widget type(s)  - power_menu has unknown type "yasb.power_menu.Power_menuWidget"
2026-05-08 18:56:21,355 [INFO] [MainThread] [root/watcher.py:65]: Watching directory: c:\users\mathe\.config\yasb
2026-05-08 18:56:21,355 [INFO] [MainThread] [root/watcher.py:104]: Created file watcher
2026-05-08 18:56:21,378 [INFO] [MainThread] [root/update_service.py:434]: Background update checker started
2026-05-08 18:56:42,723 [WARNING] [MainThread] [deprecation/deprecation.py:133]: [DEPRECATED] BarAlignment: 'center' - Use 'align' instead.
2026-05-08 18:56:42,723 [INFO] [MainThread] [root/controller.py:21]: Reloading Application because of config change.
2026-05-08 18:56:42,835 [INFO] [MainThread] [cli_server/cli_server.py:114]: Log pipe server stopped
2026-05-08 18:56:42,839 [INFO] [MainThread] [root/bar_manager.py:92]: Successfully loaded updated config and re-initialised all bars.
2026-05-08 18:56:43,280 [INFO] [MainThread] [root/log.py:104]: YASB v2.0.0
2026-05-08 18:56:43,280 [INFO] [CLIPipeServer] [cli_server/cli_server.py:216]: CLI server started v1.1.7
2026-05-08 18:56:43,280 [INFO] [MainThread] [cli_server/cli_server.py:106]: Log pipe server started
2026-05-08 18:56:43,301 [WARNING] [MainThread] [deprecation/deprecation.py:133]: [DEPRECATED] BarAlignment: 'center' - Use 'align' instead.
2026-05-08 18:56:43,329 [WARNING] [MainThread] [deprecation/deprecation.py:133]: [DEPRECATED] GlazewmWorkspacesConfig: 'hide_empty_workspaces' - No longer supported and can be removed from the config.
2026-05-08 18:56:43,602 [INFO] [MainThread] [root/service.py:52]: AudioOutputService starting...
2026-05-08 18:56:43,701 [ERROR] [MainThread] [root/widget_builder.py:87]: Failed to import widget with type yasb.power_menu.Power_menuWidget
Traceback (most recent call last):
  File "D:\a\yasb\yasb\src\core\utils\widget_builder.py", line 44, in _build_widget
AttributeError: module 'core.widgets.yasb.power_menu' has no attribute 'Power_menuWidget'. Did you mean: 'PowerMenuWidget'?
2026-05-08 18:56:43,725 [ERROR] [MainThread] [root/widget_builder.py:114]: Failed to validate widget(s) due to invalid options  - glazewm_workspaces
      urgent_label:
      - Extra inputs are not permitted
      
 - custom_updates
      class_name:
      - Field required
      
 - cpu
      update_interval:
      - Input should be greater than or equal to 1000
      
 - memory
      update_interval:
      - Input should be greater than or equal to 1000
      
 - disk
      path:
      - Extra inputs are not permitted
      
2026-05-08 18:56:43,757 [ERROR] [MainThread] [root/widget_builder.py:129]: Failed to build widget(s) due to unknown widget type(s)  - power_menu has unknown type "yasb.power_menu.Power_menuWidget"
2026-05-08 18:56:43,773 [INFO] [MainThread] [root/watcher.py:65]: Watching directory: c:\users\mathe\.config\yasb
2026-05-08 18:56:43,774 [INFO] [MainThread] [root/watcher.py:104]: Created file watcher
2026-05-08 18:56:43,790 [INFO] [MainThread] [root/update_service.py:434]: Background update checker started
2026-05-08 18:57:45,351 [WARNING] [MainThread] [deprecation/deprecation.py:133]: [DEPRECATED] BarAlignment: 'center' - Use 'align' instead.
2026-05-08 18:57:45,351 [INFO] [MainThread] [root/controller.py:21]: Reloading Application because of config change.
2026-05-08 18:57:45,454 [INFO] [MainThread] [cli_server/cli_server.py:114]: Log pipe server stopped
2026-05-08 18:57:45,459 [INFO] [MainThread] [root/bar_manager.py:92]: Successfully loaded updated config and re-initialised all bars.
2026-05-08 18:57:45,923 [INFO] [MainThread] [root/log.py:104]: YASB v2.0.0
2026-05-08 18:57:45,924 [INFO] [CLIPipeServer] [cli_server/cli_server.py:216]: CLI server started v1.1.7
2026-05-08 18:57:45,924 [INFO] [MainThread] [cli_server/cli_server.py:106]: Log pipe server started
2026-05-08 18:57:45,945 [WARNING] [MainThread] [deprecation/deprecation.py:133]: [DEPRECATED] BarAlignment: 'center' - Use 'align' instead.
2026-05-08 18:57:45,973 [WARNING] [MainThread] [deprecation/deprecation.py:133]: [DEPRECATED] GlazewmWorkspacesConfig: 'hide_empty_workspaces' - No longer supported and can be removed from the config.
2026-05-08 18:57:46,268 [INFO] [MainThread] [root/service.py:52]: AudioOutputService starting...
2026-05-08 18:57:46,300 [ERROR] [MainThread] [root/widget_builder.py:90]: No type specified for widget 'cpu'
Traceback (most recent call last):
  File "D:\a\yasb\yasb\src\core\utils\widget_builder.py", line 83, in _build_widget
  File "D:\a\yasb\yasb\src\core\widgets\yasb\cpu.py", line 55, in __init__
  File "D:\a\yasb\yasb\src\core\widgets\yasb\cpu.py", line 66, in _show_placeholder
  File "D:\a\yasb\yasb\src\core\widgets\yasb\cpu.py", line 186, in _update_label
KeyError: 'usage'
2026-05-08 18:57:46,317 [ERROR] [MainThread] [root/base.py:126]: Failed to execute callback of type 'update_label' with args: []
Traceback (most recent call last):
  File "D:\a\yasb\yasb\src\core\widgets\base.py", line 124, in _run_callback
  File "D:\a\yasb\yasb\src\core\widgets\yasb\disk.py", line 93, in _update_label
KeyError: 'percentage_used'
2026-05-08 18:57:46,462 [ERROR] [MainThread] [root/widget_builder.py:114]: Failed to validate widget(s) due to invalid options  - custom_updates
      class_name:
      - Field required
      exec:
      - Extra inputs are not permitted
      
 - power_menu
      buttons:
      - Field required
      
2026-05-08 18:57:46,487 [ERROR] [MainThread] [root/widget_builder.py:138]: Failed to import widget(s) due to missing widget type(s)  - cpu
2026-05-08 18:57:46,496 [INFO] [MainThread] [root/watcher.py:65]: Watching directory: c:\users\mathe\.config\yasb
2026-05-08 18:57:46,496 [INFO] [MainThread] [root/watcher.py:104]: Created file watcher
2026-05-08 18:57:46,508 [INFO] [MainThread] [root/update_service.py:434]: Background update checker started
2026-05-08 18:57:47,173 [ERROR] [MainThread] [root/main.py:180]: Unhandled exception
Traceback (most recent call last):
  File "D:\a\yasb\yasb\src\core\widgets\yasb\cpu.py", line 74, in _on_data_ready
  File "D:\a\yasb\yasb\src\core\widgets\yasb\cpu.py", line 186, in _update_label
KeyError: 'usage'
Windows fatal exception: access violation

Thread 0x000034b0 [Thread-5] (most recent call first):
  File "C:\hostedtoolcache\windows\Python\3.14.4\x64\Lib\threading.py", line 369 in wait
  File "C:\hostedtoolcache\windows\Python\3.14.4\x64\Lib\queue.py", line 199 in get
  File "D:\a\yasb\yasb\venv\Lib\site-packages\watchdog\observers\api.py", line 379 in dispatch_events
  File "D:\a\yasb\yasb\venv\Lib\site-packages\watchdog\observers\api.py", line 213 in run
  File "C:\hostedtoolcache\windows\Python\3.14.4\x64\Lib\threading.py", line 1082 in _bootstrap_inner
  File "C:\hostedtoolcache\windows\Python\3.14.4\x64\Lib\threading.py", line 1044 in _bootstrap

Thread 0x00003b7c [Thread-6] (most recent call first):
  File "D:\a\yasb\yasb\venv\Lib\site-packages\watchdog\observers\winapi.py", line 326 in read_directory_changes
  File "D:\a\yasb\yasb\venv\Lib\site-packages\watchdog\observers\winapi.py", line 380 in read_events
  File "D:\a\yasb\yasb\venv\Lib\site-packages\watchdog\observers\read_directory_changes.py", line 67 in _read_events
  File "D:\a\yasb\yasb\venv\Lib\site-packages\watchdog\observers\read_directory_changes.py", line 70 in queue_events
  File "D:\a\yasb\yasb\venv\Lib\site-packages\watchdog\observers\api.py", line 158 in run
  File "C:\hostedtoolcache\windows\Python\3.14.4\x64\Lib\threading.py", line 1082 in _bootstrap_inner
  File "C:\hostedtoolcache\windows\Python\3.14.4\x64\Lib\threading.py", line 1044 in _bootstrap

Thread 0x00000898 [WiFiWorker] (most recent call first):
  File "D:\a\yasb\yasb\src\core\widgets\services\wifi\wifi_managers.py", line 150 in run

Thread 0x00002984 [MemoryWorker] (most recent call first):
  File "D:\a\yasb\yasb\src\core\widgets\services\memory\memory_api.py", line 244 in run

Thread 0x00001d78 [CpuWorker] (most recent call first):
  File "D:\a\yasb\yasb\src\core\widgets\services\cpu\cpu_api.py", line 318 in run

Thread 0x00002940 [_EventWorker] (most recent call first):
  File "D:\a\yasb\yasb\venv\Lib\site-packages\qasync\_windows.py", line 147 in _poll
  File "D:\a\yasb\yasb\venv\Lib\site-packages\qasync\_windows.py", line 72 in select
  File "D:\a\yasb\yasb\venv\Lib\site-packages\qasync\_windows.py", line 199 in run

Thread 0x00001fec [LogPipeServer] (most recent call first):
  File "D:\a\yasb\yasb\src\core\utils\win32\bindings\kernel32.py", line 288 in ConnectNamedPipe
  File "D:\a\yasb\yasb\src\core\utils\cli_server.py", line 138 in _run_server
  File "C:\hostedtoolcache\windows\Python\3.14.4\x64\Lib\threading.py", line 1024 in run
  File "C:\hostedtoolcache\windows\Python\3.14.4\x64\Lib\threading.py", line 1082 in _bootstrap_inner
  File "C:\hostedtoolcache\windows\Python\3.14.4\x64\Lib\threading.py", line 1044 in _bootstrap

Thread 0x0000153c [CLIPipeServer] (most recent call first):
  File "D:\a\yasb\yasb\src\core\utils\win32\bindings\kernel32.py", line 288 in ConnectNamedPipe
  File "D:\a\yasb\yasb\src\core\utils\cli_server.py", line 235 in _run_server
  File "C:\hostedtoolcache\windows\Python\3.14.4\x64\Lib\threading.py", line 1024 in run
  File "C:\hostedtoolcache\windows\Python\3.14.4\x64\Lib\threading.py", line 1082 in _bootstrap_inner
  File "C:\hostedtoolcache\windows\Python\3.14.4\x64\Lib\threading.py", line 1044 in _bootstrap

Current thread 0x000024fc (most recent call first):
  File "D:\a\yasb\yasb\venv\Lib\site-packages\qasync\__init__.py", line 404 in run_forever
  File "D:\a\yasb\yasb\venv\Lib\site-packages\qasync\__init__.py", line 428 in run_until_complete
  File "main.py", line 98 in main
  File "main.py", line 188 in <module>
  File "D:\a\yasb\yasb\venv\Lib\site-packages\freeze_core\initscripts\console.py", line 27 in run
  File "D:\a\yasb\yasb\venv\Lib\site-packages\freeze_core\initscripts\__startup__.py", line 137 in run

Current thread's C stack trace (most recent call first):
  <cannot get C stack on this system>
2026-05-08 18:57:55,060 [INFO] [MainThread] [root/log.py:104]: YASB v2.0.0
2026-05-08 18:57:55,061 [INFO] [CLIPipeServer] [cli_server/cli_server.py:216]: CLI server started v1.1.7
2026-05-08 18:57:55,061 [INFO] [MainThread] [cli_server/cli_server.py:106]: Log pipe server started
2026-05-08 18:57:55,081 [WARNING] [MainThread] [deprecation/deprecation.py:133]: [DEPRECATED] BarAlignment: 'center' - Use 'align' instead.
2026-05-08 18:57:55,107 [WARNING] [MainThread] [deprecation/deprecation.py:133]: [DEPRECATED] GlazewmWorkspacesConfig: 'hide_empty_workspaces' - No longer supported and can be removed from the config.
2026-05-08 18:57:55,377 [INFO] [MainThread] [root/service.py:52]: AudioOutputService starting...
2026-05-08 18:57:55,408 [ERROR] [MainThread] [root/widget_builder.py:90]: No type specified for widget 'cpu'
Traceback (most recent call last):
  File "D:\a\yasb\yasb\src\core\utils\widget_builder.py", line 83, in _build_widget
  File "D:\a\yasb\yasb\src\core\widgets\yasb\cpu.py", line 55, in __init__
  File "D:\a\yasb\yasb\src\core\widgets\yasb\cpu.py", line 66, in _show_placeholder
  File "D:\a\yasb\yasb\src\core\widgets\yasb\cpu.py", line 186, in _update_label
KeyError: 'usage'
2026-05-08 18:57:55,425 [ERROR] [MainThread] [root/base.py:126]: Failed to execute callback of type 'update_label' with args: []
Traceback (most recent call last):
  File "D:\a\yasb\yasb\src\core\widgets\base.py", line 124, in _run_callback
  File "D:\a\yasb\yasb\src\core\widgets\yasb\disk.py", line 93, in _update_label
KeyError: 'percentage_used'
2026-05-08 18:57:55,572 [ERROR] [MainThread] [root/widget_builder.py:114]: Failed to validate widget(s) due to invalid options  - custom_updates
      class_name:
      - Field required
      exec:
      - Extra inputs are not permitted
      
 - power_menu
      buttons:
      - Field required
      
2026-05-08 18:57:55,600 [ERROR] [MainThread] [root/widget_builder.py:138]: Failed to import widget(s) due to missing widget type(s)  - cpu
2026-05-08 18:57:55,610 [INFO] [MainThread] [root/watcher.py:65]: Watching directory: c:\users\mathe\.config\yasb
2026-05-08 18:57:55,610 [INFO] [MainThread] [root/watcher.py:104]: Created file watcher
2026-05-08 18:57:55,622 [INFO] [MainThread] [root/update_service.py:434]: Background update checker started
2026-05-08 18:57:55,823 [ERROR] [MainThread] [root/main.py:180]: Unhandled exception
Traceback (most recent call last):
  File "D:\a\yasb\yasb\src\core\widgets\yasb\cpu.py", line 74, in _on_data_ready
  File "D:\a\yasb\yasb\src\core\widgets\yasb\cpu.py", line 186, in _update_label
KeyError: 'usage'
2026-05-08 18:58:23,757 [INFO] [MainThread] [root/log.py:104]: YASB v2.0.0
2026-05-08 18:58:23,757 [INFO] [CLIPipeServer] [cli_server/cli_server.py:216]: CLI server started v1.1.7
2026-05-08 18:58:23,758 [INFO] [MainThread] [cli_server/cli_server.py:106]: Log pipe server started
2026-05-08 18:58:23,789 [WARNING] [MainThread] [deprecation/deprecation.py:133]: [DEPRECATED] BarAlignment: 'center' - Use 'align' instead.
2026-05-08 18:58:23,790 [WARNING] [MainThread] [deprecation/deprecation.py:133]: [DEPRECATED] BarBlurEffect: 'acrylic' - No longer supported and can be removed from the config.
2026-05-08 18:58:23,828 [WARNING] [MainThread] [deprecation/deprecation.py:133]: [DEPRECATED] GlazewmWorkspacesConfig: 'hide_empty_workspaces' - No longer supported and can be removed from the config.
2026-05-08 18:58:23,828 [WARNING] [MainThread] [deprecation/deprecation.py:133]: [DEPRECATED] GlazewmWorkspacesConfig: 'animation' - Use CSS animations instead.
2026-05-08 18:58:23,839 [WARNING] [MainThread] [deprecation/deprecation.py:133]: [DEPRECATED] GlazewmTilingDirectionConfig: 'btn_shadow' - Use CSS box-shadow instead.
2026-05-08 18:58:24,105 [WARNING] [MainThread] [deprecation/deprecation.py:133]: [DEPRECATED] MediaWidgetConfig: 'label_shadow' - Use CSS text-shadow instead.
2026-05-08 18:58:24,159 [INFO] [MainThread] [root/service.py:41]: AudioInputService starting...
2026-05-08 18:58:24,234 [INFO] [MainThread] [root/service.py:52]: AudioOutputService starting...
2026-05-08 18:58:24,266 [WARNING] [MainThread] [deprecation/deprecation.py:133]: [DEPRECATED] SystrayWidgetConfig: 'btn_shadow' - Use CSS box-shadow instead.
2026-05-08 18:58:24,368 [INFO] [MainThread] [root/bar_manager.py:228]: Starting HotkeyListener...
2026-05-08 18:58:24,368 [INFO] [MainThread] [root/bar_manager.py:102]: Starting SystemEventListener...
2026-05-08 18:58:24,368 [INFO] [MainThread] [root/bar_manager.py:102]: Starting WindowsNotificationEventListener...
2026-05-08 18:58:24,369 [INFO] [MainThread] [root/watcher.py:65]: Watching directory: c:\users\mathe\.config\yasb
2026-05-08 18:58:24,369 [INFO] [MainThread] [root/watcher.py:104]: Created file watcher
2026-05-08 18:58:24,387 [INFO] [MainThread] [root/update_service.py:434]: Background update checker started
2026-05-08 19:10:39,849 [WARNING] [MainThread] [deprecation/deprecation.py:133]: [DEPRECATED] BarAlignment: 'center' - Use 'align' instead.
2026-05-08 19:10:39,850 [INFO] [MainThread] [root/controller.py:21]: Reloading Application because of config change.
2026-05-08 19:10:39,953 [INFO] [MainThread] [cli_server/cli_server.py:114]: Log pipe server stopped
2026-05-08 19:10:39,957 [INFO] [MainThread] [root/bar_manager.py:92]: Successfully loaded updated config and re-initialised all bars.
2026-05-08 19:10:40,038 [INFO] [MainThread] [root/bar_manager.py:110]: Stopping HotkeyListener...
2026-05-08 19:10:40,039 [INFO] [MainThread] [root/bar_manager.py:118]: Stopping SystemEventListener...
2026-05-08 19:10:40,040 [INFO] [MainThread] [root/bar_manager.py:118]: Stopping WindowsNotificationEventListener...
2026-05-08 19:10:40,400 [INFO] [MainThread] [root/log.py:104]: YASB v2.0.0
2026-05-08 19:10:40,401 [INFO] [CLIPipeServer] [cli_server/cli_server.py:216]: CLI server started v1.1.7
2026-05-08 19:10:40,401 [INFO] [MainThread] [cli_server/cli_server.py:106]: Log pipe server started
2026-05-08 19:10:40,423 [WARNING] [MainThread] [deprecation/deprecation.py:133]: [DEPRECATED] BarAlignment: 'center' - Use 'align' instead.
2026-05-08 19:10:40,453 [WARNING] [MainThread] [deprecation/deprecation.py:133]: [DEPRECATED] GlazewmWorkspacesConfig: 'hide_empty_workspaces' - No longer supported and can be removed from the config.
2026-05-08 19:10:40,710 [WARNING] [MainThread] [root/widget_builder.py:39]: No widget config could be found for widget 'media
2026-05-08 19:10:40,755 [INFO] [MainThread] [root/service.py:52]: AudioOutputService starting...
2026-05-08 19:10:40,787 [ERROR] [MainThread] [root/widget_builder.py:90]: No type specified for widget 'cpu'
Traceback (most recent call last):
  File "D:\a\yasb\yasb\src\core\utils\widget_builder.py", line 83, in _build_widget
  File "D:\a\yasb\yasb\src\core\widgets\yasb\cpu.py", line 55, in __init__
  File "D:\a\yasb\yasb\src\core\widgets\yasb\cpu.py", line 66, in _show_placeholder
  File "D:\a\yasb\yasb\src\core\widgets\yasb\cpu.py", line 186, in _update_label
KeyError: 'usage'
2026-05-08 19:10:40,803 [ERROR] [MainThread] [root/base.py:126]: Failed to execute callback of type 'update_label' with args: []
Traceback (most recent call last):
  File "D:\a\yasb\yasb\src\core\widgets\base.py", line 124, in _run_callback
  File "D:\a\yasb\yasb\src\core\widgets\yasb\disk.py", line 93, in _update_label
KeyError: 'percentage_used'
2026-05-08 19:10:40,958 [INFO] [MainThread] [root/bar_manager.py:102]: Starting SystemEventListener...
2026-05-08 19:10:40,958 [ERROR] [MainThread] [root/widget_builder.py:100]: Failed to add undefined widget(s)  - The widget "media" is undefined.
2026-05-08 19:10:40,984 [ERROR] [MainThread] [root/widget_builder.py:114]: Failed to validate widget(s) due to invalid options  - custom_updates
      class_name:
      - Field required
      exec:
      - Extra inputs are not permitted
      
 - power_menu
      buttons:
      - Field required
      
2026-05-08 19:10:40,993 [ERROR] [MainThread] [root/widget_builder.py:138]: Failed to import widget(s) due to missing widget type(s)  - cpu
2026-05-08 19:10:41,002 [INFO] [MainThread] [root/watcher.py:65]: Watching directory: c:\users\mathe\.config\yasb
2026-05-08 19:10:41,002 [INFO] [MainThread] [root/watcher.py:104]: Created file watcher
2026-05-08 19:10:41,015 [INFO] [MainThread] [root/update_service.py:434]: Background update checker started
2026-05-08 19:10:41,266 [ERROR] [MainThread] [root/main.py:180]: Unhandled exception
Traceback (most recent call last):
  File "D:\a\yasb\yasb\src\core\widgets\yasb\cpu.py", line 74, in _on_data_ready
  File "D:\a\yasb\yasb\src\core\widgets\yasb\cpu.py", line 186, in _update_label
KeyError: 'usage'
2026-05-08 19:11:07,475 [INFO] [MainThread] [root/log.py:104]: YASB v2.0.0
2026-05-08 19:11:07,475 [INFO] [CLIPipeServer] [cli_server/cli_server.py:216]: CLI server started v1.1.7
2026-05-08 19:11:07,476 [INFO] [MainThread] [cli_server/cli_server.py:106]: Log pipe server started
2026-05-08 19:11:07,507 [WARNING] [MainThread] [deprecation/deprecation.py:133]: [DEPRECATED] BarAlignment: 'center' - Use 'align' instead.
2026-05-08 19:11:07,508 [WARNING] [MainThread] [deprecation/deprecation.py:133]: [DEPRECATED] BarBlurEffect: 'acrylic' - No longer supported and can be removed from the config.
2026-05-08 19:11:07,545 [WARNING] [MainThread] [deprecation/deprecation.py:133]: [DEPRECATED] GlazewmWorkspacesConfig: 'hide_empty_workspaces' - No longer supported and can be removed from the config.
2026-05-08 19:11:07,545 [WARNING] [MainThread] [deprecation/deprecation.py:133]: [DEPRECATED] GlazewmWorkspacesConfig: 'animation' - Use CSS animations instead.
2026-05-08 19:11:07,557 [WARNING] [MainThread] [deprecation/deprecation.py:133]: [DEPRECATED] GlazewmTilingDirectionConfig: 'btn_shadow' - Use CSS box-shadow instead.
2026-05-08 19:11:07,818 [WARNING] [MainThread] [deprecation/deprecation.py:133]: [DEPRECATED] MediaWidgetConfig: 'label_shadow' - Use CSS text-shadow instead.
2026-05-08 19:11:07,871 [INFO] [MainThread] [root/service.py:41]: AudioInputService starting...
2026-05-08 19:11:07,946 [INFO] [MainThread] [root/service.py:52]: AudioOutputService starting...
2026-05-08 19:11:07,978 [WARNING] [MainThread] [deprecation/deprecation.py:133]: [DEPRECATED] SystrayWidgetConfig: 'btn_shadow' - Use CSS box-shadow instead.
2026-05-08 19:11:08,082 [INFO] [MainThread] [root/bar_manager.py:228]: Starting HotkeyListener...
2026-05-08 19:11:08,082 [INFO] [MainThread] [root/bar_manager.py:102]: Starting WindowsNotificationEventListener...
2026-05-08 19:11:08,083 [INFO] [MainThread] [root/bar_manager.py:102]: Starting SystemEventListener...
2026-05-08 19:11:08,084 [INFO] [MainThread] [root/watcher.py:65]: Watching directory: c:\users\mathe\.config\yasb
2026-05-08 19:11:08,084 [INFO] [MainThread] [root/watcher.py:104]: Created file watcher
2026-05-08 19:11:08,104 [INFO] [MainThread] [root/update_service.py:434]: Background update checker started
2026-05-08 19:13:00,144 [WARNING] [MainThread] [deprecation/deprecation.py:133]: [DEPRECATED] BarAlignment: 'center' - Use 'align' instead.
2026-05-08 19:13:00,144 [INFO] [MainThread] [root/controller.py:21]: Reloading Application because of config change.
2026-05-08 19:13:00,245 [INFO] [MainThread] [cli_server/cli_server.py:114]: Log pipe server stopped
2026-05-08 19:13:00,248 [INFO] [MainThread] [root/bar_manager.py:92]: Successfully loaded updated config and re-initialised all bars.
2026-05-08 19:13:00,308 [INFO] [MainThread] [root/bar_manager.py:110]: Stopping HotkeyListener...
2026-05-08 19:13:00,310 [INFO] [MainThread] [root/bar_manager.py:118]: Stopping WindowsNotificationEventListener...
2026-05-08 19:13:00,312 [INFO] [MainThread] [root/bar_manager.py:118]: Stopping SystemEventListener...
2026-05-08 19:13:00,672 [INFO] [MainThread] [root/log.py:104]: YASB v2.0.0
2026-05-08 19:13:00,673 [INFO] [CLIPipeServer] [cli_server/cli_server.py:216]: CLI server started v1.1.7
2026-05-08 19:13:00,673 [INFO] [MainThread] [cli_server/cli_server.py:106]: Log pipe server started
2026-05-08 19:13:00,695 [WARNING] [MainThread] [deprecation/deprecation.py:133]: [DEPRECATED] BarAlignment: 'center' - Use 'align' instead.
2026-05-08 19:13:00,726 [WARNING] [MainThread] [deprecation/deprecation.py:133]: [DEPRECATED] GlazewmWorkspacesConfig: 'hide_empty_workspaces' - No longer supported and can be removed from the config.
2026-05-08 19:13:00,974 [WARNING] [MainThread] [root/widget_builder.py:39]: No widget config could be found for widget 'media
2026-05-08 19:13:01,017 [INFO] [MainThread] [root/service.py:52]: AudioOutputService starting...
2026-05-08 19:13:01,049 [ERROR] [MainThread] [root/widget_builder.py:90]: No type specified for widget 'cpu'
Traceback (most recent call last):
  File "D:\a\yasb\yasb\src\core\utils\widget_builder.py", line 83, in _build_widget
  File "D:\a\yasb\yasb\src\core\widgets\yasb\cpu.py", line 55, in __init__
  File "D:\a\yasb\yasb\src\core\widgets\yasb\cpu.py", line 66, in _show_placeholder
  File "D:\a\yasb\yasb\src\core\widgets\yasb\cpu.py", line 186, in _update_label
KeyError: 'usage'
2026-05-08 19:13:01,064 [ERROR] [MainThread] [root/base.py:126]: Failed to execute callback of type 'update_label' with args: []
Traceback (most recent call last):
  File "D:\a\yasb\yasb\src\core\widgets\base.py", line 124, in _run_callback
  File "D:\a\yasb\yasb\src\core\widgets\yasb\disk.py", line 93, in _update_label
KeyError: 'percentage_used'
2026-05-08 19:13:01,215 [INFO] [MainThread] [root/bar_manager.py:102]: Starting SystemEventListener...
2026-05-08 19:13:01,215 [ERROR] [MainThread] [root/widget_builder.py:100]: Failed to add undefined widget(s)  - The widget "media" is undefined.
2026-05-08 19:13:01,239 [ERROR] [MainThread] [root/widget_builder.py:114]: Failed to validate widget(s) due to invalid options  - custom_updates
      class_name:
      - Field required
      exec:
      - Extra inputs are not permitted
      
 - power_menu
      buttons:
      - Field required
      
2026-05-08 19:13:01,249 [ERROR] [MainThread] [root/widget_builder.py:138]: Failed to import widget(s) due to missing widget type(s)  - cpu
2026-05-08 19:13:01,258 [INFO] [MainThread] [root/watcher.py:65]: Watching directory: c:\users\mathe\.config\yasb
2026-05-08 19:13:01,258 [INFO] [MainThread] [root/watcher.py:104]: Created file watcher
2026-05-08 19:13:01,270 [INFO] [MainThread] [root/update_service.py:434]: Background update checker started
2026-05-08 19:13:01,500 [ERROR] [MainThread] [root/main.py:180]: Unhandled exception
Traceback (most recent call last):
  File "D:\a\yasb\yasb\src\core\widgets\yasb\cpu.py", line 74, in _on_data_ready
  File "D:\a\yasb\yasb\src\core\widgets\yasb\cpu.py", line 186, in _update_label
KeyError: 'usage'
2026-05-08 19:13:04,136 [INFO] [MainThread] [root/log.py:104]: YASB v2.0.0
2026-05-08 19:13:04,137 [INFO] [CLIPipeServer] [cli_server/cli_server.py:216]: CLI server started v1.1.7
2026-05-08 19:13:04,137 [INFO] [MainThread] [cli_server/cli_server.py:106]: Log pipe server started
2026-05-08 19:13:04,159 [WARNING] [MainThread] [deprecation/deprecation.py:133]: [DEPRECATED] BarAlignment: 'center' - Use 'align' instead.
2026-05-08 19:13:04,189 [WARNING] [MainThread] [deprecation/deprecation.py:133]: [DEPRECATED] GlazewmWorkspacesConfig: 'hide_empty_workspaces' - No longer supported and can be removed from the config.
2026-05-08 19:13:04,429 [WARNING] [MainThread] [root/widget_builder.py:39]: No widget config could be found for widget 'media
2026-05-08 19:13:04,471 [INFO] [MainThread] [root/service.py:52]: AudioOutputService starting...
2026-05-08 19:13:04,502 [ERROR] [MainThread] [root/widget_builder.py:90]: No type specified for widget 'cpu'
Traceback (most recent call last):
  File "D:\a\yasb\yasb\src\core\utils\widget_builder.py", line 83, in _build_widget
  File "D:\a\yasb\yasb\src\core\widgets\yasb\cpu.py", line 55, in __init__
  File "D:\a\yasb\yasb\src\core\widgets\yasb\cpu.py", line 66, in _show_placeholder
  File "D:\a\yasb\yasb\src\core\widgets\yasb\cpu.py", line 186, in _update_label
KeyError: 'usage'
2026-05-08 19:13:04,516 [ERROR] [MainThread] [root/base.py:126]: Failed to execute callback of type 'update_label' with args: []
Traceback (most recent call last):
  File "D:\a\yasb\yasb\src\core\widgets\base.py", line 124, in _run_callback
  File "D:\a\yasb\yasb\src\core\widgets\yasb\disk.py", line 93, in _update_label
KeyError: 'percentage_used'
2026-05-08 19:13:04,652 [INFO] [MainThread] [root/bar_manager.py:102]: Starting SystemEventListener...
2026-05-08 19:13:04,652 [ERROR] [MainThread] [root/widget_builder.py:100]: Failed to add undefined widget(s)  - The widget "media" is undefined.
2026-05-08 19:13:04,677 [ERROR] [MainThread] [root/widget_builder.py:114]: Failed to validate widget(s) due to invalid options  - custom_updates
      class_name:
      - Field required
      exec:
      - Extra inputs are not permitted
      
 - power_menu
      buttons:
      - Field required
      
2026-05-08 19:13:04,686 [ERROR] [MainThread] [root/widget_builder.py:138]: Failed to import widget(s) due to missing widget type(s)  - cpu
2026-05-08 19:13:04,694 [INFO] [MainThread] [root/watcher.py:65]: Watching directory: c:\users\mathe\.config\yasb
2026-05-08 19:13:04,694 [INFO] [MainThread] [root/watcher.py:104]: Created file watcher
2026-05-08 19:13:04,711 [INFO] [MainThread] [root/update_service.py:434]: Background update checker started
2026-05-08 19:13:04,939 [ERROR] [MainThread] [root/main.py:180]: Unhandled exception
Traceback (most recent call last):
  File "D:\a\yasb\yasb\src\core\widgets\yasb\cpu.py", line 74, in _on_data_ready
  File "D:\a\yasb\yasb\src\core\widgets\yasb\cpu.py", line 186, in _update_label
KeyError: 'usage'
2026-05-08 19:13:55,968 [INFO] [MainThread] [root/log.py:104]: YASB v2.0.0
2026-05-08 19:13:55,969 [INFO] [CLIPipeServer] [cli_server/cli_server.py:216]: CLI server started v1.1.7
2026-05-08 19:13:55,969 [INFO] [MainThread] [cli_server/cli_server.py:106]: Log pipe server started
2026-05-08 19:13:56,002 [WARNING] [MainThread] [deprecation/deprecation.py:133]: [DEPRECATED] BarAlignment: 'center' - Use 'align' instead.
2026-05-08 19:13:56,002 [WARNING] [MainThread] [deprecation/deprecation.py:133]: [DEPRECATED] BarBlurEffect: 'acrylic' - No longer supported and can be removed from the config.
2026-05-08 19:13:56,040 [WARNING] [MainThread] [deprecation/deprecation.py:133]: [DEPRECATED] GlazewmWorkspacesConfig: 'hide_empty_workspaces' - No longer supported and can be removed from the config.
2026-05-08 19:13:56,040 [WARNING] [MainThread] [deprecation/deprecation.py:133]: [DEPRECATED] GlazewmWorkspacesConfig: 'animation' - Use CSS animations instead.
2026-05-08 19:13:56,052 [WARNING] [MainThread] [deprecation/deprecation.py:133]: [DEPRECATED] GlazewmTilingDirectionConfig: 'btn_shadow' - Use CSS box-shadow instead.
2026-05-08 19:13:56,322 [WARNING] [MainThread] [deprecation/deprecation.py:133]: [DEPRECATED] MediaWidgetConfig: 'label_shadow' - Use CSS text-shadow instead.
2026-05-08 19:13:56,378 [INFO] [MainThread] [root/service.py:41]: AudioInputService starting...
2026-05-08 19:13:56,453 [INFO] [MainThread] [root/service.py:52]: AudioOutputService starting...
2026-05-08 19:13:56,486 [WARNING] [MainThread] [deprecation/deprecation.py:133]: [DEPRECATED] SystrayWidgetConfig: 'btn_shadow' - Use CSS box-shadow instead.
2026-05-08 19:13:56,599 [INFO] [MainThread] [root/bar_manager.py:228]: Starting HotkeyListener...
2026-05-08 19:13:56,599 [INFO] [MainThread] [root/bar_manager.py:102]: Starting WindowsNotificationEventListener...
2026-05-08 19:13:56,599 [INFO] [MainThread] [root/bar_manager.py:102]: Starting SystemEventListener...
2026-05-08 19:13:56,600 [INFO] [MainThread] [root/watcher.py:65]: Watching directory: c:\users\mathe\.config\yasb
2026-05-08 19:13:56,600 [INFO] [MainThread] [root/watcher.py:104]: Created file watcher
2026-05-08 19:13:56,617 [INFO] [MainThread] [root/update_service.py:434]: Background update checker started
2026-05-08 19:23:12,938 [WARNING] [MainThread] [deprecation/deprecation.py:133]: [DEPRECATED] BarAlignment: 'center' - Use 'align' instead.
2026-05-08 19:23:12,939 [INFO] [MainThread] [root/controller.py:21]: Reloading Application because of config change.
2026-05-08 19:23:13,053 [INFO] [MainThread] [cli_server/cli_server.py:114]: Log pipe server stopped
2026-05-08 19:23:13,057 [INFO] [MainThread] [root/bar_manager.py:92]: Successfully loaded updated config and re-initialised all bars.
2026-05-08 19:23:13,121 [INFO] [MainThread] [root/bar_manager.py:110]: Stopping HotkeyListener...
2026-05-08 19:23:13,123 [INFO] [MainThread] [root/bar_manager.py:118]: Stopping WindowsNotificationEventListener...
2026-05-08 19:23:13,125 [INFO] [MainThread] [root/bar_manager.py:118]: Stopping SystemEventListener...
2026-05-08 19:23:13,504 [INFO] [MainThread] [root/log.py:104]: YASB v2.0.0
2026-05-08 19:23:13,504 [INFO] [CLIPipeServer] [cli_server/cli_server.py:216]: CLI server started v1.1.7
2026-05-08 19:23:13,505 [INFO] [MainThread] [cli_server/cli_server.py:106]: Log pipe server started
2026-05-08 19:23:13,527 [WARNING] [MainThread] [deprecation/deprecation.py:133]: [DEPRECATED] BarAlignment: 'center' - Use 'align' instead.
2026-05-08 19:23:13,558 [WARNING] [MainThread] [deprecation/deprecation.py:133]: [DEPRECATED] GlazewmWorkspacesConfig: 'hide_empty_workspaces' - No longer supported and can be removed from the config.
2026-05-08 19:23:13,849 [INFO] [MainThread] [root/service.py:52]: AudioOutputService starting...
2026-05-08 19:23:13,899 [ERROR] [MainThread] [root/base.py:126]: Failed to execute callback of type 'update_label' with args: []
Traceback (most recent call last):
  File "D:\a\yasb\yasb\src\core\widgets\base.py", line 124, in _run_callback
  File "D:\a\yasb\yasb\src\core\widgets\yasb\disk.py", line 93, in _update_label
KeyError: 'percentage_used'
2026-05-08 19:23:14,062 [INFO] [MainThread] [root/bar_manager.py:102]: Starting SystemEventListener...
2026-05-08 19:23:14,062 [ERROR] [MainThread] [root/widget_builder.py:114]: Failed to validate widget(s) due to invalid options  - power_menu
      buttons:
      - Field required
      
2026-05-08 19:23:14,088 [INFO] [MainThread] [root/watcher.py:65]: Watching directory: c:\users\mathe\.config\yasb
2026-05-08 19:23:14,088 [INFO] [MainThread] [root/watcher.py:104]: Created file watcher
2026-05-08 19:23:14,100 [INFO] [MainThread] [root/update_service.py:434]: Background update checker started
2026-05-08 19:24:13,896 [ERROR] [MainThread] [root/base.py:126]: Failed to execute callback of type 'update_label' with args: []
Traceback (most recent call last):
  File "D:\a\yasb\yasb\src\core\widgets\base.py", line 124, in _run_callback
  File "D:\a\yasb\yasb\src\core\widgets\yasb\disk.py", line 93, in _update_label
KeyError: 'percentage_used'
2026-05-08 19:24:14,469 [WARNING] [MainThread] [deprecation/deprecation.py:133]: [DEPRECATED] BarAlignment: 'center' - Use 'align' instead.
2026-05-08 19:24:14,470 [INFO] [MainThread] [root/controller.py:21]: Reloading Application because of config change.
2026-05-08 19:24:14,584 [INFO] [MainThread] [cli_server/cli_server.py:114]: Log pipe server stopped
2026-05-08 19:24:14,588 [INFO] [MainThread] [root/bar_manager.py:92]: Successfully loaded updated config and re-initialised all bars.
2026-05-08 19:24:14,646 [INFO] [MainThread] [root/bar_manager.py:118]: Stopping SystemEventListener...
2026-05-08 19:24:15,032 [INFO] [MainThread] [root/log.py:104]: YASB v2.0.0
2026-05-08 19:24:15,032 [INFO] [CLIPipeServer] [cli_server/cli_server.py:216]: CLI server started v1.1.7
2026-05-08 19:24:15,033 [INFO] [MainThread] [cli_server/cli_server.py:106]: Log pipe server started
2026-05-08 19:24:15,056 [WARNING] [MainThread] [deprecation/deprecation.py:133]: [DEPRECATED] BarAlignment: 'center' - Use 'align' instead.
2026-05-08 19:24:15,085 [WARNING] [MainThread] [deprecation/deprecation.py:133]: [DEPRECATED] GlazewmWorkspacesConfig: 'hide_empty_workspaces' - No longer supported and can be removed from the config.
2026-05-08 19:24:15,375 [INFO] [MainThread] [root/service.py:52]: AudioOutputService starting...
2026-05-08 19:24:15,425 [ERROR] [MainThread] [root/base.py:126]: Failed to execute callback of type 'update_label' with args: []
Traceback (most recent call last):
  File "D:\a\yasb\yasb\src\core\widgets\base.py", line 124, in _run_callback
  File "D:\a\yasb\yasb\src\core\widgets\yasb\disk.py", line 93, in _update_label
KeyError: 'percentage_used'
2026-05-08 19:24:15,579 [INFO] [MainThread] [root/bar_manager.py:102]: Starting SystemEventListener...
2026-05-08 19:24:15,580 [INFO] [MainThread] [root/watcher.py:65]: Watching directory: c:\users\mathe\.config\yasb
2026-05-08 19:24:15,580 [INFO] [MainThread] [root/watcher.py:104]: Created file watcher
2026-05-08 19:24:15,600 [INFO] [MainThread] [root/update_service.py:434]: Background update checker started
2026-05-08 19:25:15,428 [ERROR] [MainThread] [root/base.py:126]: Failed to execute callback of type 'update_label' with args: []
Traceback (most recent call last):
  File "D:\a\yasb\yasb\src\core\widgets\base.py", line 124, in _run_callback
  File "D:\a\yasb\yasb\src\core\widgets\yasb\disk.py", line 93, in _update_label
KeyError: 'percentage_used'
2026-05-08 19:26:14,791 [WARNING] [MainThread] [deprecation/deprecation.py:133]: [DEPRECATED] BarAlignment: 'center' - Use 'align' instead.
2026-05-08 19:26:14,792 [INFO] [MainThread] [root/controller.py:21]: Reloading Application because of config change.
2026-05-08 19:26:14,899 [INFO] [MainThread] [cli_server/cli_server.py:114]: Log pipe server stopped
2026-05-08 19:26:14,903 [INFO] [MainThread] [root/bar_manager.py:92]: Successfully loaded updated config and re-initialised all bars.
2026-05-08 19:26:14,974 [INFO] [MainThread] [root/bar_manager.py:118]: Stopping SystemEventListener...
2026-05-08 19:26:15,341 [INFO] [MainThread] [root/log.py:104]: YASB v2.0.0
2026-05-08 19:26:15,342 [INFO] [CLIPipeServer] [cli_server/cli_server.py:216]: CLI server started v1.1.7
2026-05-08 19:26:15,342 [INFO] [MainThread] [cli_server/cli_server.py:106]: Log pipe server started
2026-05-08 19:26:15,363 [WARNING] [MainThread] [deprecation/deprecation.py:133]: [DEPRECATED] BarAlignment: 'center' - Use 'align' instead.
2026-05-08 19:26:15,390 [WARNING] [MainThread] [deprecation/deprecation.py:133]: [DEPRECATED] GlazewmWorkspacesConfig: 'hide_empty_workspaces' - No longer supported and can be removed from the config.
2026-05-08 19:26:15,638 [WARNING] [MainThread] [root/widget_builder.py:39]: No widget config could be found for widget 'media
2026-05-08 19:26:15,668 [INFO] [MainThread] [root/service.py:52]: AudioOutputService starting...
2026-05-08 19:26:15,833 [INFO] [MainThread] [root/bar_manager.py:102]: Starting SystemEventListener...
2026-05-08 19:26:15,833 [ERROR] [MainThread] [root/widget_builder.py:100]: Failed to add undefined widget(s)  - The widget "media" is undefined.
2026-05-08 19:26:15,860 [INFO] [MainThread] [root/watcher.py:65]: Watching directory: c:\users\mathe\.config\yasb
2026-05-08 19:26:15,860 [INFO] [MainThread] [root/watcher.py:104]: Created file watcher
2026-05-08 19:26:15,870 [INFO] [MainThread] [root/update_service.py:434]: Background update checker started
2026-05-08 19:28:36,082 [WARNING] [MainThread] [deprecation/deprecation.py:133]: [DEPRECATED] BarAlignment: 'center' - Use 'align' instead.
2026-05-08 19:28:36,083 [INFO] [MainThread] [root/controller.py:21]: Reloading Application because of config change.
2026-05-08 19:28:36,191 [INFO] [MainThread] [cli_server/cli_server.py:114]: Log pipe server stopped
2026-05-08 19:28:36,196 [INFO] [MainThread] [root/bar_manager.py:92]: Successfully loaded updated config and re-initialised all bars.
2026-05-08 19:28:36,252 [INFO] [MainThread] [root/bar_manager.py:118]: Stopping SystemEventListener...
2026-05-08 19:28:36,656 [INFO] [MainThread] [root/log.py:104]: YASB v2.0.0
2026-05-08 19:28:36,656 [INFO] [CLIPipeServer] [cli_server/cli_server.py:216]: CLI server started v1.1.7
2026-05-08 19:28:36,657 [INFO] [MainThread] [cli_server/cli_server.py:106]: Log pipe server started
2026-05-08 19:28:36,681 [WARNING] [MainThread] [deprecation/deprecation.py:133]: [DEPRECATED] BarAlignment: 'center' - Use 'align' instead.
2026-05-08 19:28:36,710 [WARNING] [MainThread] [deprecation/deprecation.py:133]: [DEPRECATED] GlazewmWorkspacesConfig: 'hide_empty_workspaces' - No longer supported and can be removed from the config.
2026-05-08 19:28:37,002 [WARNING] [MainThread] [deprecation/deprecation.py:133]: [DEPRECATED] MediaWidgetConfig: 'label_shadow' - Use CSS text-shadow instead.
2026-05-08 19:28:37,035 [INFO] [MainThread] [root/service.py:52]: AudioOutputService starting...
2026-05-08 19:28:37,085 [ERROR] [MainThread] [root/base.py:126]: Failed to execute callback of type 'update_label' with args: []
Traceback (most recent call last):
  File "D:\a\yasb\yasb\src\core\widgets\base.py", line 124, in _run_callback
  File "D:\a\yasb\yasb\src\core\widgets\yasb\disk.py", line 93, in _update_label
KeyError: 'percentage_used'
2026-05-08 19:28:37,246 [INFO] [MainThread] [root/bar_manager.py:102]: Starting SystemEventListener...
2026-05-08 19:28:37,247 [INFO] [MainThread] [root/watcher.py:65]: Watching directory: c:\users\mathe\.config\yasb
2026-05-08 19:28:37,247 [INFO] [MainThread] [root/watcher.py:104]: Created file watcher
2026-05-08 19:28:37,268 [INFO] [MainThread] [root/update_service.py:434]: Background update checker started
2026-05-08 19:29:37,084 [ERROR] [MainThread] [root/base.py:126]: Failed to execute callback of type 'update_label' with args: []
Traceback (most recent call last):
  File "D:\a\yasb\yasb\src\core\widgets\base.py", line 124, in _run_callback
  File "D:\a\yasb\yasb\src\core\widgets\yasb\disk.py", line 93, in _update_label
KeyError: 'percentage_used'
2026-05-08 19:30:37,076 [ERROR] [MainThread] [root/base.py:126]: Failed to execute callback of type 'update_label' with args: []
Traceback (most recent call last):
  File "D:\a\yasb\yasb\src\core\widgets\base.py", line 124, in _run_callback
  File "D:\a\yasb\yasb\src\core\widgets\yasb\disk.py", line 93, in _update_label
KeyError: 'percentage_used'
2026-05-08 19:31:37,089 [ERROR] [MainThread] [root/base.py:126]: Failed to execute callback of type 'update_label' with args: []
Traceback (most recent call last):
  File "D:\a\yasb\yasb\src\core\widgets\base.py", line 124, in _run_callback
  File "D:\a\yasb\yasb\src\core\widgets\yasb\disk.py", line 93, in _update_label
KeyError: 'percentage_used'
2026-05-08 19:32:37,084 [ERROR] [MainThread] [root/base.py:126]: Failed to execute callback of type 'update_label' with args: []
Traceback (most recent call last):
  File "D:\a\yasb\yasb\src\core\widgets\base.py", line 124, in _run_callback
  File "D:\a\yasb\yasb\src\core\widgets\yasb\disk.py", line 93, in _update_label
KeyError: 'percentage_used'
2026-05-08 19:32:37,153 [WARNING] [MainThread] [deprecation/deprecation.py:133]: [DEPRECATED] BarAlignment: 'center' - Use 'align' instead.
2026-05-08 19:32:37,153 [INFO] [MainThread] [root/controller.py:21]: Reloading Application because of config change.
2026-05-08 19:32:37,256 [INFO] [MainThread] [cli_server/cli_server.py:114]: Log pipe server stopped
2026-05-08 19:32:37,260 [INFO] [MainThread] [root/bar_manager.py:92]: Successfully loaded updated config and re-initialised all bars.
2026-05-08 19:32:37,317 [INFO] [MainThread] [root/bar_manager.py:118]: Stopping SystemEventListener...
2026-05-08 19:32:37,708 [INFO] [MainThread] [root/log.py:104]: YASB v2.0.0
2026-05-08 19:32:37,708 [INFO] [CLIPipeServer] [cli_server/cli_server.py:216]: CLI server started v1.1.7
2026-05-08 19:32:37,709 [INFO] [MainThread] [cli_server/cli_server.py:106]: Log pipe server started
2026-05-08 19:32:37,733 [WARNING] [MainThread] [deprecation/deprecation.py:133]: [DEPRECATED] BarAlignment: 'center' - Use 'align' instead.
2026-05-08 19:32:37,766 [WARNING] [MainThread] [deprecation/deprecation.py:133]: [DEPRECATED] GlazewmWorkspacesConfig: 'hide_empty_workspaces' - No longer supported and can be removed from the config.
2026-05-08 19:32:38,053 [WARNING] [MainThread] [deprecation/deprecation.py:133]: [DEPRECATED] MediaWidgetConfig: 'label_shadow' - Use CSS text-shadow instead.
2026-05-08 19:32:38,085 [INFO] [MainThread] [root/service.py:52]: AudioOutputService starting...
2026-05-08 19:32:38,134 [ERROR] [MainThread] [root/base.py:126]: Failed to execute callback of type 'update_label' with args: []
Traceback (most recent call last):
  File "D:\a\yasb\yasb\src\core\widgets\base.py", line 124, in _run_callback
  File "D:\a\yasb\yasb\src\core\widgets\yasb\disk.py", line 93, in _update_label
KeyError: 'percentage_used'
2026-05-08 19:32:38,295 [INFO] [MainThread] [root/bar_manager.py:102]: Starting SystemEventListener...
2026-05-08 19:32:38,296 [ERROR] [MainThread] [root/widget_builder.py:114]: Failed to validate widget(s) due to invalid options  - power_menu
      buttons:
        cancel:
        - Field required
      
2026-05-08 19:32:38,322 [INFO] [MainThread] [root/watcher.py:65]: Watching directory: c:\users\mathe\.config\yasb
2026-05-08 19:32:38,322 [INFO] [MainThread] [root/watcher.py:104]: Created file watcher
2026-05-08 19:32:38,335 [INFO] [MainThread] [root/update_service.py:434]: Background update checker started
2026-05-08 19:33:02,765 [INFO] [CLIPipeServer] [cli_server/cli_server.py:257]: CLI server received command: stop
2026-05-08 19:33:02,765 [INFO] [CLIPipeServer] [root/controller.py:43]: Exiting Application from CLI...
2026-05-08 19:33:02,880 [INFO] [CLIPipeServer] [cli_server/cli_server.py:114]: Log pipe server stopped
2026-05-08 19:33:02,933 [INFO] [MainThread] [root/bar_manager.py:118]: Stopping SystemEventListener...
2026-05-08 19:33:04,887 [INFO] [MainThread] [root/log.py:104]: YASB v2.0.0
2026-05-08 19:33:04,888 [INFO] [CLIPipeServer] [cli_server/cli_server.py:216]: CLI server started v1.1.7
2026-05-08 19:33:04,888 [INFO] [MainThread] [cli_server/cli_server.py:106]: Log pipe server started
2026-05-08 19:33:04,913 [WARNING] [MainThread] [deprecation/deprecation.py:133]: [DEPRECATED] BarAlignment: 'center' - Use 'align' instead.
2026-05-08 19:33:04,945 [WARNING] [MainThread] [deprecation/deprecation.py:133]: [DEPRECATED] GlazewmWorkspacesConfig: 'hide_empty_workspaces' - No longer supported and can be removed from the config.
2026-05-08 19:33:05,220 [WARNING] [MainThread] [deprecation/deprecation.py:133]: [DEPRECATED] MediaWidgetConfig: 'label_shadow' - Use CSS text-shadow instead.
2026-05-08 19:33:05,251 [INFO] [MainThread] [root/service.py:52]: AudioOutputService starting...
2026-05-08 19:33:05,296 [ERROR] [MainThread] [root/base.py:126]: Failed to execute callback of type 'update_label' with args: []
Traceback (most recent call last):
  File "D:\a\yasb\yasb\src\core\widgets\base.py", line 124, in _run_callback
  File "D:\a\yasb\yasb\src\core\widgets\yasb\disk.py", line 93, in _update_label
KeyError: 'percentage_used'
2026-05-08 19:33:05,436 [INFO] [MainThread] [root/bar_manager.py:102]: Starting SystemEventListener...
2026-05-08 19:33:05,436 [ERROR] [MainThread] [root/widget_builder.py:114]: Failed to validate widget(s) due to invalid options  - power_menu
      buttons:
        cancel:
        - Field required
      
2026-05-08 19:33:05,459 [INFO] [MainThread] [root/watcher.py:65]: Watching directory: c:\users\mathe\.config\yasb
2026-05-08 19:33:05,459 [INFO] [MainThread] [root/watcher.py:104]: Created file watcher
2026-05-08 19:33:05,470 [INFO] [MainThread] [root/update_service.py:434]: Background update checker started
2026-05-08 19:33:43,815 [INFO] [CLIPipeServer] [cli_server/cli_server.py:257]: CLI server received command: stop
2026-05-08 19:33:43,815 [INFO] [CLIPipeServer] [root/controller.py:43]: Exiting Application from CLI...
2026-05-08 19:33:43,919 [INFO] [CLIPipeServer] [cli_server/cli_server.py:114]: Log pipe server stopped
2026-05-08 19:33:43,970 [INFO] [MainThread] [root/bar_manager.py:118]: Stopping SystemEventListener...
2026-05-08 19:33:45,710 [INFO] [MainThread] [root/log.py:104]: YASB v2.0.0
2026-05-08 19:33:45,710 [INFO] [CLIPipeServer] [cli_server/cli_server.py:216]: CLI server started v1.1.7
2026-05-08 19:33:45,711 [INFO] [MainThread] [cli_server/cli_server.py:106]: Log pipe server started
2026-05-08 19:33:45,735 [WARNING] [MainThread] [deprecation/deprecation.py:133]: [DEPRECATED] BarAlignment: 'center' - Use 'align' instead.
2026-05-08 19:33:45,766 [WARNING] [MainThread] [deprecation/deprecation.py:133]: [DEPRECATED] GlazewmWorkspacesConfig: 'hide_empty_workspaces' - No longer supported and can be removed from the config.
2026-05-08 19:33:46,041 [WARNING] [MainThread] [deprecation/deprecation.py:133]: [DEPRECATED] MediaWidgetConfig: 'label_shadow' - Use CSS text-shadow instead.
2026-05-08 19:33:46,071 [INFO] [MainThread] [root/service.py:52]: AudioOutputService starting...
2026-05-08 19:33:46,118 [ERROR] [MainThread] [root/base.py:126]: Failed to execute callback of type 'update_label' with args: []
Traceback (most recent call last):
  File "D:\a\yasb\yasb\src\core\widgets\base.py", line 124, in _run_callback
  File "D:\a\yasb\yasb\src\core\widgets\yasb\disk.py", line 93, in _update_label
KeyError: 'percentage_used'
2026-05-08 19:33:46,256 [INFO] [MainThread] [root/bar_manager.py:102]: Starting SystemEventListener...
2026-05-08 19:33:46,256 [ERROR] [MainThread] [root/widget_builder.py:114]: Failed to validate widget(s) due to invalid options  - power_menu
      buttons:
        cancel:
        - Field required
      
2026-05-08 19:33:46,280 [INFO] [MainThread] [root/watcher.py:65]: Watching directory: c:\users\mathe\.config\yasb
2026-05-08 19:33:46,280 [INFO] [MainThread] [root/watcher.py:104]: Created file watcher
2026-05-08 19:33:46,289 [INFO] [MainThread] [root/update_service.py:434]: Background update checker started
2026-05-08 19:34:00,008 [WARNING] [MainThread] [deprecation/deprecation.py:133]: [DEPRECATED] BarAlignment: 'center' - Use 'align' instead.
2026-05-08 19:34:00,008 [INFO] [MainThread] [root/controller.py:21]: Reloading Application because of config change.
2026-05-08 19:34:00,113 [INFO] [MainThread] [cli_server/cli_server.py:114]: Log pipe server stopped
2026-05-08 19:34:00,117 [INFO] [MainThread] [root/bar_manager.py:92]: Successfully loaded updated config and re-initialised all bars.
2026-05-08 19:34:00,169 [INFO] [MainThread] [root/bar_manager.py:118]: Stopping SystemEventListener...
2026-05-08 19:34:00,555 [INFO] [MainThread] [root/log.py:104]: YASB v2.0.0
2026-05-08 19:34:00,555 [INFO] [CLIPipeServer] [cli_server/cli_server.py:216]: CLI server started v1.1.7
2026-05-08 19:34:00,555 [INFO] [MainThread] [cli_server/cli_server.py:106]: Log pipe server started
2026-05-08 19:34:00,580 [WARNING] [MainThread] [deprecation/deprecation.py:133]: [DEPRECATED] BarAlignment: 'center' - Use 'align' instead.
2026-05-08 19:34:00,612 [WARNING] [MainThread] [deprecation/deprecation.py:133]: [DEPRECATED] GlazewmWorkspacesConfig: 'hide_empty_workspaces' - No longer supported and can be removed from the config.
2026-05-08 19:34:00,891 [WARNING] [MainThread] [deprecation/deprecation.py:133]: [DEPRECATED] MediaWidgetConfig: 'label_shadow' - Use CSS text-shadow instead.
2026-05-08 19:34:00,923 [INFO] [MainThread] [root/service.py:52]: AudioOutputService starting...
2026-05-08 19:34:00,971 [ERROR] [MainThread] [root/base.py:126]: Failed to execute callback of type 'update_label' with args: []
Traceback (most recent call last):
  File "D:\a\yasb\yasb\src\core\widgets\base.py", line 124, in _run_callback
  File "D:\a\yasb\yasb\src\core\widgets\yasb\disk.py", line 93, in _update_label
KeyError: 'percentage_used'
2026-05-08 19:34:01,125 [INFO] [MainThread] [root/bar_manager.py:102]: Starting SystemEventListener...
2026-05-08 19:34:01,126 [INFO] [MainThread] [root/watcher.py:65]: Watching directory: c:\users\mathe\.config\yasb
2026-05-08 19:34:01,126 [INFO] [MainThread] [root/watcher.py:104]: Created file watcher
2026-05-08 19:34:01,147 [INFO] [MainThread] [root/update_service.py:434]: Background update checker started
2026-05-08 19:34:12,210 [INFO] [MainThread] [root/log.py:104]: YASB v2.0.0
2026-05-08 19:34:12,210 [INFO] [CLIPipeServer] [cli_server/cli_server.py:216]: CLI server started v1.1.7
2026-05-08 19:34:12,211 [INFO] [MainThread] [cli_server/cli_server.py:106]: Log pipe server started
2026-05-08 19:34:12,211 [ERROR] [MainThread] [root/main.py:75]: Another instance of the YASB is already running.
2026-05-08 19:34:14,190 [INFO] [CLIPipeServer] [cli_server/cli_server.py:257]: CLI server received command: stop
2026-05-08 19:34:14,191 [INFO] [CLIPipeServer] [root/controller.py:43]: Exiting Application from CLI...
2026-05-08 19:34:14,299 [INFO] [CLIPipeServer] [cli_server/cli_server.py:114]: Log pipe server stopped
2026-05-08 19:34:14,350 [INFO] [MainThread] [root/bar_manager.py:118]: Stopping SystemEventListener...
2026-05-08 19:34:15,889 [INFO] [MainThread] [root/log.py:104]: YASB v2.0.0
2026-05-08 19:34:15,889 [INFO] [CLIPipeServer] [cli_server/cli_server.py:216]: CLI server started v1.1.7
2026-05-08 19:34:15,889 [INFO] [MainThread] [cli_server/cli_server.py:106]: Log pipe server started
2026-05-08 19:34:15,916 [WARNING] [MainThread] [deprecation/deprecation.py:133]: [DEPRECATED] BarAlignment: 'center' - Use 'align' instead.
2026-05-08 19:34:15,953 [WARNING] [MainThread] [deprecation/deprecation.py:133]: [DEPRECATED] GlazewmWorkspacesConfig: 'hide_empty_workspaces' - No longer supported and can be removed from the config.
2026-05-08 19:34:16,245 [WARNING] [MainThread] [deprecation/deprecation.py:133]: [DEPRECATED] MediaWidgetConfig: 'label_shadow' - Use CSS text-shadow instead.
2026-05-08 19:34:16,278 [INFO] [MainThread] [root/service.py:52]: AudioOutputService starting...
2026-05-08 19:34:16,327 [ERROR] [MainThread] [root/base.py:126]: Failed to execute callback of type 'update_label' with args: []
Traceback (most recent call last):
  File "D:\a\yasb\yasb\src\core\widgets\base.py", line 124, in _run_callback
  File "D:\a\yasb\yasb\src\core\widgets\yasb\disk.py", line 93, in _update_label
KeyError: 'percentage_used'
2026-05-08 19:34:16,501 [INFO] [MainThread] [root/bar_manager.py:102]: Starting SystemEventListener...
2026-05-08 19:34:16,503 [INFO] [MainThread] [root/watcher.py:65]: Watching directory: c:\users\mathe\.config\yasb
2026-05-08 19:34:16,503 [INFO] [MainThread] [root/watcher.py:104]: Created file watcher
2026-05-08 19:34:16,532 [INFO] [MainThread] [root/update_service.py:434]: Background update checker started
2026-05-08 19:34:29,664 [ERROR] [MainThread] [root/base.py:126]: Failed to execute callback of type 'toggle_label' with args: []
Traceback (most recent call last):
  File "D:\a\yasb\yasb\src\core\widgets\base.py", line 124, in _run_callback
  File "D:\a\yasb\yasb\src\core\widgets\yasb\disk.py", line 58, in _toggle_label
  File "D:\a\yasb\yasb\src\core\widgets\yasb\disk.py", line 93, in _update_label
KeyError: 'percentage_used'
2026-05-08 19:34:30,595 [ERROR] [MainThread] [root/base.py:126]: Failed to execute callback of type 'toggle_label' with args: []
Traceback (most recent call last):
  File "D:\a\yasb\yasb\src\core\widgets\base.py", line 124, in _run_callback
  File "D:\a\yasb\yasb\src\core\widgets\yasb\disk.py", line 58, in _toggle_label
  File "D:\a\yasb\yasb\src\core\widgets\yasb\disk.py", line 93, in _update_label
KeyError: 'percentage_used'
2026-05-08 19:35:09,269 [WARNING] [MainThread] [deprecation/deprecation.py:133]: [DEPRECATED] BarAlignment: 'center' - Use 'align' instead.
2026-05-08 19:35:09,269 [INFO] [MainThread] [root/controller.py:21]: Reloading Application because of config change.
2026-05-08 19:35:09,377 [INFO] [MainThread] [cli_server/cli_server.py:114]: Log pipe server stopped
2026-05-08 19:35:09,380 [INFO] [MainThread] [root/bar_manager.py:92]: Successfully loaded updated config and re-initialised all bars.
2026-05-08 19:35:09,434 [INFO] [MainThread] [root/bar_manager.py:118]: Stopping SystemEventListener...
2026-05-08 19:35:09,818 [INFO] [MainThread] [root/log.py:104]: YASB v2.0.0
2026-05-08 19:35:09,819 [INFO] [CLIPipeServer] [cli_server/cli_server.py:216]: CLI server started v1.1.7
2026-05-08 19:35:09,819 [INFO] [MainThread] [cli_server/cli_server.py:106]: Log pipe server started
2026-05-08 19:35:09,845 [WARNING] [MainThread] [deprecation/deprecation.py:133]: [DEPRECATED] BarAlignment: 'center' - Use 'align' instead.
2026-05-08 19:35:09,877 [WARNING] [MainThread] [deprecation/deprecation.py:133]: [DEPRECATED] GlazewmWorkspacesConfig: 'hide_empty_workspaces' - No longer supported and can be removed from the config.
2026-05-08 19:35:10,162 [WARNING] [MainThread] [deprecation/deprecation.py:133]: [DEPRECATED] MediaWidgetConfig: 'label_shadow' - Use CSS text-shadow instead.
2026-05-08 19:35:10,194 [INFO] [MainThread] [root/service.py:52]: AudioOutputService starting...
2026-05-08 19:35:10,244 [ERROR] [MainThread] [root/base.py:126]: Failed to execute callback of type 'update_label' with args: []
Traceback (most recent call last):
  File "D:\a\yasb\yasb\src\core\widgets\base.py", line 124, in _run_callback
  File "D:\a\yasb\yasb\src\core\widgets\yasb\disk.py", line 93, in _update_label
KeyError: 'percentage'
2026-05-08 19:35:10,406 [INFO] [MainThread] [root/bar_manager.py:102]: Starting SystemEventListener...
2026-05-08 19:35:10,407 [INFO] [MainThread] [root/watcher.py:65]: Watching directory: c:\users\mathe\.config\yasb
2026-05-08 19:35:10,407 [INFO] [MainThread] [root/watcher.py:104]: Created file watcher
2026-05-08 19:35:10,425 [INFO] [MainThread] [root/update_service.py:434]: Background update checker started
2026-05-08 19:35:22,769 [WARNING] [MainThread] [deprecation/deprecation.py:133]: [DEPRECATED] BarAlignment: 'center' - Use 'align' instead.
2026-05-08 19:35:22,770 [INFO] [MainThread] [root/controller.py:21]: Reloading Application because of config change.
2026-05-08 19:35:22,878 [INFO] [MainThread] [cli_server/cli_server.py:114]: Log pipe server stopped
2026-05-08 19:35:22,882 [INFO] [MainThread] [root/bar_manager.py:92]: Successfully loaded updated config and re-initialised all bars.
2026-05-08 19:35:22,933 [INFO] [MainThread] [root/bar_manager.py:118]: Stopping SystemEventListener...
2026-05-08 19:35:23,324 [INFO] [MainThread] [root/log.py:104]: YASB v2.0.0
2026-05-08 19:35:23,325 [INFO] [CLIPipeServer] [cli_server/cli_server.py:216]: CLI server started v1.1.7
2026-05-08 19:35:23,325 [INFO] [MainThread] [cli_server/cli_server.py:106]: Log pipe server started
2026-05-08 19:35:23,350 [WARNING] [MainThread] [deprecation/deprecation.py:133]: [DEPRECATED] BarAlignment: 'center' - Use 'align' instead.
2026-05-08 19:35:23,383 [WARNING] [MainThread] [deprecation/deprecation.py:133]: [DEPRECATED] GlazewmWorkspacesConfig: 'hide_empty_workspaces' - No longer supported and can be removed from the config.
2026-05-08 19:35:23,664 [WARNING] [MainThread] [deprecation/deprecation.py:133]: [DEPRECATED] MediaWidgetConfig: 'label_shadow' - Use CSS text-shadow instead.
2026-05-08 19:35:23,697 [INFO] [MainThread] [root/service.py:52]: AudioOutputService starting...
2026-05-08 19:35:23,901 [INFO] [MainThread] [root/bar_manager.py:102]: Starting SystemEventListener...
2026-05-08 19:35:23,903 [INFO] [MainThread] [root/watcher.py:65]: Watching directory: c:\users\mathe\.config\yasb
2026-05-08 19:35:23,903 [INFO] [MainThread] [root/watcher.py:104]: Created file watcher
2026-05-08 19:35:23,923 [INFO] [MainThread] [root/update_service.py:434]: Background update checker started
2026-05-08 19:35:50,326 [WARNING] [MainThread] [deprecation/deprecation.py:133]: [DEPRECATED] BarAlignment: 'center' - Use 'align' instead.
2026-05-08 19:35:50,327 [INFO] [MainThread] [root/controller.py:21]: Reloading Application because of config change.
2026-05-08 19:35:50,428 [INFO] [MainThread] [cli_server/cli_server.py:114]: Log pipe server stopped
2026-05-08 19:35:50,432 [INFO] [MainThread] [root/bar_manager.py:92]: Successfully loaded updated config and re-initialised all bars.
2026-05-08 19:35:50,483 [INFO] [MainThread] [root/bar_manager.py:118]: Stopping SystemEventListener...
2026-05-08 19:35:50,868 [INFO] [MainThread] [root/log.py:104]: YASB v2.0.0
2026-05-08 19:35:50,869 [INFO] [CLIPipeServer] [cli_server/cli_server.py:216]: CLI server started v1.1.7
2026-05-08 19:35:50,869 [INFO] [MainThread] [cli_server/cli_server.py:106]: Log pipe server started
2026-05-08 19:35:50,896 [WARNING] [MainThread] [deprecation/deprecation.py:133]: [DEPRECATED] BarAlignment: 'center' - Use 'align' instead.
2026-05-08 19:35:50,928 [WARNING] [MainThread] [deprecation/deprecation.py:133]: [DEPRECATED] GlazewmWorkspacesConfig: 'hide_empty_workspaces' - No longer supported and can be removed from the config.
2026-05-08 19:35:51,212 [WARNING] [MainThread] [deprecation/deprecation.py:133]: [DEPRECATED] MediaWidgetConfig: 'label_shadow' - Use CSS text-shadow instead.
2026-05-08 19:35:51,244 [INFO] [MainThread] [root/service.py:52]: AudioOutputService starting...
2026-05-08 19:35:51,465 [INFO] [MainThread] [root/bar_manager.py:102]: Starting SystemEventListener...
2026-05-08 19:35:51,466 [INFO] [MainThread] [root/watcher.py:65]: Watching directory: c:\users\mathe\.config\yasb
2026-05-08 19:35:51,467 [INFO] [MainThread] [root/watcher.py:104]: Created file watcher
2026-05-08 19:35:51,485 [INFO] [MainThread] [root/update_service.py:434]: Background update checker started
2026-05-08 19:36:09,751 [WARNING] [MainThread] [deprecation/deprecation.py:133]: [DEPRECATED] BarAlignment: 'center' - Use 'align' instead.
2026-05-08 19:36:09,751 [INFO] [MainThread] [root/controller.py:21]: Reloading Application because of config change.
2026-05-08 19:36:09,861 [INFO] [MainThread] [cli_server/cli_server.py:114]: Log pipe server stopped
2026-05-08 19:36:09,865 [INFO] [MainThread] [root/bar_manager.py:92]: Successfully loaded updated config and re-initialised all bars.
2026-05-08 19:36:09,917 [INFO] [MainThread] [root/bar_manager.py:118]: Stopping SystemEventListener...
2026-05-08 19:36:10,292 [INFO] [MainThread] [root/log.py:104]: YASB v2.0.0
2026-05-08 19:36:10,293 [INFO] [CLIPipeServer] [cli_server/cli_server.py:216]: CLI server started v1.1.7
2026-05-08 19:36:10,293 [INFO] [MainThread] [cli_server/cli_server.py:106]: Log pipe server started
2026-05-08 19:36:10,320 [WARNING] [MainThread] [deprecation/deprecation.py:133]: [DEPRECATED] BarAlignment: 'center' - Use 'align' instead.
2026-05-08 19:36:10,352 [WARNING] [MainThread] [deprecation/deprecation.py:133]: [DEPRECATED] GlazewmWorkspacesConfig: 'hide_empty_workspaces' - No longer supported and can be removed from the config.
2026-05-08 19:36:10,631 [WARNING] [MainThread] [deprecation/deprecation.py:133]: [DEPRECATED] MediaWidgetConfig: 'label_shadow' - Use CSS text-shadow instead.
2026-05-08 19:36:10,662 [INFO] [MainThread] [root/service.py:52]: AudioOutputService starting...
2026-05-08 19:36:10,867 [INFO] [MainThread] [root/bar_manager.py:102]: Starting SystemEventListener...
2026-05-08 19:36:10,869 [INFO] [MainThread] [root/watcher.py:65]: Watching directory: c:\users\mathe\.config\yasb
2026-05-08 19:36:10,869 [INFO] [MainThread] [root/watcher.py:104]: Created file watcher
2026-05-08 19:36:10,893 [INFO] [MainThread] [root/update_service.py:434]: Background update checker started
2026-05-08 19:36:14,579 [INFO] [MainThread] [root/log.py:104]: YASB v2.0.0
2026-05-08 19:36:14,579 [INFO] [CLIPipeServer] [cli_server/cli_server.py:216]: CLI server started v1.1.7
2026-05-08 19:36:14,580 [INFO] [MainThread] [cli_server/cli_server.py:106]: Log pipe server started
2026-05-08 19:36:14,580 [ERROR] [MainThread] [root/main.py:75]: Another instance of the YASB is already running.
2026-05-08 19:36:16,143 [INFO] [CLIPipeServer] [cli_server/cli_server.py:257]: CLI server received command: stop
2026-05-08 19:36:16,144 [INFO] [CLIPipeServer] [root/controller.py:43]: Exiting Application from CLI...
2026-05-08 19:36:16,258 [INFO] [CLIPipeServer] [cli_server/cli_server.py:114]: Log pipe server stopped
2026-05-08 19:36:16,308 [INFO] [MainThread] [root/bar_manager.py:118]: Stopping SystemEventListener...
2026-05-08 19:36:18,423 [INFO] [MainThread] [root/log.py:104]: YASB v2.0.0
2026-05-08 19:36:18,423 [INFO] [CLIPipeServer] [cli_server/cli_server.py:216]: CLI server started v1.1.7
2026-05-08 19:36:18,424 [INFO] [MainThread] [cli_server/cli_server.py:106]: Log pipe server started
2026-05-08 19:36:18,449 [WARNING] [MainThread] [deprecation/deprecation.py:133]: [DEPRECATED] BarAlignment: 'center' - Use 'align' instead.
2026-05-08 19:36:18,480 [WARNING] [MainThread] [deprecation/deprecation.py:133]: [DEPRECATED] GlazewmWorkspacesConfig: 'hide_empty_workspaces' - No longer supported and can be removed from the config.
2026-05-08 19:36:18,746 [WARNING] [MainThread] [deprecation/deprecation.py:133]: [DEPRECATED] MediaWidgetConfig: 'label_shadow' - Use CSS text-shadow instead.
2026-05-08 19:36:18,777 [INFO] [MainThread] [root/service.py:52]: AudioOutputService starting...
2026-05-08 19:36:18,974 [INFO] [MainThread] [root/bar_manager.py:102]: Starting SystemEventListener...
2026-05-08 19:36:18,975 [INFO] [MainThread] [root/watcher.py:65]: Watching directory: c:\users\mathe\.config\yasb
2026-05-08 19:36:18,975 [INFO] [MainThread] [root/watcher.py:104]: Created file watcher
2026-05-08 19:36:18,994 [INFO] [MainThread] [root/update_service.py:434]: Background update checker started
2026-05-08 19:36:25,259 [WARNING] [MainThread] [deprecation/deprecation.py:133]: [DEPRECATED] BarAlignment: 'center' - Use 'align' instead.
2026-05-08 19:36:25,259 [INFO] [MainThread] [root/controller.py:21]: Reloading Application because of config change.
2026-05-08 19:36:25,366 [INFO] [MainThread] [cli_server/cli_server.py:114]: Log pipe server stopped
2026-05-08 19:36:25,370 [INFO] [MainThread] [root/bar_manager.py:92]: Successfully loaded updated config and re-initialised all bars.
2026-05-08 19:36:25,422 [INFO] [MainThread] [root/bar_manager.py:118]: Stopping SystemEventListener...
2026-05-08 19:36:25,814 [INFO] [MainThread] [root/log.py:104]: YASB v2.0.0
2026-05-08 19:36:25,814 [INFO] [CLIPipeServer] [cli_server/cli_server.py:216]: CLI server started v1.1.7
2026-05-08 19:36:25,815 [INFO] [MainThread] [cli_server/cli_server.py:106]: Log pipe server started
2026-05-08 19:36:25,841 [WARNING] [MainThread] [deprecation/deprecation.py:133]: [DEPRECATED] BarAlignment: 'center' - Use 'align' instead.
2026-05-08 19:36:25,873 [WARNING] [MainThread] [deprecation/deprecation.py:133]: [DEPRECATED] GlazewmWorkspacesConfig: 'hide_empty_workspaces' - No longer supported and can be removed from the config.
2026-05-08 19:36:26,146 [WARNING] [MainThread] [deprecation/deprecation.py:133]: [DEPRECATED] MediaWidgetConfig: 'label_shadow' - Use CSS text-shadow instead.
2026-05-08 19:36:26,177 [INFO] [MainThread] [root/service.py:52]: AudioOutputService starting...
2026-05-08 19:36:26,383 [INFO] [MainThread] [root/bar_manager.py:102]: Starting SystemEventListener...
2026-05-08 19:36:26,384 [INFO] [MainThread] [root/watcher.py:65]: Watching directory: c:\users\mathe\.config\yasb
2026-05-08 19:36:26,384 [INFO] [MainThread] [root/watcher.py:104]: Created file watcher
2026-05-08 19:36:26,404 [INFO] [MainThread] [root/update_service.py:434]: Background update checker started
2026-05-08 19:36:29,880 [INFO] [MainThread] [root/log.py:104]: YASB v2.0.0
2026-05-08 19:36:29,881 [INFO] [CLIPipeServer] [cli_server/cli_server.py:216]: CLI server started v1.1.7
2026-05-08 19:36:29,881 [INFO] [MainThread] [cli_server/cli_server.py:106]: Log pipe server started
2026-05-08 19:36:29,881 [ERROR] [MainThread] [root/main.py:75]: Another instance of the YASB is already running.
2026-05-08 19:36:30,726 [INFO] [CLIPipeServer] [cli_server/cli_server.py:257]: CLI server received command: stop
2026-05-08 19:36:30,726 [INFO] [CLIPipeServer] [root/controller.py:43]: Exiting Application from CLI...
2026-05-08 19:36:30,826 [INFO] [CLIPipeServer] [cli_server/cli_server.py:114]: Log pipe server stopped
2026-05-08 19:36:30,874 [INFO] [MainThread] [root/bar_manager.py:118]: Stopping SystemEventListener...
2026-05-08 19:36:32,642 [INFO] [MainThread] [root/log.py:104]: YASB v2.0.0
2026-05-08 19:36:32,642 [INFO] [CLIPipeServer] [cli_server/cli_server.py:216]: CLI server started v1.1.7
2026-05-08 19:36:32,643 [INFO] [MainThread] [cli_server/cli_server.py:106]: Log pipe server started
2026-05-08 19:36:32,668 [WARNING] [MainThread] [deprecation/deprecation.py:133]: [DEPRECATED] BarAlignment: 'center' - Use 'align' instead.
2026-05-08 19:36:32,699 [WARNING] [MainThread] [deprecation/deprecation.py:133]: [DEPRECATED] GlazewmWorkspacesConfig: 'hide_empty_workspaces' - No longer supported and can be removed from the config.
2026-05-08 19:36:32,968 [WARNING] [MainThread] [deprecation/deprecation.py:133]: [DEPRECATED] MediaWidgetConfig: 'label_shadow' - Use CSS text-shadow instead.
2026-05-08 19:36:32,998 [INFO] [MainThread] [root/service.py:52]: AudioOutputService starting...
2026-05-08 19:36:33,205 [INFO] [MainThread] [root/bar_manager.py:102]: Starting SystemEventListener...
2026-05-08 19:36:33,206 [INFO] [MainThread] [root/watcher.py:65]: Watching directory: c:\users\mathe\.config\yasb
2026-05-08 19:36:33,207 [INFO] [MainThread] [root/watcher.py:104]: Created file watcher
2026-05-08 19:36:33,226 [INFO] [MainThread] [root/update_service.py:434]: Background update checker started
2026-05-08 19:36:41,005 [WARNING] [MainThread] [deprecation/deprecation.py:133]: [DEPRECATED] BarAlignment: 'center' - Use 'align' instead.
2026-05-08 19:36:41,005 [INFO] [MainThread] [root/controller.py:21]: Reloading Application because of config change.
2026-05-08 19:36:41,112 [INFO] [MainThread] [cli_server/cli_server.py:114]: Log pipe server stopped
2026-05-08 19:36:41,116 [INFO] [MainThread] [root/bar_manager.py:92]: Successfully loaded updated config and re-initialised all bars.
2026-05-08 19:36:41,169 [INFO] [MainThread] [root/bar_manager.py:118]: Stopping SystemEventListener...
2026-05-08 19:36:41,541 [INFO] [MainThread] [root/log.py:104]: YASB v2.0.0
2026-05-08 19:36:41,541 [INFO] [CLIPipeServer] [cli_server/cli_server.py:216]: CLI server started v1.1.7
2026-05-08 19:36:41,541 [INFO] [MainThread] [cli_server/cli_server.py:106]: Log pipe server started
2026-05-08 19:36:41,568 [WARNING] [MainThread] [deprecation/deprecation.py:133]: [DEPRECATED] BarAlignment: 'center' - Use 'align' instead.
2026-05-08 19:36:41,600 [WARNING] [MainThread] [deprecation/deprecation.py:133]: [DEPRECATED] GlazewmWorkspacesConfig: 'hide_empty_workspaces' - No longer supported and can be removed from the config.
2026-05-08 19:36:41,875 [WARNING] [MainThread] [deprecation/deprecation.py:133]: [DEPRECATED] MediaWidgetConfig: 'label_shadow' - Use CSS text-shadow instead.
2026-05-08 19:36:41,910 [INFO] [MainThread] [root/service.py:52]: AudioOutputService starting...
2026-05-08 19:36:42,119 [INFO] [MainThread] [root/bar_manager.py:102]: Starting SystemEventListener...
2026-05-08 19:36:42,120 [INFO] [MainThread] [root/watcher.py:65]: Watching directory: c:\users\mathe\.config\yasb
2026-05-08 19:36:42,120 [INFO] [MainThread] [root/watcher.py:104]: Created file watcher
2026-05-08 19:36:42,142 [INFO] [MainThread] [root/update_service.py:434]: Background update checker started
2026-05-08 19:42:44,217 [INFO] [CLIPipeServer] [cli_server/cli_server.py:257]: CLI server received command: stop
2026-05-08 19:42:44,217 [INFO] [CLIPipeServer] [root/controller.py:43]: Exiting Application from CLI...
2026-05-08 19:42:44,331 [INFO] [CLIPipeServer] [cli_server/cli_server.py:114]: Log pipe server stopped
2026-05-08 19:42:44,387 [INFO] [MainThread] [root/bar_manager.py:118]: Stopping SystemEventListener...
2026-05-08 19:42:46,154 [INFO] [MainThread] [root/log.py:104]: YASB v2.0.0
2026-05-08 19:42:46,154 [INFO] [CLIPipeServer] [cli_server/cli_server.py:216]: CLI server started v1.1.7
2026-05-08 19:42:46,154 [INFO] [MainThread] [cli_server/cli_server.py:106]: Log pipe server started
2026-05-08 19:42:46,180 [WARNING] [MainThread] [deprecation/deprecation.py:133]: [DEPRECATED] BarAlignment: 'center' - Use 'align' instead.
2026-05-08 19:42:46,211 [WARNING] [MainThread] [deprecation/deprecation.py:133]: [DEPRECATED] GlazewmWorkspacesConfig: 'hide_empty_workspaces' - No longer supported and can be removed from the config.
2026-05-08 19:42:46,495 [WARNING] [MainThread] [deprecation/deprecation.py:133]: [DEPRECATED] MediaWidgetConfig: 'label_shadow' - Use CSS text-shadow instead.
2026-05-08 19:42:46,531 [INFO] [MainThread] [root/service.py:52]: AudioOutputService starting...
2026-05-08 19:42:46,730 [INFO] [MainThread] [root/bar_manager.py:102]: Starting SystemEventListener...
2026-05-08 19:42:46,732 [INFO] [MainThread] [root/watcher.py:65]: Watching directory: c:\users\mathe\.config\yasb
2026-05-08 19:42:46,732 [INFO] [MainThread] [root/watcher.py:104]: Created file watcher
2026-05-08 19:42:46,750 [INFO] [MainThread] [root/update_service.py:434]: Background update checker started
2026-05-08 19:55:48,388 [INFO] [CLIPipeServer] [cli_server/cli_server.py:257]: CLI server received command: stop
2026-05-08 19:55:48,389 [INFO] [CLIPipeServer] [root/controller.py:43]: Exiting Application from CLI...
2026-05-08 19:55:48,495 [INFO] [CLIPipeServer] [cli_server/cli_server.py:114]: Log pipe server stopped
2026-05-08 19:55:48,548 [INFO] [MainThread] [root/bar_manager.py:118]: Stopping SystemEventListener...
2026-05-08 19:55:50,287 [INFO] [MainThread] [root/log.py:104]: YASB v2.0.0
2026-05-08 19:55:50,287 [INFO] [CLIPipeServer] [cli_server/cli_server.py:216]: CLI server started v1.1.7
2026-05-08 19:55:50,288 [INFO] [MainThread] [cli_server/cli_server.py:106]: Log pipe server started
2026-05-08 19:55:50,313 [WARNING] [MainThread] [deprecation/deprecation.py:133]: [DEPRECATED] BarAlignment: 'center' - Use 'align' instead.
2026-05-08 19:55:50,344 [WARNING] [MainThread] [deprecation/deprecation.py:133]: [DEPRECATED] GlazewmWorkspacesConfig: 'hide_empty_workspaces' - No longer supported and can be removed from the config.
2026-05-08 19:55:50,632 [WARNING] [MainThread] [deprecation/deprecation.py:133]: [DEPRECATED] MediaWidgetConfig: 'label_shadow' - Use CSS text-shadow instead.
2026-05-08 19:55:50,667 [INFO] [MainThread] [root/service.py:52]: AudioOutputService starting...
2026-05-08 19:55:50,869 [INFO] [MainThread] [root/bar_manager.py:102]: Starting SystemEventListener...
2026-05-08 19:55:50,870 [INFO] [MainThread] [root/watcher.py:65]: Watching directory: c:\users\mathe\.config\yasb
2026-05-08 19:55:50,870 [INFO] [MainThread] [root/watcher.py:104]: Created file watcher
2026-05-08 19:55:50,890 [INFO] [MainThread] [root/update_service.py:434]: Background update checker started
2026-05-08 19:57:28,121 [WARNING] [MainThread] [deprecation/deprecation.py:133]: [DEPRECATED] BarAlignment: 'center' - Use 'align' instead.
2026-05-08 19:57:28,122 [INFO] [MainThread] [root/controller.py:21]: Reloading Application because of config change.
2026-05-08 19:57:28,232 [INFO] [MainThread] [cli_server/cli_server.py:114]: Log pipe server stopped
2026-05-08 19:57:28,236 [INFO] [MainThread] [root/bar_manager.py:92]: Successfully loaded updated config and re-initialised all bars.
2026-05-08 19:57:28,291 [INFO] [MainThread] [root/bar_manager.py:118]: Stopping SystemEventListener...
2026-05-08 19:57:28,702 [INFO] [MainThread] [root/log.py:104]: YASB v2.0.0
2026-05-08 19:57:28,703 [INFO] [CLIPipeServer] [cli_server/cli_server.py:216]: CLI server started v1.1.7
2026-05-08 19:57:28,703 [INFO] [MainThread] [cli_server/cli_server.py:106]: Log pipe server started
2026-05-08 19:57:28,730 [WARNING] [MainThread] [deprecation/deprecation.py:133]: [DEPRECATED] BarAlignment: 'center' - Use 'align' instead.
2026-05-08 19:57:28,763 [WARNING] [MainThread] [deprecation/deprecation.py:133]: [DEPRECATED] GlazewmWorkspacesConfig: 'hide_empty_workspaces' - No longer supported and can be removed from the config.
2026-05-08 19:57:29,063 [WARNING] [MainThread] [deprecation/deprecation.py:133]: [DEPRECATED] MediaWidgetConfig: 'label_shadow' - Use CSS text-shadow instead.
2026-05-08 19:57:29,101 [INFO] [MainThread] [root/service.py:52]: AudioOutputService starting...
2026-05-08 19:57:29,329 [INFO] [MainThread] [root/bar_manager.py:102]: Starting SystemEventListener...
2026-05-08 19:57:29,330 [INFO] [MainThread] [root/watcher.py:65]: Watching directory: c:\users\mathe\.config\yasb
2026-05-08 19:57:29,330 [INFO] [MainThread] [root/watcher.py:104]: Created file watcher
2026-05-08 19:57:29,351 [INFO] [MainThread] [root/update_service.py:434]: Background update checker started
2026-05-08 19:57:46,355 [WARNING] [MainThread] [deprecation/deprecation.py:133]: [DEPRECATED] BarAlignment: 'center' - Use 'align' instead.
2026-05-08 19:57:46,356 [INFO] [MainThread] [root/controller.py:21]: Reloading Application because of config change.
2026-05-08 19:57:46,464 [INFO] [MainThread] [cli_server/cli_server.py:114]: Log pipe server stopped
2026-05-08 19:57:46,470 [INFO] [MainThread] [root/bar_manager.py:92]: Successfully loaded updated config and re-initialised all bars.
2026-05-08 19:57:46,525 [INFO] [MainThread] [root/bar_manager.py:118]: Stopping SystemEventListener...
2026-05-08 19:57:46,911 [INFO] [MainThread] [root/log.py:104]: YASB v2.0.0
2026-05-08 19:57:46,912 [INFO] [CLIPipeServer] [cli_server/cli_server.py:216]: CLI server started v1.1.7
2026-05-08 19:57:46,912 [INFO] [MainThread] [cli_server/cli_server.py:106]: Log pipe server started
2026-05-08 19:57:46,939 [WARNING] [MainThread] [deprecation/deprecation.py:133]: [DEPRECATED] BarAlignment: 'center' - Use 'align' instead.
2026-05-08 19:57:46,974 [WARNING] [MainThread] [deprecation/deprecation.py:133]: [DEPRECATED] GlazewmWorkspacesConfig: 'hide_empty_workspaces' - No longer supported and can be removed from the config.
2026-05-08 19:57:47,261 [WARNING] [MainThread] [deprecation/deprecation.py:133]: [DEPRECATED] MediaWidgetConfig: 'label_shadow' - Use CSS text-shadow instead.
2026-05-08 19:57:47,298 [INFO] [MainThread] [root/service.py:52]: AudioOutputService starting...
2026-05-08 19:57:47,517 [INFO] [MainThread] [root/bar_manager.py:102]: Starting SystemEventListener...
2026-05-08 19:57:47,518 [INFO] [MainThread] [root/watcher.py:65]: Watching directory: c:\users\mathe\.config\yasb
2026-05-08 19:57:47,518 [INFO] [MainThread] [root/watcher.py:104]: Created file watcher
2026-05-08 19:57:47,539 [INFO] [MainThread] [root/update_service.py:434]: Background update checker started
2026-05-08 19:57:52,882 [WARNING] [MainThread] [deprecation/deprecation.py:133]: [DEPRECATED] BarAlignment: 'center' - Use 'align' instead.
2026-05-08 19:57:52,882 [INFO] [MainThread] [root/controller.py:21]: Reloading Application because of config change.
2026-05-08 19:57:52,996 [INFO] [MainThread] [cli_server/cli_server.py:114]: Log pipe server stopped
2026-05-08 19:57:53,000 [INFO] [MainThread] [root/bar_manager.py:92]: Successfully loaded updated config and re-initialised all bars.
2026-05-08 19:57:53,053 [INFO] [MainThread] [root/bar_manager.py:118]: Stopping SystemEventListener...
2026-05-08 19:57:53,460 [INFO] [MainThread] [root/log.py:104]: YASB v2.0.0
2026-05-08 19:57:53,460 [INFO] [CLIPipeServer] [cli_server/cli_server.py:216]: CLI server started v1.1.7
2026-05-08 19:57:53,460 [INFO] [MainThread] [cli_server/cli_server.py:106]: Log pipe server started
2026-05-08 19:57:53,488 [WARNING] [MainThread] [deprecation/deprecation.py:133]: [DEPRECATED] BarAlignment: 'center' - Use 'align' instead.
2026-05-08 19:57:53,520 [WARNING] [MainThread] [deprecation/deprecation.py:133]: [DEPRECATED] GlazewmWorkspacesConfig: 'hide_empty_workspaces' - No longer supported and can be removed from the config.
2026-05-08 19:57:53,809 [WARNING] [MainThread] [deprecation/deprecation.py:133]: [DEPRECATED] MediaWidgetConfig: 'label_shadow' - Use CSS text-shadow instead.
2026-05-08 19:57:53,846 [INFO] [MainThread] [root/service.py:52]: AudioOutputService starting...
2026-05-08 19:57:54,057 [INFO] [MainThread] [root/bar_manager.py:102]: Starting SystemEventListener...
2026-05-08 19:57:54,058 [INFO] [MainThread] [root/watcher.py:65]: Watching directory: c:\users\mathe\.config\yasb
2026-05-08 19:57:54,058 [INFO] [MainThread] [root/watcher.py:104]: Created file watcher
2026-05-08 19:57:54,077 [INFO] [MainThread] [root/update_service.py:434]: Background update checker started
2026-05-08 19:57:57,125 [INFO] [CLIPipeServer] [cli_server/cli_server.py:257]: CLI server received command: stop
2026-05-08 19:57:57,126 [INFO] [CLIPipeServer] [root/controller.py:43]: Exiting Application from CLI...
2026-05-08 19:57:57,227 [INFO] [CLIPipeServer] [cli_server/cli_server.py:114]: Log pipe server stopped
2026-05-08 19:57:57,276 [INFO] [MainThread] [root/bar_manager.py:118]: Stopping SystemEventListener...
2026-05-08 19:57:58,940 [INFO] [MainThread] [root/log.py:104]: YASB v2.0.0
2026-05-08 19:57:58,941 [INFO] [CLIPipeServer] [cli_server/cli_server.py:216]: CLI server started v1.1.7
2026-05-08 19:57:58,941 [INFO] [MainThread] [cli_server/cli_server.py:106]: Log pipe server started
2026-05-08 19:57:58,967 [WARNING] [MainThread] [deprecation/deprecation.py:133]: [DEPRECATED] BarAlignment: 'center' - Use 'align' instead.
2026-05-08 19:57:58,999 [WARNING] [MainThread] [deprecation/deprecation.py:133]: [DEPRECATED] GlazewmWorkspacesConfig: 'hide_empty_workspaces' - No longer supported and can be removed from the config.
2026-05-08 19:57:59,276 [WARNING] [MainThread] [deprecation/deprecation.py:133]: [DEPRECATED] MediaWidgetConfig: 'label_shadow' - Use CSS text-shadow instead.
2026-05-08 19:57:59,314 [INFO] [MainThread] [root/service.py:52]: AudioOutputService starting...
2026-05-08 19:57:59,509 [INFO] [MainThread] [root/bar_manager.py:102]: Starting SystemEventListener...
2026-05-08 19:57:59,510 [INFO] [MainThread] [root/watcher.py:65]: Watching directory: c:\users\mathe\.config\yasb
2026-05-08 19:57:59,510 [INFO] [MainThread] [root/watcher.py:104]: Created file watcher
2026-05-08 19:57:59,529 [INFO] [MainThread] [root/update_service.py:434]: Background update checker started
2026-05-08 19:58:27,277 [WARNING] [MainThread] [deprecation/deprecation.py:133]: [DEPRECATED] BarAlignment: 'center' - Use 'align' instead.
2026-05-08 19:58:27,278 [INFO] [MainThread] [root/controller.py:21]: Reloading Application because of config change.
2026-05-08 19:58:27,385 [INFO] [MainThread] [cli_server/cli_server.py:114]: Log pipe server stopped
2026-05-08 19:58:27,388 [INFO] [MainThread] [root/bar_manager.py:92]: Successfully loaded updated config and re-initialised all bars.
2026-05-08 19:58:27,441 [INFO] [MainThread] [root/bar_manager.py:118]: Stopping SystemEventListener...
2026-05-08 19:58:27,824 [INFO] [MainThread] [root/log.py:104]: YASB v2.0.0
2026-05-08 19:58:27,824 [INFO] [CLIPipeServer] [cli_server/cli_server.py:216]: CLI server started v1.1.7
2026-05-08 19:58:27,824 [INFO] [MainThread] [cli_server/cli_server.py:106]: Log pipe server started
2026-05-08 19:58:27,851 [WARNING] [MainThread] [deprecation/deprecation.py:133]: [DEPRECATED] BarAlignment: 'center' - Use 'align' instead.
2026-05-08 19:58:27,883 [WARNING] [MainThread] [deprecation/deprecation.py:133]: [DEPRECATED] GlazewmWorkspacesConfig: 'hide_empty_workspaces' - No longer supported and can be removed from the config.
2026-05-08 19:58:27,895 [WARNING] [MainThread] [root/widget_builder.py:39]: No widget config could be found for widget 'glazewm_tiling_direction
2026-05-08 19:58:27,936 [WARNING] [MainThread] [deprecation/deprecation.py:133]: [DEPRECATED] MediaWidgetConfig: 'label_shadow' - Use CSS text-shadow instead.
2026-05-08 19:58:28,208 [INFO] [MainThread] [root/service.py:52]: AudioOutputService starting...
2026-05-08 19:58:28,419 [INFO] [MainThread] [root/bar_manager.py:102]: Starting SystemEventListener...
2026-05-08 19:58:28,419 [ERROR] [MainThread] [root/widget_builder.py:100]: Failed to add undefined widget(s)  - The widget "glazewm_tiling_direction" is undefined.
2026-05-08 19:58:28,451 [INFO] [MainThread] [root/watcher.py:65]: Watching directory: c:\users\mathe\.config\yasb
2026-05-08 19:58:28,452 [INFO] [MainThread] [root/watcher.py:104]: Created file watcher
2026-05-08 19:58:28,468 [INFO] [MainThread] [root/update_service.py:434]: Background update checker started
2026-05-08 19:58:49,205 [WARNING] [MainThread] [deprecation/deprecation.py:133]: [DEPRECATED] BarAlignment: 'center' - Use 'align' instead.
2026-05-08 19:58:49,206 [INFO] [MainThread] [root/controller.py:21]: Reloading Application because of config change.
2026-05-08 19:58:49,313 [INFO] [MainThread] [cli_server/cli_server.py:114]: Log pipe server stopped
2026-05-08 19:58:49,317 [INFO] [MainThread] [root/bar_manager.py:92]: Successfully loaded updated config and re-initialised all bars.
2026-05-08 19:58:49,374 [INFO] [MainThread] [root/bar_manager.py:118]: Stopping SystemEventListener...
2026-05-08 19:58:49,752 [INFO] [MainThread] [root/log.py:104]: YASB v2.0.0
2026-05-08 19:58:49,752 [INFO] [CLIPipeServer] [cli_server/cli_server.py:216]: CLI server started v1.1.7
2026-05-08 19:58:49,752 [INFO] [MainThread] [cli_server/cli_server.py:106]: Log pipe server started
2026-05-08 19:58:49,782 [WARNING] [MainThread] [deprecation/deprecation.py:133]: [DEPRECATED] BarAlignment: 'center' - Use 'align' instead.
2026-05-08 19:58:49,814 [WARNING] [MainThread] [deprecation/deprecation.py:133]: [DEPRECATED] GlazewmWorkspacesConfig: 'hide_empty_workspaces' - No longer supported and can be removed from the config.
2026-05-08 19:58:49,864 [WARNING] [MainThread] [deprecation/deprecation.py:133]: [DEPRECATED] MediaWidgetConfig: 'label_shadow' - Use CSS text-shadow instead.
2026-05-08 19:58:50,137 [INFO] [MainThread] [root/service.py:52]: AudioOutputService starting...
2026-05-08 19:58:50,357 [INFO] [MainThread] [root/bar_manager.py:102]: Starting SystemEventListener...
2026-05-08 19:58:50,358 [INFO] [MainThread] [root/watcher.py:65]: Watching directory: c:\users\mathe\.config\yasb
2026-05-08 19:58:50,358 [INFO] [MainThread] [root/watcher.py:104]: Created file watcher
2026-05-08 19:58:50,377 [INFO] [MainThread] [root/update_service.py:434]: Background update checker started
2026-05-08 20:03:15,208 [INFO] [CLIPipeServer] [cli_server/cli_server.py:257]: CLI server received command: stop
2026-05-08 20:03:15,209 [INFO] [CLIPipeServer] [root/controller.py:43]: Exiting Application from CLI...
2026-05-08 20:03:15,311 [INFO] [CLIPipeServer] [cli_server/cli_server.py:114]: Log pipe server stopped
2026-05-08 20:03:15,368 [INFO] [MainThread] [root/bar_manager.py:118]: Stopping SystemEventListener...
2026-05-08 20:03:17,700 [INFO] [MainThread] [root/log.py:104]: YASB v2.0.0
2026-05-08 20:03:17,700 [INFO] [CLIPipeServer] [cli_server/cli_server.py:216]: CLI server started v1.1.7
2026-05-08 20:03:17,700 [INFO] [MainThread] [cli_server/cli_server.py:106]: Log pipe server started
2026-05-08 20:03:17,729 [WARNING] [MainThread] [deprecation/deprecation.py:133]: [DEPRECATED] BarAlignment: 'center' - Use 'align' instead.
2026-05-08 20:03:17,761 [WARNING] [MainThread] [deprecation/deprecation.py:133]: [DEPRECATED] GlazewmWorkspacesConfig: 'hide_empty_workspaces' - No longer supported and can be removed from the config.
2026-05-08 20:03:17,811 [WARNING] [MainThread] [deprecation/deprecation.py:133]: [DEPRECATED] MediaWidgetConfig: 'label_shadow' - Use CSS text-shadow instead.
2026-05-08 20:03:18,079 [INFO] [MainThread] [root/service.py:52]: AudioOutputService starting...
2026-05-08 20:03:18,288 [INFO] [MainThread] [root/bar_manager.py:102]: Starting SystemEventListener...
2026-05-08 20:03:18,289 [INFO] [MainThread] [root/watcher.py:65]: Watching directory: c:\users\mathe\.config\yasb
2026-05-08 20:03:18,289 [INFO] [MainThread] [root/watcher.py:104]: Created file watcher
2026-05-08 20:03:18,309 [INFO] [MainThread] [root/update_service.py:434]: Background update checker started
2026-05-08 20:05:57,533 [WARNING] [MainThread] [deprecation/deprecation.py:133]: [DEPRECATED] BarAlignment: 'center' - Use 'align' instead.
2026-05-08 20:05:57,534 [INFO] [MainThread] [root/controller.py:21]: Reloading Application because of config change.
2026-05-08 20:05:57,639 [INFO] [MainThread] [cli_server/cli_server.py:114]: Log pipe server stopped
2026-05-08 20:05:57,643 [INFO] [MainThread] [root/bar_manager.py:92]: Successfully loaded updated config and re-initialised all bars.
2026-05-08 20:05:57,707 [INFO] [MainThread] [root/bar_manager.py:118]: Stopping SystemEventListener...
2026-05-08 20:05:58,099 [INFO] [MainThread] [root/log.py:104]: YASB v2.0.0
2026-05-08 20:05:58,100 [INFO] [CLIPipeServer] [cli_server/cli_server.py:216]: CLI server started v1.1.7
2026-05-08 20:05:58,100 [INFO] [MainThread] [cli_server/cli_server.py:106]: Log pipe server started
2026-05-08 20:05:58,128 [WARNING] [MainThread] [deprecation/deprecation.py:133]: [DEPRECATED] BarAlignment: 'center' - Use 'align' instead.
2026-05-08 20:05:58,176 [WARNING] [MainThread] [deprecation/deprecation.py:133]: [DEPRECATED] GlazewmWorkspacesConfig: 'hide_empty_workspaces' - No longer supported and can be removed from the config.
2026-05-08 20:05:58,213 [WARNING] [MainThread] [deprecation/deprecation.py:133]: [DEPRECATED] MediaWidgetConfig: 'label_shadow' - Use CSS text-shadow instead.
2026-05-08 20:05:58,484 [INFO] [MainThread] [root/service.py:52]: AudioOutputService starting...
2026-05-08 20:05:58,701 [INFO] [MainThread] [root/bar_manager.py:102]: Starting SystemEventListener...
2026-05-08 20:05:58,702 [INFO] [MainThread] [root/watcher.py:65]: Watching directory: c:\users\mathe\.config\yasb
2026-05-08 20:05:58,702 [INFO] [MainThread] [root/watcher.py:104]: Created file watcher
2026-05-08 20:05:58,723 [INFO] [MainThread] [root/update_service.py:434]: Background update checker started
Windows fatal exception: code 0x800706f7

Thread 0x0000396c [SystrayMonitor] (most recent call first):
  File "D:\a\yasb\yasb\src\core\widgets\services\systray\utils.py", line 145 in start_message_loop
  File "D:\a\yasb\yasb\src\core\widgets\services\systray\systray_monitor.py", line 99 in run
  File "D:\a\yasb\yasb\src\core\widgets\yasb\systray.py", line 65 in run

Thread 0x0000235c [Thread-5] (most recent call first):
  File "C:\hostedtoolcache\windows\Python\3.14.4\x64\Lib\threading.py", line 369 in wait
  File "C:\hostedtoolcache\windows\Python\3.14.4\x64\Lib\queue.py", line 199 in get
  File "D:\a\yasb\yasb\venv\Lib\site-packages\watchdog\observers\api.py", line 379 in dispatch_events
  File "D:\a\yasb\yasb\venv\Lib\site-packages\watchdog\observers\api.py", line 213 in run
  File "C:\hostedtoolcache\windows\Python\3.14.4\x64\Lib\threading.py", line 1082 in _bootstrap_inner
  File "C:\hostedtoolcache\windows\Python\3.14.4\x64\Lib\threading.py", line 1044 in _bootstrap

Thread 0x00000ffc [Thread-6] (most recent call first):
  File "D:\a\yasb\yasb\venv\Lib\site-packages\watchdog\observers\winapi.py", line 326 in read_directory_changes
  File "D:\a\yasb\yasb\venv\Lib\site-packages\watchdog\observers\winapi.py", line 380 in read_events
  File "D:\a\yasb\yasb\venv\Lib\site-packages\watchdog\observers\read_directory_changes.py", line 67 in _read_events
  File "D:\a\yasb\yasb\venv\Lib\site-packages\watchdog\observers\read_directory_changes.py", line 70 in queue_events
  File "D:\a\yasb\yasb\venv\Lib\site-packages\watchdog\observers\api.py", line 158 in run
  File "C:\hostedtoolcache\windows\Python\3.14.4\x64\Lib\threading.py", line 1082 in _bootstrap_inner
  File "C:\hostedtoolcache\windows\Python\3.14.4\x64\Lib\threading.py", line 1044 in _bootstrap

Thread 0x00003fe4 [SystemEventListener] (most recent call first):
  File "D:\a\yasb\yasb\src\core\utils\win32\event_listener.py", line 69 in run

Thread 0x0000392c [WiFiWorker] (most recent call first):
  File "D:\a\yasb\yasb\src\core\widgets\services\wifi\wifi_managers.py", line 150 in run

Thread 0x00003d38 [MemoryWorker] (most recent call first):
  File "D:\a\yasb\yasb\src\core\widgets\services\memory\memory_api.py", line 75 in _init_swap_query
  File "D:\a\yasb\yasb\src\core\widgets\services\memory\memory_api.py", line 93 in _get_swap_percent
  File "D:\a\yasb\yasb\src\core\widgets\services\memory\memory_api.py", line 181 in swap_memory
  File "D:\a\yasb\yasb\src\core\widgets\services\memory\memory_api.py", line 204 in get_data
  File "D:\a\yasb\yasb\src\core\widgets\services\memory\memory_api.py", line 239 in run

Thread 0x00003b30 [CpuWorker] (most recent call first):
  File "D:\a\yasb\yasb\src\core\widgets\services\cpu\cpu_api.py", line 138 in _init_query
  File "D:\a\yasb\yasb\src\core\widgets\services\cpu\cpu_api.py", line 228 in get_data
  File "D:\a\yasb\yasb\src\core\widgets\services\cpu\cpu_api.py", line 309 in run

Thread 0x0000259c [_EventWorker] (most recent call first):
  File "D:\a\yasb\yasb\venv\Lib\site-packages\qasync\_windows.py", line 147 in _poll
  File "D:\a\yasb\yasb\venv\Lib\site-packages\qasync\_windows.py", line 72 in select
  File "D:\a\yasb\yasb\venv\Lib\site-packages\qasync\_windows.py", line 199 in run

Thread 0x00003138 [LogPipeServer] (most recent call first):
  File "D:\a\yasb\yasb\src\core\utils\win32\bindings\kernel32.py", line 288 in ConnectNamedPipe
  File "D:\a\yasb\yasb\src\core\utils\cli_server.py", line 138 in _run_server
  File "C:\hostedtoolcache\windows\Python\3.14.4\x64\Lib\threading.py", line 1024 in run
  File "C:\hostedtoolcache\windows\Python\3.14.4\x64\Lib\threading.py", line 1082 in _bootstrap_inner
  File "C:\hostedtoolcache\windows\Python\3.14.4\x64\Lib\threading.py", line 1044 in _bootstrap

Thread 0x00000a70 [CLIPipeServer] (most recent call first):
  File "D:\a\yasb\yasb\src\core\utils\win32\bindings\kernel32.py", line 288 in ConnectNamedPipe
  File "D:\a\yasb\yasb\src\core\utils\cli_server.py", line 235 in _run_server
  File "C:\hostedtoolcache\windows\Python\3.14.4\x64\Lib\threading.py", line 1024 in run
  File "C:\hostedtoolcache\windows\Python\3.14.4\x64\Lib\threading.py", line 1082 in _bootstrap_inner
  File "C:\hostedtoolcache\windows\Python\3.14.4\x64\Lib\threading.py", line 1044 in _bootstrap

Current thread 0x0000376c (most recent call first):
  File "D:\a\yasb\yasb\src\core\widgets\yasb\active_window.py", line 337 in _update_window_title
  File "D:\a\yasb\yasb\src\core\widgets\yasb\active_window.py", line 237 in _on_focus_change_event
  File "D:\a\yasb\yasb\venv\Lib\site-packages\qasync\__init__.py", line 404 in run_forever
  File "D:\a\yasb\yasb\venv\Lib\site-packages\qasync\__init__.py", line 428 in run_until_complete
  File "main.py", line 98 in main
  File "main.py", line 188 in <module>
  File "D:\a\yasb\yasb\venv\Lib\site-packages\freeze_core\initscripts\console.py", line 27 in run
  File "D:\a\yasb\yasb\venv\Lib\site-packages\freeze_core\initscripts\__startup__.py", line 137 in run

Current thread's C stack trace (most recent call first):
  <cannot get C stack on this system>
2026-05-08 20:06:33,957 [WARNING] [MainThread] [deprecation/deprecation.py:133]: [DEPRECATED] BarAlignment: 'center' - Use 'align' instead.
2026-05-08 20:06:33,957 [INFO] [MainThread] [root/controller.py:21]: Reloading Application because of config change.
2026-05-08 20:06:34,066 [INFO] [MainThread] [cli_server/cli_server.py:114]: Log pipe server stopped
2026-05-08 20:06:34,069 [INFO] [MainThread] [root/bar_manager.py:92]: Successfully loaded updated config and re-initialised all bars.
2026-05-08 20:06:34,134 [INFO] [MainThread] [root/bar_manager.py:118]: Stopping SystemEventListener...
2026-05-08 20:06:34,499 [INFO] [MainThread] [root/log.py:104]: YASB v2.0.0
2026-05-08 20:06:34,499 [INFO] [CLIPipeServer] [cli_server/cli_server.py:216]: CLI server started v1.1.7
2026-05-08 20:06:34,499 [INFO] [MainThread] [cli_server/cli_server.py:106]: Log pipe server started
2026-05-08 20:06:34,527 [WARNING] [MainThread] [deprecation/deprecation.py:133]: [DEPRECATED] BarAlignment: 'center' - Use 'align' instead.
2026-05-08 20:06:34,558 [WARNING] [MainThread] [deprecation/deprecation.py:133]: [DEPRECATED] GlazewmWorkspacesConfig: 'hide_empty_workspaces' - No longer supported and can be removed from the config.
2026-05-08 20:06:34,846 [WARNING] [MainThread] [deprecation/deprecation.py:133]: [DEPRECATED] MediaWidgetConfig: 'label_shadow' - Use CSS text-shadow instead.
2026-05-08 20:06:34,870 [INFO] [MainThread] [root/service.py:52]: AudioOutputService starting...
2026-05-08 20:06:35,090 [INFO] [MainThread] [root/bar_manager.py:102]: Starting SystemEventListener...
2026-05-08 20:06:35,092 [INFO] [MainThread] [root/watcher.py:65]: Watching directory: c:\users\mathe\.config\yasb
2026-05-08 20:06:35,092 [INFO] [MainThread] [root/watcher.py:104]: Created file watcher
2026-05-08 20:06:35,112 [INFO] [MainThread] [root/update_service.py:434]: Background update checker started
2026-05-08 20:06:45,535 [INFO] [CLIPipeServer] [cli_server/cli_server.py:257]: CLI server received command: stop
2026-05-08 20:06:45,535 [INFO] [CLIPipeServer] [root/controller.py:43]: Exiting Application from CLI...
2026-05-08 20:06:45,637 [INFO] [CLIPipeServer] [cli_server/cli_server.py:114]: Log pipe server stopped
2026-05-08 20:06:45,689 [INFO] [MainThread] [root/bar_manager.py:118]: Stopping SystemEventListener...
2026-05-08 20:06:47,162 [INFO] [MainThread] [root/log.py:104]: YASB v2.0.0
2026-05-08 20:06:47,163 [INFO] [CLIPipeServer] [cli_server/cli_server.py:216]: CLI server started v1.1.7
2026-05-08 20:06:47,163 [INFO] [MainThread] [cli_server/cli_server.py:106]: Log pipe server started
2026-05-08 20:06:47,189 [WARNING] [MainThread] [deprecation/deprecation.py:133]: [DEPRECATED] BarAlignment: 'center' - Use 'align' instead.
2026-05-08 20:06:47,221 [WARNING] [MainThread] [deprecation/deprecation.py:133]: [DEPRECATED] GlazewmWorkspacesConfig: 'hide_empty_workspaces' - No longer supported and can be removed from the config.
2026-05-08 20:06:47,503 [WARNING] [MainThread] [deprecation/deprecation.py:133]: [DEPRECATED] MediaWidgetConfig: 'label_shadow' - Use CSS text-shadow instead.
2026-05-08 20:06:47,526 [INFO] [MainThread] [root/service.py:52]: AudioOutputService starting...
2026-05-08 20:06:47,722 [INFO] [MainThread] [root/bar_manager.py:102]: Starting SystemEventListener...
2026-05-08 20:06:47,723 [INFO] [MainThread] [root/watcher.py:65]: Watching directory: c:\users\mathe\.config\yasb
2026-05-08 20:06:47,724 [INFO] [MainThread] [root/watcher.py:104]: Created file watcher
2026-05-08 20:06:47,743 [INFO] [MainThread] [root/update_service.py:434]: Background update checker started
2026-05-08 20:07:28,358 [WARNING] [MainThread] [deprecation/deprecation.py:133]: [DEPRECATED] BarAlignment: 'center' - Use 'align' instead.
2026-05-08 20:07:28,358 [INFO] [MainThread] [root/controller.py:21]: Reloading Application because of config change.
2026-05-08 20:07:28,472 [INFO] [MainThread] [cli_server/cli_server.py:114]: Log pipe server stopped
2026-05-08 20:07:28,476 [INFO] [MainThread] [root/bar_manager.py:92]: Successfully loaded updated config and re-initialised all bars.
2026-05-08 20:07:28,536 [INFO] [MainThread] [root/bar_manager.py:118]: Stopping SystemEventListener...
2026-05-08 20:07:28,916 [INFO] [MainThread] [root/log.py:104]: YASB v2.0.0
2026-05-08 20:07:28,917 [INFO] [CLIPipeServer] [cli_server/cli_server.py:216]: CLI server started v1.1.7
2026-05-08 20:07:28,917 [INFO] [MainThread] [cli_server/cli_server.py:106]: Log pipe server started
2026-05-08 20:07:28,945 [WARNING] [MainThread] [deprecation/deprecation.py:133]: [DEPRECATED] BarAlignment: 'center' - Use 'align' instead.
2026-05-08 20:07:28,979 [WARNING] [MainThread] [deprecation/deprecation.py:133]: [DEPRECATED] GlazewmWorkspacesConfig: 'hide_empty_workspaces' - No longer supported and can be removed from the config.
2026-05-08 20:07:29,029 [WARNING] [MainThread] [deprecation/deprecation.py:133]: [DEPRECATED] MediaWidgetConfig: 'label_shadow' - Use CSS text-shadow instead.
2026-05-08 20:07:29,294 [INFO] [MainThread] [root/service.py:52]: AudioOutputService starting...
2026-05-08 20:07:29,516 [INFO] [MainThread] [root/bar_manager.py:102]: Starting SystemEventListener...
2026-05-08 20:07:29,517 [INFO] [MainThread] [root/watcher.py:65]: Watching directory: c:\users\mathe\.config\yasb
2026-05-08 20:07:29,517 [INFO] [MainThread] [root/watcher.py:104]: Created file watcher
2026-05-08 20:07:29,537 [INFO] [MainThread] [root/update_service.py:434]: Background update checker started
2026-05-08 20:10:50,586 [WARNING] [MainThread] [deprecation/deprecation.py:133]: [DEPRECATED] BarAlignment: 'center' - Use 'align' instead.
2026-05-08 20:10:50,586 [INFO] [MainThread] [root/controller.py:21]: Reloading Application because of config change.
2026-05-08 20:10:50,700 [INFO] [MainThread] [cli_server/cli_server.py:114]: Log pipe server stopped
2026-05-08 20:10:50,704 [INFO] [MainThread] [root/bar_manager.py:92]: Successfully loaded updated config and re-initialised all bars.
2026-05-08 20:10:50,787 [INFO] [MainThread] [root/bar_manager.py:118]: Stopping SystemEventListener...
2026-05-08 20:10:51,158 [INFO] [MainThread] [root/log.py:104]: YASB v2.0.0
2026-05-08 20:10:51,159 [INFO] [CLIPipeServer] [cli_server/cli_server.py:216]: CLI server started v1.1.7
2026-05-08 20:10:51,159 [INFO] [MainThread] [cli_server/cli_server.py:106]: Log pipe server started
2026-05-08 20:10:51,187 [WARNING] [MainThread] [deprecation/deprecation.py:133]: [DEPRECATED] BarAlignment: 'center' - Use 'align' instead.
2026-05-08 20:10:51,220 [WARNING] [MainThread] [deprecation/deprecation.py:133]: [DEPRECATED] GlazewmWorkspacesConfig: 'hide_empty_workspaces' - No longer supported and can be removed from the config.
2026-05-08 20:10:51,272 [WARNING] [MainThread] [deprecation/deprecation.py:133]: [DEPRECATED] MediaWidgetConfig: 'label_shadow' - Use CSS text-shadow instead.
2026-05-08 20:10:51,528 [INFO] [MainThread] [root/service.py:52]: AudioOutputService starting...
2026-05-08 20:10:51,767 [INFO] [MainThread] [root/watcher.py:65]: Watching directory: c:\users\mathe\.config\yasb
2026-05-08 20:10:51,767 [INFO] [MainThread] [root/watcher.py:104]: Created file watcher
2026-05-08 20:10:51,786 [INFO] [MainThread] [root/update_service.py:434]: Background update checker started
2026-05-08 20:11:00,947 [WARNING] [MainThread] [deprecation/deprecation.py:133]: [DEPRECATED] BarAlignment: 'center' - Use 'align' instead.
2026-05-08 20:11:00,948 [INFO] [MainThread] [root/controller.py:21]: Reloading Application because of config change.
2026-05-08 20:11:01,057 [INFO] [MainThread] [cli_server/cli_server.py:114]: Log pipe server stopped
2026-05-08 20:11:01,061 [INFO] [MainThread] [root/bar_manager.py:92]: Successfully loaded updated config and re-initialised all bars.
2026-05-08 20:11:01,508 [INFO] [MainThread] [root/log.py:104]: YASB v2.0.0
2026-05-08 20:11:01,509 [INFO] [CLIPipeServer] [cli_server/cli_server.py:216]: CLI server started v1.1.7
2026-05-08 20:11:01,509 [INFO] [MainThread] [cli_server/cli_server.py:106]: Log pipe server started
2026-05-08 20:11:01,537 [WARNING] [MainThread] [deprecation/deprecation.py:133]: [DEPRECATED] BarAlignment: 'center' - Use 'align' instead.
2026-05-08 20:11:01,569 [WARNING] [MainThread] [deprecation/deprecation.py:133]: [DEPRECATED] GlazewmWorkspacesConfig: 'hide_empty_workspaces' - No longer supported and can be removed from the config.
2026-05-08 20:11:01,851 [WARNING] [MainThread] [deprecation/deprecation.py:133]: [DEPRECATED] MediaWidgetConfig: 'label_shadow' - Use CSS text-shadow instead.
2026-05-08 20:11:01,874 [INFO] [MainThread] [root/service.py:52]: AudioOutputService starting...
2026-05-08 20:11:02,116 [INFO] [MainThread] [root/bar_manager.py:102]: Starting SystemEventListener...
2026-05-08 20:11:02,117 [INFO] [MainThread] [root/watcher.py:65]: Watching directory: c:\users\mathe\.config\yasb
2026-05-08 20:11:02,117 [INFO] [MainThread] [root/watcher.py:104]: Created file watcher
2026-05-08 20:11:02,134 [INFO] [MainThread] [root/update_service.py:434]: Background update checker started
2026-05-08 20:11:05,806 [WARNING] [MainThread] [deprecation/deprecation.py:133]: [DEPRECATED] BarAlignment: 'center' - Use 'align' instead.
2026-05-08 20:11:05,807 [INFO] [MainThread] [root/controller.py:21]: Reloading Application because of config change.
2026-05-08 20:11:05,919 [INFO] [MainThread] [cli_server/cli_server.py:114]: Log pipe server stopped
2026-05-08 20:11:05,923 [INFO] [MainThread] [root/bar_manager.py:92]: Successfully loaded updated config and re-initialised all bars.
2026-05-08 20:11:06,004 [INFO] [MainThread] [root/bar_manager.py:118]: Stopping SystemEventListener...
2026-05-08 20:11:06,368 [INFO] [MainThread] [root/log.py:104]: YASB v2.0.0
2026-05-08 20:11:06,369 [INFO] [CLIPipeServer] [cli_server/cli_server.py:216]: CLI server started v1.1.7
2026-05-08 20:11:06,369 [INFO] [MainThread] [cli_server/cli_server.py:106]: Log pipe server started
2026-05-08 20:11:06,397 [WARNING] [MainThread] [deprecation/deprecation.py:133]: [DEPRECATED] BarAlignment: 'center' - Use 'align' instead.
2026-05-08 20:11:06,428 [WARNING] [MainThread] [deprecation/deprecation.py:133]: [DEPRECATED] GlazewmWorkspacesConfig: 'hide_empty_workspaces' - No longer supported and can be removed from the config.
2026-05-08 20:11:06,708 [WARNING] [MainThread] [deprecation/deprecation.py:133]: [DEPRECATED] MediaWidgetConfig: 'label_shadow' - Use CSS text-shadow instead.
2026-05-08 20:11:06,731 [INFO] [MainThread] [root/service.py:52]: AudioOutputService starting...
2026-05-08 20:11:06,952 [INFO] [MainThread] [root/bar_manager.py:102]: Starting SystemEventListener...
2026-05-08 20:11:06,953 [INFO] [MainThread] [root/watcher.py:65]: Watching directory: c:\users\mathe\.config\yasb
2026-05-08 20:11:06,954 [INFO] [MainThread] [root/watcher.py:104]: Created file watcher
2026-05-08 20:11:06,970 [INFO] [MainThread] [root/update_service.py:434]: Background update checker started
2026-05-08 20:15:01,757 [WARNING] [MainThread] [deprecation/deprecation.py:133]: [DEPRECATED] BarAlignment: 'center' - Use 'align' instead.
2026-05-08 20:15:01,757 [INFO] [MainThread] [root/controller.py:21]: Reloading Application because of config change.
2026-05-08 20:15:01,863 [INFO] [MainThread] [cli_server/cli_server.py:114]: Log pipe server stopped
2026-05-08 20:15:01,867 [INFO] [MainThread] [root/bar_manager.py:92]: Successfully loaded updated config and re-initialised all bars.
2026-05-08 20:15:01,944 [INFO] [MainThread] [root/bar_manager.py:118]: Stopping SystemEventListener...
2026-05-08 20:15:02,298 [INFO] [MainThread] [root/log.py:104]: YASB v2.0.0
2026-05-08 20:15:02,299 [INFO] [CLIPipeServer] [cli_server/cli_server.py:216]: CLI server started v1.1.7
2026-05-08 20:15:02,299 [INFO] [MainThread] [cli_server/cli_server.py:106]: Log pipe server started
2026-05-08 20:15:02,327 [WARNING] [MainThread] [deprecation/deprecation.py:133]: [DEPRECATED] BarAlignment: 'center' - Use 'align' instead.
2026-05-08 20:15:02,359 [WARNING] [MainThread] [deprecation/deprecation.py:133]: [DEPRECATED] GlazewmWorkspacesConfig: 'hide_empty_workspaces' - No longer supported and can be removed from the config.
2026-05-08 20:15:02,644 [WARNING] [MainThread] [deprecation/deprecation.py:133]: [DEPRECATED] MediaWidgetConfig: 'label_shadow' - Use CSS text-shadow instead.
2026-05-08 20:15:02,666 [INFO] [MainThread] [root/service.py:52]: AudioOutputService starting...
2026-05-08 20:15:02,867 [INFO] [MainThread] [root/bar_manager.py:102]: Starting SystemEventListener...
2026-05-08 20:15:02,869 [INFO] [MainThread] [root/watcher.py:65]: Watching directory: c:\users\mathe\.config\yasb
2026-05-08 20:15:02,869 [INFO] [MainThread] [root/watcher.py:104]: Created file watcher
2026-05-08 20:15:02,889 [INFO] [MainThread] [root/update_service.py:434]: Background update checker started
2026-05-08 20:15:44,644 [WARNING] [MainThread] [deprecation/deprecation.py:133]: [DEPRECATED] BarAlignment: 'center' - Use 'align' instead.
2026-05-08 20:15:44,644 [INFO] [MainThread] [root/controller.py:21]: Reloading Application because of config change.
2026-05-08 20:15:44,758 [INFO] [MainThread] [cli_server/cli_server.py:114]: Log pipe server stopped
2026-05-08 20:15:44,762 [INFO] [MainThread] [root/bar_manager.py:92]: Successfully loaded updated config and re-initialised all bars.
2026-05-08 20:15:44,838 [INFO] [MainThread] [root/bar_manager.py:118]: Stopping SystemEventListener...
2026-05-08 20:15:45,185 [INFO] [MainThread] [root/log.py:104]: YASB v2.0.0
2026-05-08 20:15:45,185 [INFO] [CLIPipeServer] [cli_server/cli_server.py:216]: CLI server started v1.1.7
2026-05-08 20:15:45,186 [INFO] [MainThread] [cli_server/cli_server.py:106]: Log pipe server started
2026-05-08 20:15:45,214 [WARNING] [MainThread] [deprecation/deprecation.py:133]: [DEPRECATED] BarAlignment: 'center' - Use 'align' instead.
2026-05-08 20:15:45,245 [WARNING] [MainThread] [deprecation/deprecation.py:133]: [DEPRECATED] GlazewmWorkspacesConfig: 'hide_empty_workspaces' - No longer supported and can be removed from the config.
2026-05-08 20:15:45,523 [WARNING] [MainThread] [deprecation/deprecation.py:133]: [DEPRECATED] MediaWidgetConfig: 'label_shadow' - Use CSS text-shadow instead.
2026-05-08 20:15:45,546 [INFO] [MainThread] [root/service.py:52]: AudioOutputService starting...
2026-05-08 20:15:45,753 [INFO] [MainThread] [root/bar_manager.py:102]: Starting SystemEventListener...
2026-05-08 20:15:45,754 [INFO] [MainThread] [root/watcher.py:65]: Watching directory: c:\users\mathe\.config\yasb
2026-05-08 20:15:45,754 [INFO] [MainThread] [root/watcher.py:104]: Created file watcher
2026-05-08 20:15:45,772 [INFO] [MainThread] [root/update_service.py:434]: Background update checker started
2026-05-08 20:19:12,767 [WARNING] [MainThread] [deprecation/deprecation.py:133]: [DEPRECATED] BarAlignment: 'center' - Use 'align' instead.
2026-05-08 20:19:12,767 [INFO] [MainThread] [root/controller.py:21]: Reloading Application because of config change.
2026-05-08 20:19:12,881 [INFO] [MainThread] [cli_server/cli_server.py:114]: Log pipe server stopped
2026-05-08 20:19:12,885 [INFO] [MainThread] [root/bar_manager.py:92]: Successfully loaded updated config and re-initialised all bars.
2026-05-08 20:19:12,963 [INFO] [MainThread] [root/bar_manager.py:118]: Stopping SystemEventListener...
2026-05-08 20:19:13,313 [INFO] [MainThread] [root/log.py:104]: YASB v2.0.0
2026-05-08 20:19:13,314 [INFO] [CLIPipeServer] [cli_server/cli_server.py:216]: CLI server started v1.1.7
2026-05-08 20:19:13,314 [INFO] [MainThread] [cli_server/cli_server.py:106]: Log pipe server started
2026-05-08 20:19:13,341 [WARNING] [MainThread] [deprecation/deprecation.py:133]: [DEPRECATED] BarAlignment: 'center' - Use 'align' instead.
2026-05-08 20:19:13,373 [WARNING] [MainThread] [deprecation/deprecation.py:133]: [DEPRECATED] GlazewmWorkspacesConfig: 'hide_empty_workspaces' - No longer supported and can be removed from the config.
2026-05-08 20:19:13,673 [INFO] [MainThread] [root/service.py:52]: AudioOutputService starting...
2026-05-08 20:19:13,876 [INFO] [MainThread] [root/bar_manager.py:102]: Starting SystemEventListener...
2026-05-08 20:19:13,877 [INFO] [MainThread] [root/watcher.py:65]: Watching directory: c:\users\mathe\.config\yasb
2026-05-08 20:19:13,878 [INFO] [MainThread] [root/watcher.py:104]: Created file watcher
2026-05-08 20:19:13,898 [INFO] [MainThread] [root/update_service.py:434]: Background update checker started
2026-05-08 20:19:22,652 [WARNING] [MainThread] [deprecation/deprecation.py:133]: [DEPRECATED] BarAlignment: 'center' - Use 'align' instead.
2026-05-08 20:19:22,653 [INFO] [MainThread] [root/controller.py:21]: Reloading Application because of config change.
2026-05-08 20:19:22,763 [INFO] [MainThread] [cli_server/cli_server.py:114]: Log pipe server stopped
2026-05-08 20:19:22,767 [INFO] [MainThread] [root/bar_manager.py:92]: Successfully loaded updated config and re-initialised all bars.
2026-05-08 20:19:22,837 [INFO] [MainThread] [root/bar_manager.py:118]: Stopping SystemEventListener...
2026-05-08 20:19:23,187 [INFO] [MainThread] [root/log.py:104]: YASB v2.0.0
2026-05-08 20:19:23,187 [INFO] [CLIPipeServer] [cli_server/cli_server.py:216]: CLI server started v1.1.7
2026-05-08 20:19:23,188 [INFO] [MainThread] [cli_server/cli_server.py:106]: Log pipe server started
2026-05-08 20:19:23,216 [WARNING] [MainThread] [deprecation/deprecation.py:133]: [DEPRECATED] BarAlignment: 'center' - Use 'align' instead.
2026-05-08 20:19:23,248 [WARNING] [MainThread] [deprecation/deprecation.py:133]: [DEPRECATED] GlazewmWorkspacesConfig: 'hide_empty_workspaces' - No longer supported and can be removed from the config.
2026-05-08 20:19:23,531 [WARNING] [MainThread] [deprecation/deprecation.py:133]: [DEPRECATED] MediaWidgetConfig: 'label_shadow' - Use CSS text-shadow instead.
2026-05-08 20:19:23,554 [INFO] [MainThread] [root/service.py:52]: AudioOutputService starting...
2026-05-08 20:19:23,749 [INFO] [MainThread] [root/bar_manager.py:102]: Starting SystemEventListener...
2026-05-08 20:19:23,751 [INFO] [MainThread] [root/watcher.py:65]: Watching directory: c:\users\mathe\.config\yasb
2026-05-08 20:19:23,752 [INFO] [MainThread] [root/watcher.py:104]: Created file watcher
2026-05-08 20:19:23,769 [INFO] [MainThread] [root/update_service.py:434]: Background update checker started
2026-05-08 20:19:40,428 [WARNING] [MainThread] [deprecation/deprecation.py:133]: [DEPRECATED] BarAlignment: 'center' - Use 'align' instead.
2026-05-08 20:19:40,429 [INFO] [MainThread] [root/controller.py:21]: Reloading Application because of config change.
2026-05-08 20:19:40,543 [INFO] [MainThread] [cli_server/cli_server.py:114]: Log pipe server stopped
2026-05-08 20:19:40,547 [INFO] [MainThread] [root/bar_manager.py:92]: Successfully loaded updated config and re-initialised all bars.
2026-05-08 20:19:40,618 [INFO] [MainThread] [root/bar_manager.py:118]: Stopping SystemEventListener...
2026-05-08 20:19:40,967 [INFO] [MainThread] [root/log.py:104]: YASB v2.0.0
2026-05-08 20:19:40,968 [INFO] [CLIPipeServer] [cli_server/cli_server.py:216]: CLI server started v1.1.7
2026-05-08 20:19:40,968 [INFO] [MainThread] [cli_server/cli_server.py:106]: Log pipe server started
2026-05-08 20:19:40,997 [WARNING] [MainThread] [deprecation/deprecation.py:133]: [DEPRECATED] BarAlignment: 'center' - Use 'align' instead.
2026-05-08 20:19:41,029 [WARNING] [MainThread] [deprecation/deprecation.py:133]: [DEPRECATED] GlazewmWorkspacesConfig: 'hide_empty_workspaces' - No longer supported and can be removed from the config.
2026-05-08 20:19:41,311 [WARNING] [MainThread] [deprecation/deprecation.py:133]: [DEPRECATED] MediaWidgetConfig: 'label_shadow' - Use CSS text-shadow instead.
2026-05-08 20:19:41,334 [INFO] [MainThread] [root/service.py:52]: AudioOutputService starting...
2026-05-08 20:19:41,533 [INFO] [MainThread] [root/bar_manager.py:102]: Starting SystemEventListener...
2026-05-08 20:19:41,534 [INFO] [MainThread] [root/watcher.py:65]: Watching directory: c:\users\mathe\.config\yasb
2026-05-08 20:19:41,535 [INFO] [MainThread] [root/watcher.py:104]: Created file watcher
2026-05-08 20:19:41,553 [INFO] [MainThread] [root/update_service.py:434]: Background update checker started
2026-05-08 20:19:58,034 [WARNING] [MainThread] [deprecation/deprecation.py:133]: [DEPRECATED] BarAlignment: 'center' - Use 'align' instead.
2026-05-08 20:19:58,035 [INFO] [MainThread] [root/controller.py:21]: Reloading Application because of config change.
2026-05-08 20:19:58,150 [INFO] [MainThread] [cli_server/cli_server.py:114]: Log pipe server stopped
2026-05-08 20:19:58,154 [INFO] [MainThread] [root/bar_manager.py:92]: Successfully loaded updated config and re-initialised all bars.
2026-05-08 20:19:58,226 [INFO] [MainThread] [root/bar_manager.py:118]: Stopping SystemEventListener...
2026-05-08 20:19:58,584 [INFO] [MainThread] [root/log.py:104]: YASB v2.0.0
2026-05-08 20:19:58,585 [INFO] [CLIPipeServer] [cli_server/cli_server.py:216]: CLI server started v1.1.7
2026-05-08 20:19:58,585 [INFO] [MainThread] [cli_server/cli_server.py:106]: Log pipe server started
2026-05-08 20:19:58,614 [WARNING] [MainThread] [deprecation/deprecation.py:133]: [DEPRECATED] BarAlignment: 'center' - Use 'align' instead.
2026-05-08 20:19:58,647 [WARNING] [MainThread] [deprecation/deprecation.py:133]: [DEPRECATED] GlazewmWorkspacesConfig: 'hide_empty_workspaces' - No longer supported and can be removed from the config.
2026-05-08 20:19:58,927 [WARNING] [MainThread] [deprecation/deprecation.py:133]: [DEPRECATED] MediaWidgetConfig: 'label_shadow' - Use CSS text-shadow instead.
2026-05-08 20:19:58,951 [INFO] [MainThread] [root/service.py:52]: AudioOutputService starting...
2026-05-08 20:19:59,151 [INFO] [MainThread] [root/bar_manager.py:102]: Starting SystemEventListener...
2026-05-08 20:19:59,152 [INFO] [MainThread] [root/watcher.py:65]: Watching directory: c:\users\mathe\.config\yasb
2026-05-08 20:19:59,152 [INFO] [MainThread] [root/watcher.py:104]: Created file watcher
2026-05-08 20:19:59,170 [INFO] [MainThread] [root/update_service.py:434]: Background update checker started
2026-05-08 20:22:36,261 [WARNING] [MainThread] [deprecation/deprecation.py:133]: [DEPRECATED] BarAlignment: 'center' - Use 'align' instead.
2026-05-08 20:22:36,262 [INFO] [MainThread] [root/controller.py:21]: Reloading Application because of config change.
2026-05-08 20:22:36,377 [INFO] [MainThread] [cli_server/cli_server.py:114]: Log pipe server stopped
2026-05-08 20:22:36,380 [INFO] [MainThread] [root/bar_manager.py:92]: Successfully loaded updated config and re-initialised all bars.
2026-05-08 20:22:36,456 [INFO] [MainThread] [root/bar_manager.py:118]: Stopping SystemEventListener...
2026-05-08 20:22:36,806 [INFO] [MainThread] [root/log.py:104]: YASB v2.0.0
2026-05-08 20:22:36,807 [INFO] [CLIPipeServer] [cli_server/cli_server.py:216]: CLI server started v1.1.7
2026-05-08 20:22:36,807 [INFO] [MainThread] [cli_server/cli_server.py:106]: Log pipe server started
2026-05-08 20:22:36,836 [WARNING] [MainThread] [deprecation/deprecation.py:133]: [DEPRECATED] BarAlignment: 'center' - Use 'align' instead.
2026-05-08 20:22:36,867 [WARNING] [MainThread] [deprecation/deprecation.py:133]: [DEPRECATED] GlazewmWorkspacesConfig: 'hide_empty_workspaces' - No longer supported and can be removed from the config.
2026-05-08 20:22:37,148 [WARNING] [MainThread] [deprecation/deprecation.py:133]: [DEPRECATED] MediaWidgetConfig: 'label_shadow' - Use CSS text-shadow instead.
2026-05-08 20:22:37,172 [INFO] [MainThread] [root/service.py:52]: AudioOutputService starting...
2026-05-08 20:22:37,380 [INFO] [MainThread] [root/bar_manager.py:102]: Starting SystemEventListener...
2026-05-08 20:22:37,381 [INFO] [MainThread] [root/watcher.py:65]: Watching directory: c:\users\mathe\.config\yasb
2026-05-08 20:22:37,381 [INFO] [MainThread] [root/watcher.py:104]: Created file watcher
2026-05-08 20:22:37,402 [INFO] [MainThread] [root/update_service.py:434]: Background update checker started
2026-05-08 20:28:59,285 [INFO] [CLIPipeServer] [cli_server/cli_server.py:257]: CLI server received command: stop
2026-05-08 20:28:59,285 [INFO] [CLIPipeServer] [root/controller.py:43]: Exiting Application from CLI...
2026-05-08 20:28:59,391 [INFO] [CLIPipeServer] [cli_server/cli_server.py:114]: Log pipe server stopped
2026-05-08 20:28:59,449 [INFO] [MainThread] [root/bar_manager.py:118]: Stopping SystemEventListener...
2026-05-08 20:29:02,009 [INFO] [MainThread] [root/log.py:104]: YASB v2.0.0
2026-05-08 20:29:02,009 [INFO] [CLIPipeServer] [cli_server/cli_server.py:216]: CLI server started v1.1.7
2026-05-08 20:29:02,009 [INFO] [MainThread] [cli_server/cli_server.py:106]: Log pipe server started
2026-05-08 20:29:02,038 [WARNING] [MainThread] [deprecation/deprecation.py:133]: [DEPRECATED] BarAlignment: 'center' - Use 'align' instead.
2026-05-08 20:29:02,071 [WARNING] [MainThread] [deprecation/deprecation.py:133]: [DEPRECATED] GlazewmWorkspacesConfig: 'hide_empty_workspaces' - No longer supported and can be removed from the config.
2026-05-08 20:29:02,346 [WARNING] [MainThread] [deprecation/deprecation.py:133]: [DEPRECATED] MediaWidgetConfig: 'label_shadow' - Use CSS text-shadow instead.
2026-05-08 20:29:02,369 [INFO] [MainThread] [root/service.py:52]: AudioOutputService starting...
2026-05-08 20:29:02,575 [INFO] [MainThread] [root/bar_manager.py:102]: Starting SystemEventListener...
2026-05-08 20:29:02,577 [INFO] [MainThread] [root/watcher.py:65]: Watching directory: c:\users\mathe\.config\yasb
2026-05-08 20:29:02,577 [INFO] [MainThread] [root/watcher.py:104]: Created file watcher
2026-05-08 20:29:02,602 [INFO] [MainThread] [root/update_service.py:434]: Background update checker started
2026-05-08 20:29:47,444 [WARNING] [MainThread] [deprecation/deprecation.py:133]: [DEPRECATED] BarAlignment: 'center' - Use 'align' instead.
2026-05-08 20:29:47,444 [INFO] [MainThread] [root/controller.py:21]: Reloading Application because of config change.
2026-05-08 20:29:47,546 [INFO] [MainThread] [cli_server/cli_server.py:114]: Log pipe server stopped
2026-05-08 20:29:47,550 [INFO] [MainThread] [root/bar_manager.py:92]: Successfully loaded updated config and re-initialised all bars.
2026-05-08 20:29:47,614 [INFO] [MainThread] [root/bar_manager.py:118]: Stopping SystemEventListener...
2026-05-08 20:29:47,972 [INFO] [MainThread] [root/log.py:104]: YASB v2.0.0
2026-05-08 20:29:47,972 [INFO] [CLIPipeServer] [cli_server/cli_server.py:216]: CLI server started v1.1.7
2026-05-08 20:29:47,972 [INFO] [MainThread] [cli_server/cli_server.py:106]: Log pipe server started
2026-05-08 20:29:48,000 [WARNING] [MainThread] [deprecation/deprecation.py:133]: [DEPRECATED] BarAlignment: 'center' - Use 'align' instead.
2026-05-08 20:29:48,031 [WARNING] [MainThread] [deprecation/deprecation.py:133]: [DEPRECATED] GlazewmWorkspacesConfig: 'hide_empty_workspaces' - No longer supported and can be removed from the config.
2026-05-08 20:29:48,334 [INFO] [MainThread] [root/service.py:52]: AudioOutputService starting...
2026-05-08 20:29:48,371 [INFO] [MainThread] [root/service.py:41]: AudioInputService starting...
2026-05-08 20:29:48,634 [INFO] [MainThread] [root/bar_manager.py:102]: Starting SystemEventListener...
2026-05-08 20:29:48,634 [ERROR] [MainThread] [root/widget_builder.py:114]: Failed to validate widget(s) due to invalid options  - power_menu
      buttons:
        cancel:
        - Field required
      
2026-05-08 20:29:48,658 [INFO] [MainThread] [root/watcher.py:65]: Watching directory: c:\users\mathe\.config\yasb
2026-05-08 20:29:48,658 [INFO] [MainThread] [root/watcher.py:104]: Created file watcher
2026-05-08 20:29:48,673 [INFO] [MainThread] [root/update_service.py:434]: Background update checker started
2026-05-08 20:30:15,415 [WARNING] [MainThread] [deprecation/deprecation.py:133]: [DEPRECATED] BarAlignment: 'center' - Use 'align' instead.
2026-05-08 20:30:15,416 [INFO] [MainThread] [root/controller.py:21]: Reloading Application because of config change.
2026-05-08 20:30:15,529 [INFO] [MainThread] [cli_server/cli_server.py:114]: Log pipe server stopped
2026-05-08 20:30:15,532 [INFO] [MainThread] [root/bar_manager.py:92]: Successfully loaded updated config and re-initialised all bars.
2026-05-08 20:30:15,596 [INFO] [MainThread] [root/bar_manager.py:118]: Stopping SystemEventListener...
2026-05-08 20:30:15,962 [INFO] [MainThread] [root/log.py:104]: YASB v2.0.0
2026-05-08 20:30:15,962 [INFO] [CLIPipeServer] [cli_server/cli_server.py:216]: CLI server started v1.1.7
2026-05-08 20:30:15,962 [INFO] [MainThread] [cli_server/cli_server.py:106]: Log pipe server started
2026-05-08 20:30:15,989 [WARNING] [MainThread] [deprecation/deprecation.py:133]: [DEPRECATED] BarAlignment: 'center' - Use 'align' instead.
2026-05-08 20:30:16,021 [WARNING] [MainThread] [deprecation/deprecation.py:133]: [DEPRECATED] GlazewmWorkspacesConfig: 'hide_empty_workspaces' - No longer supported and can be removed from the config.
2026-05-08 20:30:16,319 [INFO] [MainThread] [root/service.py:52]: AudioOutputService starting...
2026-05-08 20:30:16,357 [INFO] [MainThread] [root/service.py:41]: AudioInputService starting...
2026-05-08 20:30:16,622 [INFO] [MainThread] [root/bar_manager.py:102]: Starting SystemEventListener...
2026-05-08 20:30:16,623 [ERROR] [MainThread] [root/widget_builder.py:114]: Failed to validate widget(s) due to invalid options  - power_menu
      buttons:
        cancel:
        - Field required
      
2026-05-08 20:30:16,644 [INFO] [MainThread] [root/watcher.py:65]: Watching directory: c:\users\mathe\.config\yasb
2026-05-08 20:30:16,644 [INFO] [MainThread] [root/watcher.py:104]: Created file watcher
2026-05-08 20:30:16,655 [INFO] [MainThread] [root/update_service.py:434]: Background update checker started
2026-05-08 20:30:27,381 [WARNING] [MainThread] [deprecation/deprecation.py:133]: [DEPRECATED] BarAlignment: 'center' - Use 'align' instead.
2026-05-08 20:30:27,381 [INFO] [MainThread] [root/controller.py:21]: Reloading Application because of config change.
2026-05-08 20:30:27,496 [INFO] [MainThread] [cli_server/cli_server.py:114]: Log pipe server stopped
2026-05-08 20:30:27,499 [INFO] [MainThread] [root/bar_manager.py:92]: Successfully loaded updated config and re-initialised all bars.
2026-05-08 20:30:27,563 [INFO] [MainThread] [root/bar_manager.py:118]: Stopping SystemEventListener...
2026-05-08 20:30:27,926 [INFO] [MainThread] [root/log.py:104]: YASB v2.0.0
2026-05-08 20:30:27,926 [INFO] [CLIPipeServer] [cli_server/cli_server.py:216]: CLI server started v1.1.7
2026-05-08 20:30:27,927 [INFO] [MainThread] [cli_server/cli_server.py:106]: Log pipe server started
2026-05-08 20:30:27,955 [WARNING] [MainThread] [deprecation/deprecation.py:133]: [DEPRECATED] BarAlignment: 'center' - Use 'align' instead.
2026-05-08 20:30:27,987 [WARNING] [MainThread] [deprecation/deprecation.py:133]: [DEPRECATED] GlazewmWorkspacesConfig: 'hide_empty_workspaces' - No longer supported and can be removed from the config.
2026-05-08 20:30:28,292 [INFO] [MainThread] [root/service.py:52]: AudioOutputService starting...
2026-05-08 20:30:28,329 [INFO] [MainThread] [root/service.py:41]: AudioInputService starting...
2026-05-08 20:30:28,597 [INFO] [MainThread] [root/bar_manager.py:102]: Starting SystemEventListener...
2026-05-08 20:30:28,598 [INFO] [MainThread] [root/watcher.py:65]: Watching directory: c:\users\mathe\.config\yasb
2026-05-08 20:30:28,599 [INFO] [MainThread] [root/watcher.py:104]: Created file watcher
2026-05-08 20:30:28,620 [INFO] [MainThread] [root/update_service.py:434]: Background update checker started
2026-05-08 20:30:58,594 [WARNING] [MainThread] [deprecation/deprecation.py:133]: [DEPRECATED] BarAlignment: 'center' - Use 'align' instead.
2026-05-08 20:30:58,595 [INFO] [MainThread] [root/controller.py:21]: Reloading Application because of config change.
2026-05-08 20:30:58,700 [INFO] [MainThread] [cli_server/cli_server.py:114]: Log pipe server stopped
2026-05-08 20:30:58,704 [INFO] [MainThread] [root/bar_manager.py:92]: Successfully loaded updated config and re-initialised all bars.
2026-05-08 20:30:58,786 [INFO] [MainThread] [root/bar_manager.py:118]: Stopping SystemEventListener...
2026-05-08 20:30:59,131 [INFO] [MainThread] [root/log.py:104]: YASB v2.0.0
2026-05-08 20:30:59,132 [INFO] [CLIPipeServer] [cli_server/cli_server.py:216]: CLI server started v1.1.7
2026-05-08 20:30:59,132 [INFO] [MainThread] [cli_server/cli_server.py:106]: Log pipe server started
2026-05-08 20:30:59,161 [WARNING] [MainThread] [deprecation/deprecation.py:133]: [DEPRECATED] BarAlignment: 'center' - Use 'align' instead.
2026-05-08 20:30:59,189 [WARNING] [MainThread] [deprecation/deprecation.py:133]: [DEPRECATED] GlazewmWorkspacesConfig: 'hide_empty_workspaces' - No longer supported and can be removed from the config.
2026-05-08 20:30:59,473 [WARNING] [MainThread] [deprecation/deprecation.py:133]: [DEPRECATED] MediaWidgetConfig: 'label_shadow' - Use CSS text-shadow instead.
2026-05-08 20:30:59,497 [INFO] [MainThread] [root/service.py:52]: AudioOutputService starting...
2026-05-08 20:30:59,692 [INFO] [MainThread] [root/bar_manager.py:102]: Starting SystemEventListener...
2026-05-08 20:30:59,694 [INFO] [MainThread] [root/watcher.py:65]: Watching directory: c:\users\mathe\.config\yasb
2026-05-08 20:30:59,694 [INFO] [MainThread] [root/watcher.py:104]: Created file watcher
2026-05-08 20:30:59,712 [INFO] [MainThread] [root/update_service.py:434]: Background update checker started
2026-05-08 20:35:41,171 [WARNING] [MainThread] [deprecation/deprecation.py:133]: [DEPRECATED] BarAlignment: 'center' - Use 'align' instead.
2026-05-08 20:35:41,171 [INFO] [MainThread] [root/controller.py:21]: Reloading Application because of config change.
2026-05-08 20:35:41,277 [INFO] [MainThread] [cli_server/cli_server.py:114]: Log pipe server stopped
2026-05-08 20:35:41,280 [INFO] [MainThread] [root/bar_manager.py:92]: Successfully loaded updated config and re-initialised all bars.
2026-05-08 20:35:41,350 [INFO] [MainThread] [root/bar_manager.py:118]: Stopping SystemEventListener...
2026-05-08 20:35:41,723 [INFO] [MainThread] [root/log.py:104]: YASB v2.0.0
2026-05-08 20:35:41,723 [INFO] [CLIPipeServer] [cli_server/cli_server.py:216]: CLI server started v1.1.7
2026-05-08 20:35:41,723 [INFO] [MainThread] [cli_server/cli_server.py:106]: Log pipe server started
2026-05-08 20:35:41,753 [WARNING] [MainThread] [deprecation/deprecation.py:133]: [DEPRECATED] BarAlignment: 'center' - Use 'align' instead.
2026-05-08 20:35:41,785 [WARNING] [MainThread] [deprecation/deprecation.py:133]: [DEPRECATED] GlazewmWorkspacesConfig: 'hide_empty_workspaces' - No longer supported and can be removed from the config.
2026-05-08 20:35:42,073 [WARNING] [MainThread] [deprecation/deprecation.py:133]: [DEPRECATED] MediaWidgetConfig: 'label_shadow' - Use CSS text-shadow instead.
2026-05-08 20:35:42,096 [INFO] [MainThread] [root/service.py:52]: AudioOutputService starting...
2026-05-08 20:35:42,296 [INFO] [MainThread] [root/bar_manager.py:102]: Starting SystemEventListener...
2026-05-08 20:35:42,297 [INFO] [MainThread] [root/watcher.py:65]: Watching directory: c:\users\mathe\.config\yasb
2026-05-08 20:35:42,297 [INFO] [MainThread] [root/watcher.py:104]: Created file watcher
2026-05-08 20:35:42,320 [INFO] [MainThread] [root/update_service.py:434]: Background update checker started
2026-05-08 20:36:55,500 [INFO] [CLIPipeServer] [cli_server/cli_server.py:257]: CLI server received command: stop
2026-05-08 20:36:55,500 [INFO] [CLIPipeServer] [root/controller.py:43]: Exiting Application from CLI...
2026-05-08 20:36:55,616 [INFO] [CLIPipeServer] [cli_server/cli_server.py:114]: Log pipe server stopped
2026-05-08 20:36:55,676 [INFO] [MainThread] [root/bar_manager.py:118]: Stopping SystemEventListener...
2026-05-08 20:36:57,178 [INFO] [MainThread] [root/log.py:104]: YASB v2.0.0
2026-05-08 20:36:57,178 [INFO] [CLIPipeServer] [cli_server/cli_server.py:216]: CLI server started v1.1.7
2026-05-08 20:36:57,178 [INFO] [MainThread] [cli_server/cli_server.py:106]: Log pipe server started
2026-05-08 20:36:57,207 [WARNING] [MainThread] [deprecation/deprecation.py:133]: [DEPRECATED] BarAlignment: 'center' - Use 'align' instead.
2026-05-08 20:36:57,238 [WARNING] [MainThread] [deprecation/deprecation.py:133]: [DEPRECATED] GlazewmWorkspacesConfig: 'hide_empty_workspaces' - No longer supported and can be removed from the config.
2026-05-08 20:36:57,521 [WARNING] [MainThread] [deprecation/deprecation.py:133]: [DEPRECATED] MediaWidgetConfig: 'label_shadow' - Use CSS text-shadow instead.
2026-05-08 20:36:57,543 [INFO] [MainThread] [root/service.py:52]: AudioOutputService starting...
2026-05-08 20:36:57,741 [INFO] [MainThread] [root/bar_manager.py:102]: Starting SystemEventListener...
2026-05-08 20:36:57,742 [INFO] [MainThread] [root/watcher.py:65]: Watching directory: c:\users\mathe\.config\yasb
2026-05-08 20:36:57,742 [INFO] [MainThread] [root/watcher.py:104]: Created file watcher
2026-05-08 20:36:57,762 [INFO] [MainThread] [root/update_service.py:434]: Background update checker started
2026-05-08 20:39:10,730 [WARNING] [MainThread] [deprecation/deprecation.py:133]: [DEPRECATED] BarAlignment: 'center' - Use 'align' instead.
2026-05-08 20:39:10,730 [INFO] [MainThread] [root/controller.py:21]: Reloading Application because of config change.
2026-05-08 20:39:10,843 [INFO] [MainThread] [cli_server/cli_server.py:114]: Log pipe server stopped
2026-05-08 20:39:10,847 [INFO] [MainThread] [root/bar_manager.py:92]: Successfully loaded updated config and re-initialised all bars.
2026-05-08 20:39:10,913 [INFO] [MainThread] [root/bar_manager.py:118]: Stopping SystemEventListener...
2026-05-08 20:39:11,278 [INFO] [MainThread] [root/log.py:104]: YASB v2.0.0
2026-05-08 20:39:11,278 [INFO] [CLIPipeServer] [cli_server/cli_server.py:216]: CLI server started v1.1.7
2026-05-08 20:39:11,279 [INFO] [MainThread] [cli_server/cli_server.py:106]: Log pipe server started
2026-05-08 20:39:11,309 [WARNING] [MainThread] [deprecation/deprecation.py:133]: [DEPRECATED] BarAlignment: 'center' - Use 'align' instead.
2026-05-08 20:39:11,340 [WARNING] [MainThread] [deprecation/deprecation.py:133]: [DEPRECATED] GlazewmWorkspacesConfig: 'hide_empty_workspaces' - No longer supported and can be removed from the config.
2026-05-08 20:39:11,625 [WARNING] [MainThread] [deprecation/deprecation.py:133]: [DEPRECATED] MediaWidgetConfig: 'label_shadow' - Use CSS text-shadow instead.
2026-05-08 20:39:11,648 [INFO] [MainThread] [root/service.py:52]: AudioOutputService starting...
2026-05-08 20:39:11,841 [INFO] [MainThread] [root/bar_manager.py:102]: Starting SystemEventListener...
2026-05-08 20:39:11,843 [INFO] [MainThread] [root/watcher.py:65]: Watching directory: c:\users\mathe\.config\yasb
2026-05-08 20:39:11,843 [INFO] [MainThread] [root/watcher.py:104]: Created file watcher
2026-05-08 20:39:11,865 [INFO] [MainThread] [root/update_service.py:434]: Background update checker started
2026-05-08 20:39:16,332 [WARNING] [MainThread] [deprecation/deprecation.py:133]: [DEPRECATED] BarAlignment: 'center' - Use 'align' instead.
2026-05-08 20:39:16,332 [INFO] [MainThread] [root/controller.py:21]: Reloading Application because of config change.
2026-05-08 20:39:16,434 [INFO] [MainThread] [cli_server/cli_server.py:114]: Log pipe server stopped
2026-05-08 20:39:16,438 [INFO] [MainThread] [root/bar_manager.py:92]: Successfully loaded updated config and re-initialised all bars.
2026-05-08 20:39:16,502 [INFO] [MainThread] [root/bar_manager.py:118]: Stopping SystemEventListener...
2026-05-08 20:39:16,861 [INFO] [MainThread] [root/log.py:104]: YASB v2.0.0
2026-05-08 20:39:16,862 [INFO] [CLIPipeServer] [cli_server/cli_server.py:216]: CLI server started v1.1.7
2026-05-08 20:39:16,862 [INFO] [MainThread] [cli_server/cli_server.py:106]: Log pipe server started
2026-05-08 20:39:16,891 [WARNING] [MainThread] [deprecation/deprecation.py:133]: [DEPRECATED] BarAlignment: 'center' - Use 'align' instead.
2026-05-08 20:39:16,923 [WARNING] [MainThread] [deprecation/deprecation.py:133]: [DEPRECATED] GlazewmWorkspacesConfig: 'hide_empty_workspaces' - No longer supported and can be removed from the config.
2026-05-08 20:39:17,204 [WARNING] [MainThread] [deprecation/deprecation.py:133]: [DEPRECATED] MediaWidgetConfig: 'label_shadow' - Use CSS text-shadow instead.
2026-05-08 20:39:17,227 [INFO] [MainThread] [root/service.py:52]: AudioOutputService starting...
2026-05-08 20:39:17,421 [INFO] [MainThread] [root/bar_manager.py:102]: Starting SystemEventListener...
2026-05-08 20:39:17,423 [INFO] [MainThread] [root/watcher.py:65]: Watching directory: c:\users\mathe\.config\yasb
2026-05-08 20:39:17,423 [INFO] [MainThread] [root/watcher.py:104]: Created file watcher
2026-05-08 20:39:17,441 [INFO] [MainThread] [root/update_service.py:434]: Background update checker started
2026-05-08 20:40:15,751 [WARNING] [MainThread] [deprecation/deprecation.py:133]: [DEPRECATED] BarAlignment: 'center' - Use 'align' instead.
2026-05-08 20:40:15,751 [INFO] [MainThread] [root/controller.py:21]: Reloading Application because of config change.
2026-05-08 20:40:15,857 [INFO] [MainThread] [cli_server/cli_server.py:114]: Log pipe server stopped
2026-05-08 20:40:15,861 [INFO] [MainThread] [root/bar_manager.py:92]: Successfully loaded updated config and re-initialised all bars.
2026-05-08 20:40:15,928 [INFO] [MainThread] [root/bar_manager.py:118]: Stopping SystemEventListener...
2026-05-08 20:40:16,297 [INFO] [MainThread] [root/log.py:104]: YASB v2.0.0
2026-05-08 20:40:16,298 [INFO] [CLIPipeServer] [cli_server/cli_server.py:216]: CLI server started v1.1.7
2026-05-08 20:40:16,298 [INFO] [MainThread] [cli_server/cli_server.py:106]: Log pipe server started
2026-05-08 20:40:16,328 [WARNING] [MainThread] [deprecation/deprecation.py:133]: [DEPRECATED] BarAlignment: 'center' - Use 'align' instead.
2026-05-08 20:40:16,358 [WARNING] [MainThread] [deprecation/deprecation.py:133]: [DEPRECATED] GlazewmWorkspacesConfig: 'hide_empty_workspaces' - No longer supported and can be removed from the config.
2026-05-08 20:40:16,657 [INFO] [MainThread] [root/service.py:52]: AudioOutputService starting...
2026-05-08 20:40:16,857 [INFO] [MainThread] [root/bar_manager.py:102]: Starting SystemEventListener...
2026-05-08 20:40:16,858 [INFO] [MainThread] [root/watcher.py:65]: Watching directory: c:\users\mathe\.config\yasb
2026-05-08 20:40:16,859 [INFO] [MainThread] [root/watcher.py:104]: Created file watcher
2026-05-08 20:40:16,879 [INFO] [MainThread] [root/update_service.py:434]: Background update checker started
2026-05-08 20:41:32,631 [INFO] [CLIPipeServer] [cli_server/cli_server.py:257]: CLI server received command: stop
2026-05-08 20:41:32,631 [INFO] [CLIPipeServer] [root/controller.py:43]: Exiting Application from CLI...
2026-05-08 20:41:32,735 [INFO] [CLIPipeServer] [cli_server/cli_server.py:114]: Log pipe server stopped
2026-05-08 20:41:32,796 [INFO] [MainThread] [root/bar_manager.py:118]: Stopping SystemEventListener...
2026-05-08 20:41:34,751 [INFO] [MainThread] [root/log.py:104]: YASB v2.0.0
2026-05-08 20:41:34,751 [INFO] [CLIPipeServer] [cli_server/cli_server.py:216]: CLI server started v1.1.7
2026-05-08 20:41:34,752 [INFO] [MainThread] [cli_server/cli_server.py:106]: Log pipe server started
2026-05-08 20:41:34,781 [WARNING] [MainThread] [deprecation/deprecation.py:133]: [DEPRECATED] BarAlignment: 'center' - Use 'align' instead.
2026-05-08 20:41:34,810 [WARNING] [MainThread] [deprecation/deprecation.py:133]: [DEPRECATED] GlazewmWorkspacesConfig: 'hide_empty_workspaces' - No longer supported and can be removed from the config.
2026-05-08 20:41:35,101 [INFO] [MainThread] [root/service.py:52]: AudioOutputService starting...
2026-05-08 20:41:35,301 [INFO] [MainThread] [root/bar_manager.py:102]: Starting SystemEventListener...
2026-05-08 20:41:35,303 [INFO] [MainThread] [root/watcher.py:65]: Watching directory: c:\users\mathe\.config\yasb
2026-05-08 20:41:35,303 [INFO] [MainThread] [root/watcher.py:104]: Created file watcher
2026-05-08 20:41:35,319 [INFO] [MainThread] [root/update_service.py:434]: Background update checker started
2026-05-08 20:42:44,499 [INFO] [CLIPipeServer] [cli_server/cli_server.py:257]: CLI server received command: stop
2026-05-08 20:42:44,499 [INFO] [CLIPipeServer] [root/controller.py:43]: Exiting Application from CLI...
2026-05-08 20:42:44,604 [INFO] [CLIPipeServer] [cli_server/cli_server.py:114]: Log pipe server stopped
2026-05-08 20:42:44,661 [INFO] [MainThread] [root/bar_manager.py:118]: Stopping SystemEventListener...
2026-05-08 20:42:46,339 [INFO] [MainThread] [root/log.py:104]: YASB v2.0.0
2026-05-08 20:42:46,339 [INFO] [CLIPipeServer] [cli_server/cli_server.py:216]: CLI server started v1.1.7
2026-05-08 20:42:46,340 [INFO] [MainThread] [cli_server/cli_server.py:106]: Log pipe server started
2026-05-08 20:42:46,369 [WARNING] [MainThread] [deprecation/deprecation.py:133]: [DEPRECATED] BarAlignment: 'center' - Use 'align' instead.
2026-05-08 20:42:46,402 [WARNING] [MainThread] [deprecation/deprecation.py:133]: [DEPRECATED] GlazewmWorkspacesConfig: 'hide_empty_workspaces' - No longer supported and can be removed from the config.
2026-05-08 20:42:46,694 [INFO] [MainThread] [root/service.py:52]: AudioOutputService starting...
2026-05-08 20:42:46,878 [INFO] [MainThread] [root/bar_manager.py:102]: Starting SystemEventListener...
2026-05-08 20:42:46,879 [INFO] [MainThread] [root/watcher.py:65]: Watching directory: c:\users\mathe\.config\yasb
2026-05-08 20:42:46,879 [INFO] [MainThread] [root/watcher.py:104]: Created file watcher
2026-05-08 20:42:46,900 [INFO] [MainThread] [root/update_service.py:434]: Background update checker started
2026-05-08 20:42:49,520 [INFO] [CLIPipeServer] [cli_server/cli_server.py:257]: CLI server received command: stop
2026-05-08 20:42:49,520 [INFO] [CLIPipeServer] [root/controller.py:43]: Exiting Application from CLI...
2026-05-08 20:42:49,629 [INFO] [CLIPipeServer] [cli_server/cli_server.py:114]: Log pipe server stopped
2026-05-08 20:42:49,673 [INFO] [MainThread] [root/bar_manager.py:118]: Stopping SystemEventListener...
2026-05-08 20:42:51,250 [INFO] [MainThread] [root/log.py:104]: YASB v2.0.0
2026-05-08 20:42:51,251 [INFO] [CLIPipeServer] [cli_server/cli_server.py:216]: CLI server started v1.1.7
2026-05-08 20:42:51,251 [INFO] [MainThread] [cli_server/cli_server.py:106]: Log pipe server started
2026-05-08 20:42:51,281 [WARNING] [MainThread] [deprecation/deprecation.py:133]: [DEPRECATED] BarAlignment: 'center' - Use 'align' instead.
2026-05-08 20:42:51,313 [WARNING] [MainThread] [deprecation/deprecation.py:133]: [DEPRECATED] GlazewmWorkspacesConfig: 'hide_empty_workspaces' - No longer supported and can be removed from the config.
2026-05-08 20:42:51,605 [INFO] [MainThread] [root/service.py:52]: AudioOutputService starting...
2026-05-08 20:42:51,794 [INFO] [MainThread] [root/bar_manager.py:102]: Starting SystemEventListener...
2026-05-08 20:42:51,795 [INFO] [MainThread] [root/watcher.py:65]: Watching directory: c:\users\mathe\.config\yasb
2026-05-08 20:42:51,795 [INFO] [MainThread] [root/watcher.py:104]: Created file watcher
2026-05-08 20:42:51,813 [INFO] [MainThread] [root/update_service.py:434]: Background update checker started
2026-05-08 20:45:29,979 [WARNING] [MainThread] [deprecation/deprecation.py:133]: [DEPRECATED] BarAlignment: 'center' - Use 'align' instead.
2026-05-08 20:45:29,979 [ERROR] [MainThread] [root/config.py:99]: The config file 'C:\Users\mathe\.config\yasb\config.yaml' contains validation errors. Please fix:
media:
- Extra inputs are not permitted

2026-05-08 20:45:33,813 [WARNING] [MainThread] [deprecation/deprecation.py:133]: [DEPRECATED] BarAlignment: 'center' - Use 'align' instead.
2026-05-08 20:45:33,813 [INFO] [MainThread] [root/controller.py:21]: Reloading Application because of config change.
2026-05-08 20:45:33,915 [INFO] [MainThread] [cli_server/cli_server.py:114]: Log pipe server stopped
2026-05-08 20:45:33,919 [INFO] [MainThread] [root/bar_manager.py:92]: Successfully loaded updated config and re-initialised all bars.
2026-05-08 20:45:33,971 [INFO] [MainThread] [root/bar_manager.py:118]: Stopping SystemEventListener...
2026-05-08 20:45:34,336 [INFO] [MainThread] [root/log.py:104]: YASB v2.0.0
2026-05-08 20:45:34,336 [INFO] [CLIPipeServer] [cli_server/cli_server.py:216]: CLI server started v1.1.7
2026-05-08 20:45:34,336 [INFO] [MainThread] [cli_server/cli_server.py:106]: Log pipe server started
2026-05-08 20:45:34,364 [WARNING] [MainThread] [deprecation/deprecation.py:133]: [DEPRECATED] BarAlignment: 'center' - Use 'align' instead.
2026-05-08 20:45:34,394 [WARNING] [MainThread] [deprecation/deprecation.py:133]: [DEPRECATED] GlazewmWorkspacesConfig: 'hide_empty_workspaces' - No longer supported and can be removed from the config.
2026-05-08 20:45:34,504 [INFO] [MainThread] [root/service.py:52]: AudioOutputService starting...
2026-05-08 20:45:35,064 [INFO] [MainThread] [root/bar_manager.py:102]: Starting SystemEventListener...
2026-05-08 20:45:35,064 [ERROR] [MainThread] [root/widget_builder.py:114]: Failed to validate widget(s) due to invalid options  - media
      media_menu:
        media_menu_icons:
        - Extra inputs are not permitted
      
2026-05-08 20:45:35,080 [INFO] [MainThread] [root/watcher.py:65]: Watching directory: c:\users\mathe\.config\yasb
2026-05-08 20:45:35,081 [INFO] [MainThread] [root/watcher.py:104]: Created file watcher
2026-05-08 20:45:35,091 [INFO] [MainThread] [root/update_service.py:434]: Background update checker started
2026-05-08 20:46:00,452 [WARNING] [MainThread] [deprecation/deprecation.py:133]: [DEPRECATED] BarAlignment: 'center' - Use 'align' instead.
2026-05-08 20:46:00,453 [INFO] [MainThread] [root/controller.py:21]: Reloading Application because of config change.
2026-05-08 20:46:00,554 [INFO] [MainThread] [cli_server/cli_server.py:114]: Log pipe server stopped
2026-05-08 20:46:00,558 [INFO] [MainThread] [root/bar_manager.py:92]: Successfully loaded updated config and re-initialised all bars.
2026-05-08 20:46:00,607 [INFO] [MainThread] [root/bar_manager.py:118]: Stopping SystemEventListener...
2026-05-08 20:46:00,977 [INFO] [MainThread] [root/log.py:104]: YASB v2.0.0
2026-05-08 20:46:00,977 [INFO] [CLIPipeServer] [cli_server/cli_server.py:216]: CLI server started v1.1.7
2026-05-08 20:46:00,977 [INFO] [MainThread] [cli_server/cli_server.py:106]: Log pipe server started
2026-05-08 20:46:01,006 [WARNING] [MainThread] [deprecation/deprecation.py:133]: [DEPRECATED] BarAlignment: 'center' - Use 'align' instead.
2026-05-08 20:46:01,037 [WARNING] [MainThread] [deprecation/deprecation.py:133]: [DEPRECATED] GlazewmWorkspacesConfig: 'hide_empty_workspaces' - No longer supported and can be removed from the config.
2026-05-08 20:46:01,150 [INFO] [MainThread] [root/service.py:52]: AudioOutputService starting...
2026-05-08 20:46:01,709 [INFO] [MainThread] [root/bar_manager.py:102]: Starting SystemEventListener...
2026-05-08 20:46:01,710 [INFO] [MainThread] [root/watcher.py:65]: Watching directory: c:\users\mathe\.config\yasb
2026-05-08 20:46:01,710 [INFO] [MainThread] [root/watcher.py:104]: Created file watcher
2026-05-08 20:46:01,724 [INFO] [MainThread] [root/update_service.py:434]: Background update checker started
2026-05-08 20:46:36,234 [WARNING] [MainThread] [deprecation/deprecation.py:133]: [DEPRECATED] BarAlignment: 'center' - Use 'align' instead.
2026-05-08 20:46:36,235 [ERROR] [MainThread] [root/config.py:99]: The config file 'C:\Users\mathe\.config\yasb\config.yaml' contains validation errors. Please fix:
media:
- Extra inputs are not permitted

2026-05-08 20:46:44,890 [WARNING] [MainThread] [deprecation/deprecation.py:133]: [DEPRECATED] BarAlignment: 'center' - Use 'align' instead.
2026-05-08 20:46:44,891 [INFO] [MainThread] [root/controller.py:21]: Reloading Application because of config change.
2026-05-08 20:46:44,992 [INFO] [MainThread] [cli_server/cli_server.py:114]: Log pipe server stopped
2026-05-08 20:46:44,996 [INFO] [MainThread] [root/bar_manager.py:92]: Successfully loaded updated config and re-initialised all bars.
2026-05-08 20:46:45,047 [INFO] [MainThread] [root/bar_manager.py:118]: Stopping SystemEventListener...
2026-05-08 20:46:45,413 [INFO] [MainThread] [root/log.py:104]: YASB v2.0.0
2026-05-08 20:46:45,413 [INFO] [CLIPipeServer] [cli_server/cli_server.py:216]: CLI server started v1.1.7
2026-05-08 20:46:45,413 [INFO] [MainThread] [cli_server/cli_server.py:106]: Log pipe server started
2026-05-08 20:46:45,445 [WARNING] [MainThread] [deprecation/deprecation.py:133]: [DEPRECATED] BarAlignment: 'center' - Use 'align' instead.
2026-05-08 20:46:45,475 [WARNING] [MainThread] [deprecation/deprecation.py:133]: [DEPRECATED] GlazewmWorkspacesConfig: 'hide_empty_workspaces' - No longer supported and can be removed from the config.
2026-05-08 20:46:45,586 [INFO] [MainThread] [root/service.py:52]: AudioOutputService starting...
2026-05-08 20:46:46,135 [INFO] [MainThread] [root/bar_manager.py:102]: Starting SystemEventListener...
2026-05-08 20:46:46,135 [INFO] [MainThread] [root/watcher.py:65]: Watching directory: c:\users\mathe\.config\yasb
2026-05-08 20:46:46,135 [INFO] [MainThread] [root/watcher.py:104]: Created file watcher
2026-05-08 20:46:46,149 [INFO] [MainThread] [root/update_service.py:434]: Background update checker started
2026-05-08 20:48:08,506 [WARNING] [MainThread] [deprecation/deprecation.py:133]: [DEPRECATED] BarAlignment: 'center' - Use 'align' instead.
2026-05-08 20:48:08,506 [INFO] [MainThread] [root/controller.py:21]: Reloading Application because of config change.
2026-05-08 20:48:08,609 [INFO] [MainThread] [cli_server/cli_server.py:114]: Log pipe server stopped
2026-05-08 20:48:08,613 [INFO] [MainThread] [root/bar_manager.py:92]: Successfully loaded updated config and re-initialised all bars.
2026-05-08 20:48:08,665 [INFO] [MainThread] [root/bar_manager.py:118]: Stopping SystemEventListener...
2026-05-08 20:48:09,028 [INFO] [MainThread] [root/log.py:104]: YASB v2.0.0
2026-05-08 20:48:09,028 [INFO] [CLIPipeServer] [cli_server/cli_server.py:216]: CLI server started v1.1.7
2026-05-08 20:48:09,028 [INFO] [MainThread] [cli_server/cli_server.py:106]: Log pipe server started
2026-05-08 20:48:09,059 [WARNING] [MainThread] [deprecation/deprecation.py:133]: [DEPRECATED] BarAlignment: 'center' - Use 'align' instead.
2026-05-08 20:48:09,089 [WARNING] [MainThread] [deprecation/deprecation.py:133]: [DEPRECATED] GlazewmWorkspacesConfig: 'hide_empty_workspaces' - No longer supported and can be removed from the config.
2026-05-08 20:48:09,185 [WARNING] [MainThread] [deprecation/deprecation.py:133]: [DEPRECATED] MediaWidgetConfig: 'label_shadow' - Use CSS text-shadow instead.
2026-05-08 20:48:09,202 [INFO] [MainThread] [root/service.py:52]: AudioOutputService starting...
2026-05-08 20:48:09,758 [INFO] [MainThread] [root/bar_manager.py:102]: Starting SystemEventListener...
2026-05-08 20:48:09,759 [INFO] [MainThread] [root/watcher.py:65]: Watching directory: c:\users\mathe\.config\yasb
2026-05-08 20:48:09,759 [INFO] [MainThread] [root/watcher.py:104]: Created file watcher
2026-05-08 20:48:09,773 [INFO] [MainThread] [root/update_service.py:434]: Background update checker started
2026-05-08 20:54:43,276 [WARNING] [MainThread] [deprecation/deprecation.py:133]: [DEPRECATED] BarAlignment: 'center' - Use 'align' instead.
2026-05-08 20:54:43,277 [INFO] [MainThread] [root/controller.py:21]: Reloading Application because of config change.
2026-05-08 20:54:43,377 [INFO] [MainThread] [cli_server/cli_server.py:114]: Log pipe server stopped
2026-05-08 20:54:43,381 [INFO] [MainThread] [root/bar_manager.py:92]: Successfully loaded updated config and re-initialised all bars.
2026-05-08 20:54:43,434 [INFO] [MainThread] [root/bar_manager.py:118]: Stopping SystemEventListener...
2026-05-08 20:54:43,798 [INFO] [MainThread] [root/log.py:104]: YASB v2.0.0
2026-05-08 20:54:43,798 [INFO] [CLIPipeServer] [cli_server/cli_server.py:216]: CLI server started v1.1.7
2026-05-08 20:54:43,799 [INFO] [MainThread] [cli_server/cli_server.py:106]: Log pipe server started
2026-05-08 20:54:43,830 [WARNING] [MainThread] [deprecation/deprecation.py:133]: [DEPRECATED] BarAlignment: 'center' - Use 'align' instead.
2026-05-08 20:54:43,858 [WARNING] [MainThread] [deprecation/deprecation.py:133]: [DEPRECATED] GlazewmWorkspacesConfig: 'hide_empty_workspaces' - No longer supported and can be removed from the config.
2026-05-08 20:54:44,132 [WARNING] [MainThread] [deprecation/deprecation.py:133]: [DEPRECATED] MediaWidgetConfig: 'label_shadow' - Use CSS text-shadow instead.
2026-05-08 20:54:44,155 [INFO] [MainThread] [root/service.py:52]: AudioOutputService starting...
2026-05-08 20:54:44,337 [INFO] [MainThread] [root/bar_manager.py:102]: Starting SystemEventListener...
2026-05-08 20:54:44,338 [INFO] [MainThread] [root/watcher.py:65]: Watching directory: c:\users\mathe\.config\yasb
2026-05-08 20:54:44,338 [INFO] [MainThread] [root/watcher.py:104]: Created file watcher
2026-05-08 20:54:44,355 [INFO] [MainThread] [root/update_service.py:434]: Background update checker started
2026-05-08 21:06:31,079 [WARNING] [MainThread] [deprecation/deprecation.py:133]: [DEPRECATED] BarAlignment: 'center' - Use 'align' instead.
2026-05-08 21:06:31,079 [INFO] [MainThread] [root/controller.py:21]: Reloading Application because of config change.
2026-05-08 21:06:31,187 [INFO] [MainThread] [cli_server/cli_server.py:114]: Log pipe server stopped
2026-05-08 21:06:31,191 [INFO] [MainThread] [root/bar_manager.py:92]: Successfully loaded updated config and re-initialised all bars.
2026-05-08 21:06:31,246 [INFO] [MainThread] [root/bar_manager.py:118]: Stopping SystemEventListener...
2026-05-08 21:06:31,627 [INFO] [MainThread] [root/log.py:104]: YASB v2.0.0
2026-05-08 21:06:31,627 [INFO] [CLIPipeServer] [cli_server/cli_server.py:216]: CLI server started v1.1.7
2026-05-08 21:06:31,628 [INFO] [MainThread] [cli_server/cli_server.py:106]: Log pipe server started
2026-05-08 21:06:31,660 [WARNING] [MainThread] [deprecation/deprecation.py:133]: [DEPRECATED] BarAlignment: 'center' - Use 'align' instead.
2026-05-08 21:06:31,692 [WARNING] [MainThread] [deprecation/deprecation.py:133]: [DEPRECATED] GlazewmWorkspacesConfig: 'hide_empty_workspaces' - No longer supported and can be removed from the config.
2026-05-08 21:06:32,007 [WARNING] [MainThread] [deprecation/deprecation.py:133]: [DEPRECATED] MediaWidgetConfig: 'label_shadow' - Use CSS text-shadow instead.
2026-05-08 21:06:32,030 [INFO] [MainThread] [root/service.py:52]: AudioOutputService starting...
2026-05-08 21:06:32,226 [INFO] [MainThread] [root/bar_manager.py:228]: Starting HotkeyListener...
2026-05-08 21:06:32,226 [INFO] [MainThread] [root/bar_manager.py:102]: Starting SystemEventListener...
2026-05-08 21:06:32,227 [INFO] [MainThread] [root/watcher.py:65]: Watching directory: c:\users\mathe\.config\yasb
2026-05-08 21:06:32,227 [INFO] [MainThread] [root/watcher.py:104]: Created file watcher
2026-05-08 21:06:32,248 [INFO] [MainThread] [root/update_service.py:434]: Background update checker started
2026-05-08 21:06:42,253 [WARNING] [MainThread] [deprecation/deprecation.py:133]: [DEPRECATED] BarAlignment: 'center' - Use 'align' instead.
2026-05-08 21:06:42,253 [INFO] [MainThread] [root/controller.py:21]: Reloading Application because of config change.
2026-05-08 21:06:42,367 [INFO] [MainThread] [cli_server/cli_server.py:114]: Log pipe server stopped
2026-05-08 21:06:42,371 [INFO] [MainThread] [root/bar_manager.py:92]: Successfully loaded updated config and re-initialised all bars.
2026-05-08 21:06:42,440 [INFO] [MainThread] [root/bar_manager.py:110]: Stopping HotkeyListener...
2026-05-08 21:06:42,441 [INFO] [MainThread] [root/bar_manager.py:118]: Stopping SystemEventListener...
2026-05-08 21:06:42,799 [INFO] [MainThread] [root/log.py:104]: YASB v2.0.0
2026-05-08 21:06:42,800 [INFO] [CLIPipeServer] [cli_server/cli_server.py:216]: CLI server started v1.1.7
2026-05-08 21:06:42,800 [INFO] [MainThread] [cli_server/cli_server.py:106]: Log pipe server started
2026-05-08 21:06:42,832 [WARNING] [MainThread] [deprecation/deprecation.py:133]: [DEPRECATED] BarAlignment: 'center' - Use 'align' instead.
2026-05-08 21:06:42,864 [WARNING] [MainThread] [deprecation/deprecation.py:133]: [DEPRECATED] GlazewmWorkspacesConfig: 'hide_empty_workspaces' - No longer supported and can be removed from the config.
2026-05-08 21:06:43,151 [WARNING] [MainThread] [deprecation/deprecation.py:133]: [DEPRECATED] MediaWidgetConfig: 'label_shadow' - Use CSS text-shadow instead.
2026-05-08 21:06:43,175 [INFO] [MainThread] [root/service.py:52]: AudioOutputService starting...
2026-05-08 21:06:43,369 [INFO] [MainThread] [root/bar_manager.py:228]: Starting HotkeyListener...
2026-05-08 21:06:43,369 [INFO] [MainThread] [root/bar_manager.py:102]: Starting SystemEventListener...
2026-05-08 21:06:43,370 [INFO] [MainThread] [root/watcher.py:65]: Watching directory: c:\users\mathe\.config\yasb
2026-05-08 21:06:43,371 [INFO] [MainThread] [root/watcher.py:104]: Created file watcher
2026-05-08 21:06:43,390 [INFO] [MainThread] [root/update_service.py:434]: Background update checker started
2026-05-08 21:13:17,556 [INFO] [MainThread] [root/bar_manager.py:110]: Stopping HotkeyListener...
2026-05-08 21:13:17,563 [INFO] [MainThread] [root/bar_manager.py:118]: Stopping SystemEventListener...
2026-05-08 21:18:12,431 [INFO] [MainThread] [root/log.py:104]: YASB v2.0.0
2026-05-08 21:18:12,431 [INFO] [CLIPipeServer] [cli_server/cli_server.py:216]: CLI server started v1.1.7
2026-05-08 21:18:12,432 [INFO] [MainThread] [cli_server/cli_server.py:106]: Log pipe server started
2026-05-08 21:18:12,621 [WARNING] [MainThread] [deprecation/deprecation.py:133]: [DEPRECATED] BarAlignment: 'center' - Use 'align' instead.
2026-05-08 21:18:12,850 [WARNING] [MainThread] [deprecation/deprecation.py:133]: [DEPRECATED] GlazewmWorkspacesConfig: 'hide_empty_workspaces' - No longer supported and can be removed from the config.
2026-05-08 21:18:13,570 [WARNING] [MainThread] [deprecation/deprecation.py:133]: [DEPRECATED] MediaWidgetConfig: 'label_shadow' - Use CSS text-shadow instead.
2026-05-08 21:18:13,603 [INFO] [MainThread] [root/service.py:52]: AudioOutputService starting...
2026-05-08 21:18:13,871 [INFO] [MainThread] [root/bar_manager.py:228]: Starting HotkeyListener...
2026-05-08 21:18:13,872 [INFO] [MainThread] [root/bar_manager.py:102]: Starting SystemEventListener...
2026-05-08 21:18:13,873 [INFO] [MainThread] [root/watcher.py:65]: Watching directory: c:\users\mathe\.config\yasb
2026-05-08 21:18:13,873 [INFO] [MainThread] [root/watcher.py:104]: Created file watcher
2026-05-08 21:18:14,132 [INFO] [MainThread] [root/update_service.py:434]: Background update checker started
2026-05-08 22:05:08,497 [INFO] [MainThread] [root/log.py:104]: YASB v2.0.0
2026-05-08 22:05:08,499 [INFO] [CLIPipeServer] [cli_server/cli_server.py:216]: CLI server started v1.1.7
2026-05-08 22:05:08,499 [INFO] [CLIPipeServer] [cli_server/cli_server.py:216]: CLI server started v1.1.7
2026-05-08 22:05:08,499 [INFO] [CLIPipeServer] [cli_server/cli_server.py:216]: CLI server started v1.1.7
2026-05-08 22:05:08,499 [INFO] [MainThread] [cli_server/cli_server.py:106]: Log pipe server started
2026-05-08 22:05:08,499 [INFO] [MainThread] [cli_server/cli_server.py:106]: Log pipe server started
2026-05-08 22:05:08,499 [INFO] [MainThread] [cli_server/cli_server.py:106]: Log pipe server started
2026-05-08 22:05:08,499 [INFO] [MainThread] [cli_server/cli_server.py:106]: Log pipe server started
2026-05-08 22:05:08,499 [ERROR] [MainThread] [root/main.py:75]: Another instance of the YASB is already running.
2026-05-08 22:05:08,499 [ERROR] [MainThread] [root/main.py:75]: Another instance of the YASB is already running.
2026-05-08 22:05:08,499 [ERROR] [MainThread] [root/main.py:75]: Another instance of the YASB is already running.
2026-05-08 22:05:08,868 [WARNING] [MainThread] [deprecation/deprecation.py:133]: [DEPRECATED] BarAlignment: 'center' - Use 'align' instead.
2026-05-08 22:05:11,421 [INFO] [CLIPipeServer] [cli_server/cli_server.py:257]: CLI server received command: stop
2026-05-08 22:05:11,421 [INFO] [CLIPipeServer] [root/controller.py:43]: Exiting Application from CLI...
2026-05-08 22:05:11,521 [INFO] [CLIPipeServer] [cli_server/cli_server.py:114]: Log pipe server stopped
2026-05-08 22:05:13,931 [INFO] [MainThread] [root/log.py:104]: YASB v2.0.0
2026-05-08 22:05:13,931 [INFO] [CLIPipeServer] [cli_server/cli_server.py:216]: CLI server started v1.1.7
2026-05-08 22:05:13,931 [INFO] [MainThread] [cli_server/cli_server.py:106]: Log pipe server started
2026-05-08 22:05:13,932 [ERROR] [MainThread] [root/main.py:75]: Another instance of the YASB is already running.
2026-05-08 22:05:15,672 [WARNING] [MainThread] [deprecation/deprecation.py:133]: [DEPRECATED] GlazewmWorkspacesConfig: 'hide_empty_workspaces' - No longer supported and can be removed from the config.
2026-05-08 22:05:32,185 [WARNING] [MainThread] [deprecation/deprecation.py:133]: [DEPRECATED] MediaWidgetConfig: 'label_shadow' - Use CSS text-shadow instead.
2026-05-08 22:05:32,558 [INFO] [MainThread] [root/service.py:52]: AudioOutputService starting...
2026-05-08 22:05:47,212 [INFO] [MainThread] [root/bar_manager.py:228]: Starting HotkeyListener...
2026-05-08 22:05:47,212 [INFO] [MainThread] [root/bar_manager.py:102]: Starting SystemEventListener...
2026-05-08 22:05:47,220 [INFO] [MainThread] [root/watcher.py:65]: Watching directory: c:\users\mathe\.config\yasb
2026-05-08 22:05:47,220 [INFO] [MainThread] [root/watcher.py:104]: Created file watcher
2026-05-08 22:05:48,638 [INFO] [MainThread] [root/update_service.py:434]: Background update checker started
Windows fatal exception: code 0x8001010e

Thread 0x00002378 [UpdateChecker] (most recent call first):
  File "C:\hostedtoolcache\windows\Python\3.14.4\x64\Lib\ssl.py", line 717 in create_default_context
  File "D:\a\yasb\yasb\src\core\utils\update_service.py", line 207 in _fetch_release_data
  File "D:\a\yasb\yasb\src\core\utils\update_service.py", line 256 in check_for_updates
  File "D:\a\yasb\yasb\src\core\utils\update_service.py", line 403 in _check_for_update
  File "C:\hostedtoolcache\windows\Python\3.14.4\x64\Lib\threading.py", line 1024 in run
  File "C:\hostedtoolcache\windows\Python\3.14.4\x64\Lib\threading.py", line 1082 in _bootstrap_inner
  File "C:\hostedtoolcache\windows\Python\3.14.4\x64\Lib\threading.py", line 1044 in _bootstrap

Thread 0x00003e08 [Thread-6] (most recent call first):
  File "C:\hostedtoolcache\windows\Python\3.14.4\x64\Lib\threading.py", line 369 in wait
  File "C:\hostedtoolcache\windows\Python\3.14.4\x64\Lib\queue.py", line 199 in get
  File "D:\a\yasb\yasb\venv\Lib\site-packages\watchdog\observers\api.py", line 379 in dispatch_events
  File "D:\a\yasb\yasb\venv\Lib\site-packages\watchdog\observers\api.py", line 213 in run
  File "C:\hostedtoolcache\windows\Python\3.14.4\x64\Lib\threading.py", line 1082 in _bootstrap_inner
  File "C:\hostedtoolcache\windows\Python\3.14.4\x64\Lib\threading.py", line 1044 in _bootstrap

Thread 0x00000ce4 [Thread-7] (most recent call first):
  File "D:\a\yasb\yasb\venv\Lib\site-packages\watchdog\observers\winapi.py", line 326 in read_directory_changes
  File "D:\a\yasb\yasb\venv\Lib\site-packages\watchdog\observers\winapi.py", line 380 in read_events
  File "D:\a\yasb\yasb\venv\Lib\site-packages\watchdog\observers\read_directory_changes.py", line 67 in _read_events
  File "D:\a\yasb\yasb\venv\Lib\site-packages\watchdog\observers\read_directory_changes.py", line 70 in queue_events
  File "D:\a\yasb\yasb\venv\Lib\site-packages\watchdog\observers\api.py", line 158 in run
  File "C:\hostedtoolcache\windows\Python\3.14.4\x64\Lib\threading.py", line 1082 in _bootstrap_inner
  File "C:\hostedtoolcache\windows\Python\3.14.4\x64\Lib\threading.py", line 1044 in _bootstrap

Thread 0x00000294 [SystemEventListener] (most recent call first):
  File "D:\a\yasb\yasb\src\core\utils\win32\event_listener.py", line 69 in run

Thread 0x00000910 [HotkeyListener] (most recent call first):
  File "D:\a\yasb\yasb\src\core\utils\win32\hotkeys.py", line 252 in run

Thread 0x000004e8 [WiFiWorker] (most recent call first):
  File "D:\a\yasb\yasb\src\core\widgets\services\wifi\wifi_managers.py", line 150 in run

Thread 0x00000490 [MemoryWorker] (most recent call first):
  File "D:\a\yasb\yasb\src\core\widgets\services\memory\memory_api.py", line 244 in run

Thread 0x000030b8 [CpuWorker] (most recent call first):
  File "D:\a\yasb\yasb\src\core\widgets\services\cpu\cpu_api.py", line 318 in run

Thread 0x00002ea8 [_EventWorker] (most recent call first):
  File "D:\a\yasb\yasb\venv\Lib\site-packages\qasync\_windows.py", line 147 in _poll
  File "D:\a\yasb\yasb\venv\Lib\site-packages\qasync\_windows.py", line 72 in select
  File "D:\a\yasb\yasb\venv\Lib\site-packages\qasync\_windows.py", line 199 in run

Thread 0x0000220c [LogPipeServer] (most recent call first):
  File "D:\a\yasb\yasb\src\core\utils\win32\bindings\kernel32.py", line 288 in ConnectNamedPipe
  File "D:\a\yasb\yasb\src\core\utils\cli_server.py", line 138 in _run_server
  File "C:\hostedtoolcache\windows\Python\3.14.4\x64\Lib\threading.py", line 1024 in run
  File "C:\hostedtoolcache\windows\Python\3.14.4\x64\Lib\threading.py", line 1082 in _bootstrap_inner
  File "C:\hostedtoolcache\windows\Python\3.14.4\x64\Lib\threading.py", line 1044 in _bootstrap

Current thread 0x00001474 (most recent call first):
  File "C:\hostedtoolcache\windows\Python\3.14.4\x64\Lib\asyncio\events.py", line 94 in _run
  File "D:\a\yasb\yasb\venv\Lib\site-packages\qasync\__init__.py", line 307 in timerEvent
  File "D:\a\yasb\yasb\venv\Lib\site-packages\qasync\__init__.py", line 404 in run_forever
  File "D:\a\yasb\yasb\venv\Lib\site-packages\qasync\__init__.py", line 428 in run_until_complete
  File "main.py", line 98 in main
  File "main.py", line 188 in <module>
  File "D:\a\yasb\yasb\venv\Lib\site-packages\freeze_core\initscripts\console.py", line 27 in run
  File "D:\a\yasb\yasb\venv\Lib\site-packages\freeze_core\initscripts\__startup__.py", line 137 in run

Current thread's C stack trace (most recent call first):
  <cannot get C stack on this system>
2026-05-08 22:05:49,095 [INFO] [MainThread] [root/bar_manager.py:110]: Stopping HotkeyListener...
2026-05-08 22:05:49,097 [INFO] [MainThread] [root/bar_manager.py:118]: Stopping SystemEventListener...
2026-05-08 22:12:02,179 [INFO] [MainThread] [root/log.py:104]: YASB v2.0.0
2026-05-08 22:12:02,181 [INFO] [CLIPipeServer] [cli_server/cli_server.py:216]: CLI server started v1.1.7
2026-05-08 22:12:02,181 [INFO] [MainThread] [cli_server/cli_server.py:106]: Log pipe server started
2026-05-08 22:12:02,293 [WARNING] [MainThread] [deprecation/deprecation.py:133]: [DEPRECATED] BarAlignment: 'center' - Use 'align' instead.
2026-05-08 22:12:02,410 [WARNING] [MainThread] [deprecation/deprecation.py:133]: [DEPRECATED] GlazewmWorkspacesConfig: 'hide_empty_workspaces' - No longer supported and can be removed from the config.
2026-05-08 22:12:03,141 [WARNING] [MainThread] [deprecation/deprecation.py:133]: [DEPRECATED] MediaWidgetConfig: 'label_shadow' - Use CSS text-shadow instead.
2026-05-08 22:12:03,180 [INFO] [MainThread] [root/service.py:52]: AudioOutputService starting...
2026-05-08 22:12:03,519 [INFO] [MainThread] [root/bar_manager.py:228]: Starting HotkeyListener...
2026-05-08 22:12:03,519 [INFO] [MainThread] [root/bar_manager.py:102]: Starting SystemEventListener...
2026-05-08 22:12:03,521 [INFO] [MainThread] [root/watcher.py:65]: Watching directory: c:\users\mathe\.config\yasb
2026-05-08 22:12:03,521 [INFO] [MainThread] [root/watcher.py:104]: Created file watcher
2026-05-08 22:12:03,636 [INFO] [MainThread] [root/update_service.py:434]: Background update checker started
2026-05-08 23:40:28,806 [INFO] [MainThread] [root/controller.py:43]: Exiting Application...
2026-05-08 23:40:28,918 [INFO] [MainThread] [cli_server/cli_server.py:114]: Log pipe server stopped
2026-05-08 23:40:29,061 [INFO] [MainThread] [root/bar_manager.py:110]: Stopping HotkeyListener...
2026-05-08 23:40:29,064 [INFO] [MainThread] [root/bar_manager.py:118]: Stopping SystemEventListener...
2026-05-09 11:25:59,833 [INFO] [MainThread] [root/log.py:104]: YASB v2.0.0
2026-05-09 11:25:59,834 [INFO] [CLIPipeServer] [cli_server/cli_server.py:216]: CLI server started v1.1.7
2026-05-09 11:25:59,834 [INFO] [MainThread] [cli_server/cli_server.py:106]: Log pipe server started
2026-05-09 11:26:00,038 [WARNING] [MainThread] [deprecation/deprecation.py:133]: [DEPRECATED] BarAlignment: 'center' - Use 'align' instead.
2026-05-09 11:26:00,281 [WARNING] [MainThread] [deprecation/deprecation.py:133]: [DEPRECATED] GlazewmWorkspacesConfig: 'hide_empty_workspaces' - No longer supported and can be removed from the config.
2026-05-09 11:26:01,279 [WARNING] [MainThread] [deprecation/deprecation.py:133]: [DEPRECATED] MediaWidgetConfig: 'label_shadow' - Use CSS text-shadow instead.
2026-05-09 11:26:01,311 [INFO] [MainThread] [root/service.py:52]: AudioOutputService starting...
2026-05-09 11:26:01,595 [INFO] [MainThread] [root/bar_manager.py:228]: Starting HotkeyListener...
2026-05-09 11:26:01,595 [INFO] [MainThread] [root/bar_manager.py:102]: Starting SystemEventListener...
2026-05-09 11:26:01,596 [INFO] [MainThread] [root/watcher.py:65]: Watching directory: c:\users\mathe\.config\yasb
2026-05-09 11:26:01,596 [INFO] [MainThread] [root/watcher.py:104]: Created file watcher
2026-05-09 11:26:01,854 [INFO] [MainThread] [root/update_service.py:434]: Background update checker started
2026-05-09 18:53:41,206 [INFO] [MainThread] [root/controller.py:43]: Exiting Application...
2026-05-09 18:53:41,309 [INFO] [MainThread] [cli_server/cli_server.py:114]: Log pipe server stopped
2026-05-09 18:53:41,408 [INFO] [MainThread] [root/bar_manager.py:110]: Stopping HotkeyListener...
2026-05-09 18:53:41,411 [INFO] [MainThread] [root/bar_manager.py:118]: Stopping SystemEventListener...
2026-05-09 22:02:46,186 [INFO] [MainThread] [root/log.py:104]: YASB v2.0.0
2026-05-09 22:02:46,187 [INFO] [CLIPipeServer] [cli_server/cli_server.py:216]: CLI server started v1.1.7
2026-05-09 22:02:46,187 [INFO] [MainThread] [cli_server/cli_server.py:106]: Log pipe server started
2026-05-09 22:02:46,388 [WARNING] [MainThread] [deprecation/deprecation.py:133]: [DEPRECATED] BarAlignment: 'center' - Use 'align' instead.
2026-05-09 22:02:46,632 [WARNING] [MainThread] [deprecation/deprecation.py:133]: [DEPRECATED] GlazewmWorkspacesConfig: 'hide_empty_workspaces' - No longer supported and can be removed from the config.
2026-05-09 22:02:47,653 [WARNING] [MainThread] [deprecation/deprecation.py:133]: [DEPRECATED] MediaWidgetConfig: 'label_shadow' - Use CSS text-shadow instead.
2026-05-09 22:02:47,688 [INFO] [MainThread] [root/service.py:52]: AudioOutputService starting...
2026-05-09 22:02:48,036 [INFO] [MainThread] [root/bar_manager.py:228]: Starting HotkeyListener...
2026-05-09 22:02:48,036 [INFO] [MainThread] [root/bar_manager.py:102]: Starting SystemEventListener...
2026-05-09 22:02:48,037 [INFO] [MainThread] [root/watcher.py:65]: Watching directory: c:\users\mathe\.config\yasb
2026-05-09 22:02:48,037 [INFO] [MainThread] [root/watcher.py:104]: Created file watcher
2026-05-09 22:02:48,291 [INFO] [MainThread] [root/update_service.py:434]: Background update checker started
2026-05-09 23:33:27,659 [INFO] [MainThread] [root/controller.py:43]: Exiting Application...
2026-05-09 23:33:27,771 [INFO] [MainThread] [cli_server/cli_server.py:114]: Log pipe server stopped
2026-05-09 23:33:27,840 [INFO] [MainThread] [root/bar_manager.py:110]: Stopping HotkeyListener...
2026-05-09 23:33:27,841 [INFO] [MainThread] [root/bar_manager.py:118]: Stopping SystemEventListener...
2026-05-10 22:14:46,655 [INFO] [MainThread] [root/log.py:104]: YASB v2.0.0
2026-05-10 22:14:46,656 [INFO] [CLIPipeServer] [cli_server/cli_server.py:216]: CLI server started v1.1.7
2026-05-10 22:14:46,656 [INFO] [MainThread] [cli_server/cli_server.py:106]: Log pipe server started
2026-05-10 22:14:46,851 [WARNING] [MainThread] [deprecation/deprecation.py:133]: [DEPRECATED] BarAlignment: 'center' - Use 'align' instead.
2026-05-10 22:14:47,087 [WARNING] [MainThread] [deprecation/deprecation.py:133]: [DEPRECATED] GlazewmWorkspacesConfig: 'hide_empty_workspaces' - No longer supported and can be removed from the config.
2026-05-10 22:14:48,074 [WARNING] [MainThread] [deprecation/deprecation.py:133]: [DEPRECATED] MediaWidgetConfig: 'label_shadow' - Use CSS text-shadow instead.
2026-05-10 22:14:48,109 [INFO] [MainThread] [root/service.py:52]: AudioOutputService starting...
2026-05-10 22:14:48,396 [INFO] [MainThread] [root/bar_manager.py:228]: Starting HotkeyListener...
2026-05-10 22:14:48,397 [INFO] [MainThread] [root/bar_manager.py:102]: Starting SystemEventListener...
2026-05-10 22:14:48,398 [INFO] [MainThread] [root/watcher.py:65]: Watching directory: c:\users\mathe\.config\yasb
2026-05-10 22:14:48,398 [INFO] [MainThread] [root/watcher.py:104]: Created file watcher
2026-05-10 22:14:48,644 [INFO] [MainThread] [root/update_service.py:434]: Background update checker started
2026-05-10 23:28:42,671 [INFO] [MainThread] [root/controller.py:43]: Exiting Application...
2026-05-10 23:28:42,774 [INFO] [MainThread] [cli_server/cli_server.py:114]: Log pipe server stopped
2026-05-10 23:28:42,871 [INFO] [MainThread] [root/bar_manager.py:110]: Stopping HotkeyListener...
2026-05-10 23:28:42,872 [INFO] [MainThread] [root/bar_manager.py:118]: Stopping SystemEventListener...
2026-05-12 19:09:52,007 [INFO] [MainThread] [root/log.py:104]: YASB v2.0.0
2026-05-12 19:09:52,008 [INFO] [CLIPipeServer] [cli_server/cli_server.py:216]: CLI server started v1.1.7
2026-05-12 19:09:52,009 [INFO] [MainThread] [cli_server/cli_server.py:106]: Log pipe server started
2026-05-12 19:09:52,210 [WARNING] [MainThread] [deprecation/deprecation.py:133]: [DEPRECATED] BarAlignment: 'center' - Use 'align' instead.
2026-05-12 19:09:52,462 [WARNING] [MainThread] [deprecation/deprecation.py:133]: [DEPRECATED] GlazewmWorkspacesConfig: 'hide_empty_workspaces' - No longer supported and can be removed from the config.
2026-05-12 19:09:53,616 [WARNING] [MainThread] [deprecation/deprecation.py:133]: [DEPRECATED] MediaWidgetConfig: 'label_shadow' - Use CSS text-shadow instead.
2026-05-12 19:09:53,650 [INFO] [MainThread] [root/service.py:52]: AudioOutputService starting...
2026-05-12 19:09:53,958 [INFO] [MainThread] [root/bar_manager.py:228]: Starting HotkeyListener...
2026-05-12 19:09:53,958 [INFO] [MainThread] [root/bar_manager.py:102]: Starting SystemEventListener...
2026-05-12 19:09:53,959 [INFO] [MainThread] [root/watcher.py:65]: Watching directory: c:\users\mathe\.config\yasb
2026-05-12 19:09:53,960 [INFO] [MainThread] [root/watcher.py:104]: Created file watcher
2026-05-12 19:09:54,226 [INFO] [MainThread] [root/update_service.py:434]: Background update checker started
2026-05-12 19:11:35,094 [WARNING] [MainThread] [deprecation/deprecation.py:133]: [DEPRECATED] BarAlignment: 'center' - Use 'align' instead.
2026-05-12 19:11:35,096 [INFO] [MainThread] [root/controller.py:21]: Reloading Application because of config change.
2026-05-12 19:11:35,201 [INFO] [MainThread] [cli_server/cli_server.py:114]: Log pipe server stopped
2026-05-12 19:11:35,206 [INFO] [MainThread] [root/bar_manager.py:92]: Successfully loaded updated config and re-initialised all bars.
2026-05-12 19:11:35,251 [INFO] [MainThread] [root/bar_manager.py:110]: Stopping HotkeyListener...
2026-05-12 19:11:35,253 [INFO] [MainThread] [root/bar_manager.py:118]: Stopping SystemEventListener...
2026-05-12 19:11:35,622 [INFO] [MainThread] [root/log.py:104]: YASB v2.0.0
2026-05-12 19:11:35,622 [INFO] [CLIPipeServer] [cli_server/cli_server.py:216]: CLI server started v1.1.7
2026-05-12 19:11:35,623 [INFO] [MainThread] [cli_server/cli_server.py:106]: Log pipe server started
2026-05-12 19:11:35,646 [WARNING] [MainThread] [deprecation/deprecation.py:133]: [DEPRECATED] BarAlignment: 'center' - Use 'align' instead.
2026-05-12 19:11:35,678 [WARNING] [MainThread] [deprecation/deprecation.py:133]: [DEPRECATED] GlazewmWorkspacesConfig: 'hide_empty_workspaces' - No longer supported and can be removed from the config.
2026-05-12 19:11:35,967 [WARNING] [MainThread] [deprecation/deprecation.py:133]: [DEPRECATED] MediaWidgetConfig: 'label_shadow' - Use CSS text-shadow instead.
2026-05-12 19:11:35,986 [INFO] [MainThread] [root/service.py:52]: AudioOutputService starting...
2026-05-12 19:11:36,215 [INFO] [MainThread] [root/bar_manager.py:228]: Starting HotkeyListener...
2026-05-12 19:11:36,215 [INFO] [MainThread] [root/bar_manager.py:102]: Starting SystemEventListener...
2026-05-12 19:11:36,216 [INFO] [MainThread] [root/watcher.py:65]: Watching directory: c:\users\mathe\.config\yasb
2026-05-12 19:11:36,216 [INFO] [MainThread] [root/watcher.py:104]: Created file watcher
2026-05-12 19:11:36,231 [INFO] [MainThread] [root/update_service.py:434]: Background update checker started
2026-05-12 19:12:38,695 [WARNING] [MainThread] [deprecation/deprecation.py:133]: [DEPRECATED] BarAlignment: 'center' - Use 'align' instead.
2026-05-12 19:12:38,695 [INFO] [MainThread] [root/controller.py:21]: Reloading Application because of config change.
2026-05-12 19:12:38,800 [INFO] [MainThread] [cli_server/cli_server.py:114]: Log pipe server stopped
2026-05-12 19:12:38,804 [INFO] [MainThread] [root/bar_manager.py:92]: Successfully loaded updated config and re-initialised all bars.
2026-05-12 19:12:38,850 [INFO] [MainThread] [root/bar_manager.py:110]: Stopping HotkeyListener...
2026-05-12 19:12:38,851 [INFO] [MainThread] [root/bar_manager.py:118]: Stopping SystemEventListener...
2026-05-12 19:12:39,216 [INFO] [MainThread] [root/log.py:104]: YASB v2.0.0
2026-05-12 19:12:39,216 [INFO] [CLIPipeServer] [cli_server/cli_server.py:216]: CLI server started v1.1.7
2026-05-12 19:12:39,217 [INFO] [MainThread] [cli_server/cli_server.py:106]: Log pipe server started
2026-05-12 19:12:39,242 [WARNING] [MainThread] [deprecation/deprecation.py:133]: [DEPRECATED] BarAlignment: 'center' - Use 'align' instead.
2026-05-12 19:12:39,274 [WARNING] [MainThread] [deprecation/deprecation.py:133]: [DEPRECATED] GlazewmWorkspacesConfig: 'hide_empty_workspaces' - No longer supported and can be removed from the config.
2026-05-12 19:12:39,567 [WARNING] [MainThread] [deprecation/deprecation.py:133]: [DEPRECATED] MediaWidgetConfig: 'label_shadow' - Use CSS text-shadow instead.
2026-05-12 19:12:39,586 [INFO] [MainThread] [root/service.py:52]: AudioOutputService starting...
2026-05-12 19:12:39,758 [INFO] [MainThread] [root/bar_manager.py:228]: Starting HotkeyListener...
2026-05-12 19:12:39,758 [INFO] [MainThread] [root/bar_manager.py:102]: Starting SystemEventListener...
2026-05-12 19:12:39,759 [INFO] [MainThread] [root/watcher.py:65]: Watching directory: c:\users\mathe\.config\yasb
2026-05-12 19:12:39,759 [INFO] [MainThread] [root/watcher.py:104]: Created file watcher
2026-05-12 19:12:39,774 [INFO] [MainThread] [root/update_service.py:434]: Background update checker started
2026-05-12 19:13:35,282 [WARNING] [MainThread] [deprecation/deprecation.py:133]: [DEPRECATED] BarAlignment: 'center' - Use 'align' instead.
2026-05-12 19:13:35,283 [INFO] [MainThread] [root/controller.py:21]: Reloading Application because of config change.
2026-05-12 19:13:35,394 [INFO] [MainThread] [cli_server/cli_server.py:114]: Log pipe server stopped
2026-05-12 19:13:35,397 [INFO] [MainThread] [root/bar_manager.py:92]: Successfully loaded updated config and re-initialised all bars.
2026-05-12 19:13:35,445 [INFO] [MainThread] [root/bar_manager.py:110]: Stopping HotkeyListener...
2026-05-12 19:13:35,447 [INFO] [MainThread] [root/bar_manager.py:118]: Stopping SystemEventListener...
2026-05-12 19:13:35,800 [INFO] [MainThread] [root/log.py:104]: YASB v2.0.0
2026-05-12 19:13:35,801 [INFO] [CLIPipeServer] [cli_server/cli_server.py:216]: CLI server started v1.1.7
2026-05-12 19:13:35,801 [INFO] [MainThread] [cli_server/cli_server.py:106]: Log pipe server started
2026-05-12 19:13:35,824 [WARNING] [MainThread] [deprecation/deprecation.py:133]: [DEPRECATED] BarAlignment: 'center' - Use 'align' instead.
2026-05-12 19:13:35,856 [WARNING] [MainThread] [deprecation/deprecation.py:133]: [DEPRECATED] GlazewmWorkspacesConfig: 'hide_empty_workspaces' - No longer supported and can be removed from the config.
2026-05-12 19:13:36,144 [WARNING] [MainThread] [deprecation/deprecation.py:133]: [DEPRECATED] MediaWidgetConfig: 'label_shadow' - Use CSS text-shadow instead.
2026-05-12 19:13:36,163 [INFO] [MainThread] [root/service.py:52]: AudioOutputService starting...
2026-05-12 19:13:36,334 [INFO] [MainThread] [root/bar_manager.py:228]: Starting HotkeyListener...
2026-05-12 19:13:36,334 [INFO] [MainThread] [root/bar_manager.py:102]: Starting SystemEventListener...
2026-05-12 19:13:36,335 [INFO] [MainThread] [root/watcher.py:65]: Watching directory: c:\users\mathe\.config\yasb
2026-05-12 19:13:36,335 [INFO] [MainThread] [root/watcher.py:104]: Created file watcher
2026-05-12 19:13:36,353 [INFO] [MainThread] [root/update_service.py:434]: Background update checker started
2026-05-12 19:31:08,427 [INFO] [MainThread] [root/log.py:104]: YASB v2.0.0
2026-05-12 19:31:08,484 [INFO] [CLIPipeServer] [cli_server/cli_server.py:216]: CLI server started v1.1.7
2026-05-12 19:31:08,484 [INFO] [CLIPipeServer] [cli_server/cli_server.py:216]: CLI server started v1.1.7
2026-05-12 19:31:08,485 [INFO] [MainThread] [cli_server/cli_server.py:106]: Log pipe server started
2026-05-12 19:31:08,485 [INFO] [MainThread] [cli_server/cli_server.py:106]: Log pipe server started
2026-05-12 19:31:08,485 [ERROR] [MainThread] [root/main.py:75]: Another instance of the YASB is already running.
2026-05-12 19:31:11,821 [WARNING] [MainThread] [deprecation/deprecation.py:133]: [DEPRECATED] BarAlignment: 'center' - Use 'align' instead.
2026-05-12 19:31:13,595 [WARNING] [MainThread] [deprecation/deprecation.py:133]: [DEPRECATED] GlazewmWorkspacesConfig: 'hide_empty_workspaces' - No longer supported and can be removed from the config.
2026-05-12 19:31:18,393 [WARNING] [MainThread] [deprecation/deprecation.py:133]: [DEPRECATED] MediaWidgetConfig: 'label_shadow' - Use CSS text-shadow instead.
2026-05-12 19:31:18,417 [INFO] [MainThread] [root/service.py:52]: AudioOutputService starting...
2026-05-12 19:31:19,494 [INFO] [MainThread] [root/bar_manager.py:228]: Starting HotkeyListener...
2026-05-12 19:31:19,494 [INFO] [MainThread] [root/bar_manager.py:102]: Starting SystemEventListener...
2026-05-12 19:31:19,495 [INFO] [MainThread] [root/watcher.py:65]: Watching directory: c:\users\mathe\.config\yasb
2026-05-12 19:31:19,495 [INFO] [MainThread] [root/watcher.py:104]: Created file watcher
2026-05-12 19:31:20,688 [INFO] [MainThread] [root/update_service.py:434]: Background update checker started
2026-05-12 19:33:44,577 [INFO] [CLIPipeServer] [cli_server/cli_server.py:257]: CLI server received command: stop
2026-05-12 19:33:44,577 [INFO] [CLIPipeServer] [root/controller.py:43]: Exiting Application from CLI...
2026-05-12 19:33:44,691 [INFO] [CLIPipeServer] [cli_server/cli_server.py:114]: Log pipe server stopped
2026-05-12 19:33:44,757 [INFO] [MainThread] [root/bar_manager.py:110]: Stopping HotkeyListener...
2026-05-12 19:33:44,758 [INFO] [MainThread] [root/bar_manager.py:118]: Stopping SystemEventListener...
2026-05-12 19:33:47,232 [INFO] [MainThread] [root/log.py:104]: YASB v2.0.0
2026-05-12 19:33:47,232 [INFO] [CLIPipeServer] [cli_server/cli_server.py:216]: CLI server started v1.1.7
2026-05-12 19:33:47,233 [INFO] [MainThread] [cli_server/cli_server.py:106]: Log pipe server started
2026-05-12 19:33:47,256 [WARNING] [MainThread] [deprecation/deprecation.py:133]: [DEPRECATED] BarAlignment: 'center' - Use 'align' instead.
2026-05-12 19:33:47,289 [WARNING] [MainThread] [deprecation/deprecation.py:133]: [DEPRECATED] GlazewmWorkspacesConfig: 'hide_empty_workspaces' - No longer supported and can be removed from the config.
2026-05-12 19:33:47,571 [WARNING] [MainThread] [deprecation/deprecation.py:133]: [DEPRECATED] MediaWidgetConfig: 'label_shadow' - Use CSS text-shadow instead.
2026-05-12 19:33:47,590 [INFO] [MainThread] [root/service.py:52]: AudioOutputService starting...
2026-05-12 19:33:47,786 [INFO] [MainThread] [root/bar_manager.py:228]: Starting HotkeyListener...
2026-05-12 19:33:47,787 [INFO] [MainThread] [root/bar_manager.py:102]: Starting SystemEventListener...
2026-05-12 19:33:47,788 [INFO] [MainThread] [root/watcher.py:65]: Watching directory: c:\users\mathe\.config\yasb
2026-05-12 19:33:47,788 [INFO] [MainThread] [root/watcher.py:104]: Created file watcher
2026-05-12 19:33:47,804 [INFO] [MainThread] [root/update_service.py:434]: Background update checker started
2026-05-12 23:54:31,345 [INFO] [MainThread] [root/controller.py:43]: Exiting Application...
2026-05-12 23:54:31,458 [INFO] [MainThread] [cli_server/cli_server.py:114]: Log pipe server stopped
2026-05-12 23:54:31,607 [INFO] [MainThread] [root/bar_manager.py:110]: Stopping HotkeyListener...
2026-05-12 23:54:31,611 [INFO] [MainThread] [root/bar_manager.py:118]: Stopping SystemEventListener...
2026-05-13 22:25:47,105 [INFO] [MainThread] [root/log.py:104]: YASB v2.0.0
2026-05-13 22:25:47,107 [INFO] [CLIPipeServer] [cli_server/cli_server.py:216]: CLI server started v1.1.7
2026-05-13 22:25:47,107 [INFO] [MainThread] [cli_server/cli_server.py:106]: Log pipe server started
2026-05-13 22:25:47,300 [WARNING] [MainThread] [deprecation/deprecation.py:133]: [DEPRECATED] BarAlignment: 'center' - Use 'align' instead.
2026-05-13 22:25:47,543 [WARNING] [MainThread] [deprecation/deprecation.py:133]: [DEPRECATED] GlazewmWorkspacesConfig: 'hide_empty_workspaces' - No longer supported and can be removed from the config.
2026-05-13 22:25:48,537 [WARNING] [MainThread] [deprecation/deprecation.py:133]: [DEPRECATED] MediaWidgetConfig: 'label_shadow' - Use CSS text-shadow instead.
2026-05-13 22:25:48,568 [INFO] [MainThread] [root/service.py:52]: AudioOutputService starting...
2026-05-13 22:25:48,905 [INFO] [MainThread] [root/bar_manager.py:228]: Starting HotkeyListener...
2026-05-13 22:25:48,906 [INFO] [MainThread] [root/bar_manager.py:102]: Starting SystemEventListener...
2026-05-13 22:25:48,906 [INFO] [MainThread] [root/watcher.py:65]: Watching directory: c:\users\mathe\.config\yasb
2026-05-13 22:25:48,907 [INFO] [MainThread] [root/watcher.py:104]: Created file watcher
2026-05-13 22:25:49,147 [INFO] [MainThread] [root/update_service.py:434]: Background update checker started
2026-05-14 00:20:19,125 [INFO] [MainThread] [root/controller.py:43]: Exiting Application...
2026-05-14 00:20:19,241 [INFO] [MainThread] [cli_server/cli_server.py:114]: Log pipe server stopped
2026-05-14 00:20:19,291 [INFO] [MainThread] [root/bar_manager.py:110]: Stopping HotkeyListener...
2026-05-14 00:20:19,292 [INFO] [MainThread] [root/bar_manager.py:118]: Stopping SystemEventListener...
2026-05-14 22:21:28,187 [INFO] [MainThread] [root/log.py:104]: YASB v2.0.0
2026-05-14 22:21:28,188 [INFO] [CLIPipeServer] [cli_server/cli_server.py:216]: CLI server started v1.1.7
2026-05-14 22:21:28,189 [INFO] [MainThread] [cli_server/cli_server.py:106]: Log pipe server started
2026-05-14 22:21:28,380 [WARNING] [MainThread] [deprecation/deprecation.py:133]: [DEPRECATED] BarAlignment: 'center' - Use 'align' instead.
2026-05-14 22:21:28,616 [WARNING] [MainThread] [deprecation/deprecation.py:133]: [DEPRECATED] GlazewmWorkspacesConfig: 'hide_empty_workspaces' - No longer supported and can be removed from the config.
2026-05-14 22:21:29,697 [WARNING] [MainThread] [deprecation/deprecation.py:133]: [DEPRECATED] MediaWidgetConfig: 'label_shadow' - Use CSS text-shadow instead.
2026-05-14 22:21:29,729 [INFO] [MainThread] [root/service.py:52]: AudioOutputService starting...
2026-05-14 22:21:30,076 [INFO] [MainThread] [root/bar_manager.py:228]: Starting HotkeyListener...
2026-05-14 22:21:30,076 [INFO] [MainThread] [root/bar_manager.py:102]: Starting SystemEventListener...
2026-05-14 22:21:30,077 [INFO] [MainThread] [root/watcher.py:65]: Watching directory: c:\users\mathe\.config\yasb
2026-05-14 22:21:30,078 [INFO] [MainThread] [root/watcher.py:104]: Created file watcher
2026-05-14 22:21:30,314 [INFO] [MainThread] [root/update_service.py:434]: Background update checker started
2026-05-14 23:10:13,156 [INFO] [MainThread] [root/controller.py:43]: Exiting Application...
2026-05-14 23:10:13,264 [INFO] [MainThread] [cli_server/cli_server.py:114]: Log pipe server stopped
2026-05-14 23:10:13,307 [INFO] [MainThread] [root/bar_manager.py:110]: Stopping HotkeyListener...
2026-05-14 23:10:13,309 [INFO] [MainThread] [root/bar_manager.py:118]: Stopping SystemEventListener...
2026-05-16 10:50:57,834 [INFO] [MainThread] [root/log.py:104]: YASB v2.0.0
2026-05-16 10:50:57,835 [INFO] [CLIPipeServer] [cli_server/cli_server.py:216]: CLI server started v1.1.7
2026-05-16 10:50:57,836 [INFO] [MainThread] [cli_server/cli_server.py:106]: Log pipe server started
2026-05-16 10:50:58,039 [WARNING] [MainThread] [deprecation/deprecation.py:133]: [DEPRECATED] BarAlignment: 'center' - Use 'align' instead.
2026-05-16 10:50:58,290 [WARNING] [MainThread] [deprecation/deprecation.py:133]: [DEPRECATED] GlazewmWorkspacesConfig: 'hide_empty_workspaces' - No longer supported and can be removed from the config.
2026-05-16 10:50:59,388 [WARNING] [MainThread] [deprecation/deprecation.py:133]: [DEPRECATED] MediaWidgetConfig: 'label_shadow' - Use CSS text-shadow instead.
2026-05-16 10:50:59,423 [INFO] [MainThread] [root/service.py:52]: AudioOutputService starting...
2026-05-16 10:50:59,777 [INFO] [MainThread] [root/bar_manager.py:228]: Starting HotkeyListener...
2026-05-16 10:50:59,777 [INFO] [MainThread] [root/bar_manager.py:102]: Starting SystemEventListener...
2026-05-16 10:50:59,779 [INFO] [MainThread] [root/watcher.py:65]: Watching directory: c:\users\mathe\.config\yasb
2026-05-16 10:50:59,779 [INFO] [MainThread] [root/watcher.py:104]: Created file watcher
2026-05-16 10:51:00,019 [INFO] [MainThread] [root/update_service.py:434]: Background update checker started
2026-05-16 10:52:56,374 [ERROR] [SystrayMonitor] [root/app_icons.py:282]: GetIconInfo failed: 0
2026-05-16 11:13:50,962 [INFO] [MainThread] [root/controller.py:43]: Exiting Application...
2026-05-16 11:13:51,077 [INFO] [MainThread] [cli_server/cli_server.py:114]: Log pipe server stopped
2026-05-16 11:13:51,184 [INFO] [MainThread] [root/bar_manager.py:110]: Stopping HotkeyListener...
2026-05-16 11:13:51,185 [INFO] [MainThread] [root/bar_manager.py:118]: Stopping SystemEventListener...
2026-05-16 16:01:27,990 [INFO] [MainThread] [root/log.py:104]: YASB v2.0.0
2026-05-16 16:01:27,992 [INFO] [CLIPipeServer] [cli_server/cli_server.py:216]: CLI server started v1.1.7
2026-05-16 16:01:27,992 [INFO] [MainThread] [cli_server/cli_server.py:106]: Log pipe server started
2026-05-16 16:01:28,190 [WARNING] [MainThread] [deprecation/deprecation.py:133]: [DEPRECATED] BarAlignment: 'center' - Use 'align' instead.
2026-05-16 16:01:28,435 [WARNING] [MainThread] [deprecation/deprecation.py:133]: [DEPRECATED] GlazewmWorkspacesConfig: 'hide_empty_workspaces' - No longer supported and can be removed from the config.
2026-05-16 16:01:29,375 [WARNING] [MainThread] [deprecation/deprecation.py:133]: [DEPRECATED] MediaWidgetConfig: 'label_shadow' - Use CSS text-shadow instead.
2026-05-16 16:01:29,407 [INFO] [MainThread] [root/service.py:52]: AudioOutputService starting...
2026-05-16 16:01:29,760 [INFO] [MainThread] [root/bar_manager.py:228]: Starting HotkeyListener...
2026-05-16 16:01:29,760 [INFO] [MainThread] [root/bar_manager.py:102]: Starting SystemEventListener...
2026-05-16 16:01:29,762 [INFO] [MainThread] [root/watcher.py:65]: Watching directory: c:\users\mathe\.config\yasb
2026-05-16 16:01:29,762 [INFO] [MainThread] [root/watcher.py:104]: Created file watcher
2026-05-16 16:01:30,012 [INFO] [MainThread] [root/update_service.py:434]: Background update checker started
2026-05-16 16:01:59,353 [ERROR] [SystrayMonitor] [root/app_icons.py:282]: GetIconInfo failed: 0
Windows fatal exception: code 0x800706f7

Thread 0x00003a38 [SystrayMonitor] (most recent call first):
  File "D:\a\yasb\yasb\src\core\widgets\services\systray\utils.py", line 145 in start_message_loop
  File "D:\a\yasb\yasb\src\core\widgets\services\systray\systray_monitor.py", line 99 in run
  File "D:\a\yasb\yasb\src\core\widgets\yasb\systray.py", line 65 in run

Thread 0x00003a24 [Thread-6] (most recent call first):
  File "C:\hostedtoolcache\windows\Python\3.14.4\x64\Lib\threading.py", line 369 in wait
  File "C:\hostedtoolcache\windows\Python\3.14.4\x64\Lib\queue.py", line 199 in get
  File "D:\a\yasb\yasb\venv\Lib\site-packages\watchdog\observers\api.py", line 379 in dispatch_events
  File "D:\a\yasb\yasb\venv\Lib\site-packages\watchdog\observers\api.py", line 213 in run
  File "C:\hostedtoolcache\windows\Python\3.14.4\x64\Lib\threading.py", line 1082 in _bootstrap_inner
  File "C:\hostedtoolcache\windows\Python\3.14.4\x64\Lib\threading.py", line 1044 in _bootstrap

Thread 0x00003a20 [Thread-7] (most recent call first):
  File "D:\a\yasb\yasb\venv\Lib\site-packages\watchdog\observers\winapi.py", line 326 in read_directory_changes
  File "D:\a\yasb\yasb\venv\Lib\site-packages\watchdog\observers\winapi.py", line 380 in read_events
  File "D:\a\yasb\yasb\venv\Lib\site-packages\watchdog\observers\read_directory_changes.py", line 67 in _read_events
  File "D:\a\yasb\yasb\venv\Lib\site-packages\watchdog\observers\read_directory_changes.py", line 70 in queue_events
  File "D:\a\yasb\yasb\venv\Lib\site-packages\watchdog\observers\api.py", line 158 in run
  File "C:\hostedtoolcache\windows\Python\3.14.4\x64\Lib\threading.py", line 1082 in _bootstrap_inner
  File "C:\hostedtoolcache\windows\Python\3.14.4\x64\Lib\threading.py", line 1044 in _bootstrap

Thread 0x00003a1c [SystemEventListener] (most recent call first):
  File "D:\a\yasb\yasb\src\core\utils\win32\event_listener.py", line 69 in run

Thread 0x00003a18 [HotkeyListener] (most recent call first):
  File "D:\a\yasb\yasb\src\core\utils\win32\hotkeys.py", line 252 in run

Thread 0x00003a08 [WiFiWorker] (most recent call first):
  File "D:\a\yasb\yasb\src\core\widgets\services\wifi\wifi_managers.py", line 150 in run

Thread 0x00003a04 [MemoryWorker] (most recent call first):
  File "D:\a\yasb\yasb\src\core\widgets\services\memory\memory_api.py", line 244 in run

Thread 0x00003a00 [CpuWorker] (most recent call first):
  File "D:\a\yasb\yasb\src\core\widgets\services\cpu\cpu_api.py", line 318 in run

Thread 0x000039cc [_EventWorker] (most recent call first):
  File "D:\a\yasb\yasb\venv\Lib\site-packages\qasync\_windows.py", line 147 in _poll
  File "D:\a\yasb\yasb\venv\Lib\site-packages\qasync\_windows.py", line 72 in select
  File "D:\a\yasb\yasb\venv\Lib\site-packages\qasync\_windows.py", line 199 in run

Thread 0x000039b0 [LogPipeServer] (most recent call first):
  File "D:\a\yasb\yasb\src\core\utils\win32\bindings\kernel32.py", line 288 in ConnectNamedPipe
  File "D:\a\yasb\yasb\src\core\utils\cli_server.py", line 138 in _run_server
  File "C:\hostedtoolcache\windows\Python\3.14.4\x64\Lib\threading.py", line 1024 in run
  File "C:\hostedtoolcache\windows\Python\3.14.4\x64\Lib\threading.py", line 1082 in _bootstrap_inner
  File "C:\hostedtoolcache\windows\Python\3.14.4\x64\Lib\threading.py", line 1044 in _bootstrap

Thread 0x000039ac [CLIPipeServer] (most recent call first):
  File "D:\a\yasb\yasb\src\core\utils\win32\bindings\kernel32.py", line 288 in ConnectNamedPipe
  File "D:\a\yasb\yasb\src\core\utils\cli_server.py", line 235 in _run_server
  File "C:\hostedtoolcache\windows\Python\3.14.4\x64\Lib\threading.py", line 1024 in run
  File "C:\hostedtoolcache\windows\Python\3.14.4\x64\Lib\threading.py", line 1082 in _bootstrap_inner
  File "C:\hostedtoolcache\windows\Python\3.14.4\x64\Lib\threading.py", line 1044 in _bootstrap

Current thread 0x0000391c (most recent call first):
  File "D:\a\yasb\yasb\src\core\widgets\yasb\active_window.py", line 337 in _update_window_title
  File "D:\a\yasb\yasb\src\core\widgets\yasb\active_window.py", line 237 in _on_focus_change_event
  File "D:\a\yasb\yasb\venv\Lib\site-packages\qasync\__init__.py", line 404 in run_forever
  File "D:\a\yasb\yasb\venv\Lib\site-packages\qasync\__init__.py", line 428 in run_until_complete
  File "main.py", line 98 in main
  File "main.py", line 188 in <module>
  File "D:\a\yasb\yasb\venv\Lib\site-packages\freeze_core\initscripts\console.py", line 27 in run
  File "D:\a\yasb\yasb\venv\Lib\site-packages\freeze_core\initscripts\__startup__.py", line 137 in run

Current thread's C stack trace (most recent call first):
  <cannot get C stack on this system>
2026-05-17 01:57:21,529 [INFO] [MainThread] [root/controller.py:43]: Exiting Application...
2026-05-17 01:57:21,645 [INFO] [MainThread] [cli_server/cli_server.py:114]: Log pipe server stopped
2026-05-17 01:57:21,730 [INFO] [MainThread] [root/bar_manager.py:110]: Stopping HotkeyListener...
2026-05-17 01:57:21,731 [INFO] [MainThread] [root/bar_manager.py:118]: Stopping SystemEventListener...
